Date,Product Category,Product Name,Region,Sales Rep,Quantity,Unit Price,Discount,Revenue,Cost,Profit,Customer ID,Order ID
2024-04-15,Home,Appliances,West,David Brown,19,124.6,0.28,1708.05,700.54,1007.51,CUST7599,ORD99598
2023-04-24,Clothing,Shoes,East,Bob Smith,14,735.63,0.25,7761.57,3346.32,4415.25,CUST9347,ORD15582
2024-07-28,Home,Furniture,North,Eve Wilson,15,651.83,0.11,8706.23,4706.29,3999.94,CUST9019,ORD78819
2024-07-03,Sports,Soccer,West,David Brown,9,220.25,0.09,1810.4,747.7,1062.7,CUST1671,ORD17691
2023-04-15,Books,Non-Fiction,North,Eve Wilson,15,201.95,0.07,2807.96,1373.3,1434.66,CUST6090,ORD74315
2024-02-23,Sports,Football,West,Carol Davis,7,866.86,0.13,5302.61,2395.75,2906.85,CUST1764,ORD25615
2023-03-24,Sports,Basketball,North,Eve Wilson,18,560.49,0.21,7957.4,3573.06,4384.33,CUST9634,ORD93739
2023-07-24,Sports,Soccer,West,Carol Davis,2,775.71,0.03,1498.06,732.51,765.55,CUST3044,ORD81866
2023-05-07,Books,History,West,Eve Wilson,15,946.0,0.02,13943.55,8680.45,5263.11,CUST7828,ORD72661
2024-03-06,Sports,Football,East,Carol Davis,13,476.24,0.24,4680.96,3081.59,1599.37,CUST4950,ORD47893
2024-06-14,Home,Garden,East,Eve Wilson,8,935.2,0.11,6666.09,4408.83,2257.26,CUST8656,ORD36796
2023-03-09,Clothing,Jacket,East,David Brown,20,546.61,0.04,10547.65,4830.55,5717.1,CUST5422,ORD58037
2024-04-09,Electronics,Camera,West,Alice Johnson,4,70.79,0.07,262.46,161.79,100.67,CUST5976,ORD26381
2023-11-22,Electronics,Laptop,South,David Brown,18,861.97,0.05,14724.94,9757.12,4967.82,CUST2816,ORD40846
2023-09-11,Electronics,Headphones,South,Alice Johnson,18,700.29,0.11,11244.24,6360.92,4883.32,CUST2474,ORD24032
2023-07-06,Electronics,Tablet,North,Bob Smith,8,407.72,0.11,2892.49,1552.82,1339.67,CUST4515,ORD84605
2024-03-30,Books,Fiction,Central,Bob Smith,18,463.14,0.01,8271.56,4628.97,3642.59,CUST6915,ORD80327
2023-10-15,Electronics,Camera,West,Bob Smith,20,690.3,0.19,11114.98,6035.15,5079.84,CUST9172,ORD22467
2023-12-05,Clothing,Jeans,East,Eve Wilson,18,777.66,0.12,12380.42,6593.8,5786.62,CUST1839,ORD53018
2023-08-13,Books,Non-Fiction,Central,Carol Davis,2,739.26,0.21,1163.53,520.46,643.08,CUST1949,ORD39930
2024-04-04,Clothing,Jeans,West,Eve Wilson,9,856.88,0.11,6866.12,4764.68,2101.44,CUST6736,ORD30617
2024-06-21,Clothing,Jeans,West,Carol Davis,18,41.2,0.02,726.36,365.37,360.99,CUST3265,ORD19910
2024-08-06,Sports,Football,West,Carol Davis,11,909.13,0.11,8864.78,3650.62,5214.16,CUST7724,ORD83502
2024-09-10,Books,Fiction,Central,Bob Smith,3,888.15,0.28,1924.1,1189.92,734.17,CUST8491,ORD62374
2023-02-12,Sports,Basketball,West,Alice Johnson,11,715.33,0.24,5963.27,3543.41,2419.86,CUST2206,ORD20461
2023-11-08,Books,History,North,David Brown,12,286.68,0.11,3068.44,1812.53,1255.91,CUST4458,ORD86442
2023-02-01,Sports,Golf,East,Carol Davis,6,477.49,0.09,2617.98,1509.69,1108.29,CUST9711,ORD88623
2024-01-05,Books,Non-Fiction,South,Eve Wilson,20,113.19,0.05,2161.89,1468.68,693.21,CUST1479,ORD30787
2024-08-14,Clothing,T-Shirt,East,David Brown,8,710.0,0.04,5475.1,2889.12,2585.97,CUST3791,ORD79103
2024-03-04,Clothing,Hat,Central,Eve Wilson,2,822.89,0.17,1359.49,563.24,796.25,CUST4877,ORD42086
2024-02-24,Sports,Soccer,Central,Carol Davis,6,647.0,0.28,2804.31,1749.13,1055.18,CUST4102,ORD28702
2024-04-24,Home,Appliances,West,Carol Davis,4,516.14,0.13,1791.69,995.28,796.41,CUST9682,ORD26893
2024-05-27,Books,Biography,West,Bob Smith,13,397.83,0.23,3979.43,2040.22,1939.21,CUST1571,ORD25401
2023-02-09,Home,Appliances,West,Alice Johnson,9,342.79,0.14,2643.85,1092.18,1551.67,CUST5402,ORD10729
2023-07-30,Electronics,Phone,West,Carol Davis,16,979.44,0.23,12108.9,5686.58,6422.32,CUST9275,ORD43136
2024-03-21,Electronics,Headphones,West,Bob Smith,11,155.44,0.15,1450.63,812.52,638.11,CUST7450,ORD72000
2024-01-09,Sports,Tennis,South,Carol Davis,13,374.81,0.03,4737.9,2961.99,1775.91,CUST5103,ORD20281
2023-04-12,Clothing,Jeans,South,Alice Johnson,7,223.98,0.07,1463.34,762.55,700.79,CUST2084,ORD10864
2023-11-27,Clothing,Hat,West,Bob Smith,18,594.21,0.13,9331.94,4825.86,4506.08,CUST8124,ORD61059
2024-07-03,Books,Non-Fiction,West,Eve Wilson,4,83.23,0.17,277.01,145.77,131.24,CUST2432,ORD68442
2024-03-25,Electronics,Camera,North,Eve Wilson,11,323.81,0.2,2861.1,1789.61,1071.48,CUST9448,ORD62239
2023-07-24,Sports,Basketball,South,Bob Smith,20,218.87,0.29,3128.82,1402.04,1726.78,CUST3351,ORD81432
2023-05-02,Books,Science,East,Carol Davis,5,453.81,0.23,1741.28,1020.33,720.94,CUST7993,ORD19370
2024-12-26,Electronics,Tablet,Central,Bob Smith,8,853.2,0.18,5603.19,3733.15,1870.04,CUST2937,ORD87076
2024-08-21,Electronics,Tablet,South,Carol Davis,16,239.27,0.18,3121.33,1767.85,1353.49,CUST9481,ORD98657
2023-07-06,Electronics,Headphones,North,Bob Smith,9,749.14,0.03,6510.76,4082.32,2428.45,CUST1162,ORD49703
2024-07-18,Clothing,Hat,Central,David Brown,14,928.03,0.06,12254.54,5457.43,6797.11,CUST2920,ORD88952
2023-01-25,Electronics,Laptop,Central,Eve Wilson,14,572.91,0.09,7325.39,2941.31,4384.08,CUST3358,ORD79214
2023-11-29,Clothing,Jeans,North,Eve Wilson,20,503.67,0.2,8074.06,3591.59,4482.48,CUST9103,ORD65984
2024-04-13,Electronics,Tablet,East,Bob Smith,15,561.82,0.0,8410.77,5489.1,2921.67,CUST8344,ORD68798
2024-01-21,Electronics,Phone,West,Eve Wilson,1,691.78,0.21,548.78,247.83,300.95,CUST8010,ORD63345
2023-05-25,Sports,Basketball,East,Alice Johnson,17,369.96,0.08,5813.57,3402.49,2411.08,CUST9077,ORD52981
2024-09-03,Electronics,Phone,East,David Brown,15,235.27,0.09,3226.28,2152.13,1074.15,CUST8432,ORD84535
2024-10-12,Sports,Soccer,East,Carol Davis,3,317.62,0.04,917.26,479.95,437.32,CUST6924,ORD80546
2023-09-11,Home,Garden,East,Carol Davis,2,163.74,0.24,249.6,128.61,120.98,CUST1279,ORD81179
2023-10-03,Books,Science,Central,Eve Wilson,12,623.44,0.2,6020.51,2640.1,3380.41,CUST1966,ORD77565
2024-10-03,Sports,Soccer,South,Eve Wilson,13,274.24,0.27,2618.29,1633.59,984.7,CUST6601,ORD29438
2024-01-31,Books,Fiction,South,Eve Wilson,9,361.33,0.0,3237.18,1700.59,1536.6,CUST9432,ORD26030
2024-10-08,Home,Furniture,South,Eve Wilson,20,821.85,0.22,12782.95,7222.95,5560.0,CUST7441,ORD67794
2024-08-05,Electronics,Tablet,North,Bob Smith,16,33.44,0.14,462.1,205.62,256.49,CUST4411,ORD28156
2023-06-01,Books,Fiction,Central,Eve Wilson,2,72.69,0.14,125.68,74.71,50.97,CUST4274,ORD43062
2023-06-21,Clothing,Jacket,North,Alice Johnson,10,481.85,0.13,4190.06,2644.14,1545.92,CUST8658,ORD29995
2024-07-05,Books,Non-Fiction,Central,David Brown,17,322.87,0.11,4885.32,2240.31,2645.01,CUST7688,ORD34758
2023-02-26,Clothing,Jeans,North,David Brown,14,159.62,0.3,1572.1,902.69,669.41,CUST7649,ORD71285
2023-11-17,Clothing,Hat,West,Alice Johnson,16,288.13,0.09,4177.13,2403.64,1773.49,CUST5683,ORD79834
2023-07-17,Books,Biography,North,Carol Davis,16,235.26,0.12,3305.2,1540.07,1765.13,CUST3083,ORD41723
2023-08-03,Books,Science,East,Bob Smith,5,299.02,0.03,1457.4,929.24,528.16,CUST2553,ORD43072
2023-03-26,Books,Non-Fiction,West,David Brown,6,686.6,0.15,3492.46,1790.76,1701.7,CUST2356,ORD39631
2024-03-30,Clothing,Hat,North,Eve Wilson,19,499.34,0.29,6770.48,3164.86,3605.61,CUST2988,ORD12888
2023-12-11,Sports,Football,East,Alice Johnson,12,701.8,0.08,7736.33,4487.82,3248.51,CUST8968,ORD31484
2024-03-31,Sports,Basketball,West,Alice Johnson,1,786.89,0.17,654.57,372.0,282.57,CUST9122,ORD77166
2024-02-03,Sports,Basketball,West,David Brown,5,526.18,0.11,2340.01,1616.5,723.51,CUST4205,ORD59815
2024-08-03,Sports,Basketball,East,David Brown,7,701.62,0.16,4144.91,2362.85,1782.07,CUST1832,ORD84199
2024-07-02,Clothing,Shoes,Central,Carol Davis,6,217.41,0.28,940.52,466.21,474.31,CUST2752,ORD49183
2024-08-10,Home,Kitchen,West,Carol Davis,6,29.71,0.13,155.59,102.18,53.41,CUST8513,ORD35503
2023-11-06,Clothing,Jeans,South,Bob Smith,6,968.11,0.03,5615.23,3437.2,2178.03,CUST3257,ORD36782
2023-02-14,Sports,Football,West,Eve Wilson,15,725.85,0.13,9440.68,4994.83,4445.85,CUST3690,ORD95134
2024-05-07,Books,Fiction,East,Carol Davis,2,264.83,0.03,514.88,313.62,201.26,CUST5076,ORD79295
2023-04-23,Books,History,West,Alice Johnson,4,443.36,0.23,1365.37,620.96,744.41,CUST8975,ORD54643
2023-02-14,Books,Fiction,East,David Brown,11,705.42,0.12,6863.39,4752.53,2110.86,CUST5283,ORD25917
2023-12-19,Books,Biography,South,Eve Wilson,20,614.54,0.13,10704.33,6380.03,4324.3,CUST4697,ORD27367
2024-01-01,Home,Furniture,North,Bob Smith,19,757.4,0.02,14038.95,6361.79,7677.16,CUST7598,ORD83358
2024-12-02,Sports,Basketball,East,Carol Davis,10,360.85,0.14,3118.71,1473.69,1645.02,CUST8690,ORD75620
2024-02-02,Sports,Football,Central,Carol Davis,10,290.6,0.23,2248.49,1048.56,1199.93,CUST2412,ORD79049
2023-01-16,Sports,Football,South,Carol Davis,7,179.59,0.2,1006.87,478.93,527.94,CUST1245,ORD57602
2023-03-03,Electronics,Laptop,Central,David Brown,4,751.02,0.06,2829.39,1961.42,867.98,CUST6564,ORD93995
2023-07-29,Clothing,Jacket,South,Carol Davis,15,377.06,0.04,5443.74,2902.76,2540.98,CUST2228,ORD40576
2023-12-07,Books,History,West,Eve Wilson,2,135.07,0.22,212.03,97.16,114.87,CUST5061,ORD88517
2023-02-04,Sports,Basketball,East,Alice Johnson,20,908.01,0.28,13119.07,8476.14,4642.94,CUST8411,ORD25456
2023-09-06,Sports,Tennis,Central,Eve Wilson,11,803.98,0.12,7786.38,4012.39,3773.99,CUST8568,ORD25436
2024-05-13,Books,Non-Fiction,East,Alice Johnson,10,656.79,0.01,6474.99,3230.19,3244.81,CUST3482,ORD40518
2023-04-08,Sports,Golf,North,Alice Johnson,1,422.87,0.14,363.74,218.5,145.24,CUST6687,ORD75440
2024-01-11,Electronics,Tablet,Central,Carol Davis,17,96.04,0.01,1623.96,729.5,894.46,CUST6862,ORD25007
2023-02-01,Sports,Football,South,Alice Johnson,9,581.28,0.05,4950.62,2649.62,2300.99,CUST3726,ORD69977
2023-05-29,Sports,Basketball,Central,Bob Smith,16,416.35,0.05,6318.69,3973.52,2345.17,CUST3138,ORD68592
2024-04-08,Electronics,Headphones,Central,Bob Smith,2,476.5,0.21,754.53,426.85,327.68,CUST3125,ORD30538
2024-11-17,Books,Fiction,West,David Brown,11,704.82,0.07,7202.76,4754.7,2448.06,CUST8372,ORD78065
2024-12-18,Sports,Football,East,Alice Johnson,1,295.27,0.14,252.52,107.45,145.07,CUST9824,ORD59873
2023-12-30,Clothing,Jacket,West,Carol Davis,4,464.99,0.1,1676.86,1100.54,576.33,CUST5661,ORD63315
2024-03-13,Sports,Basketball,East,Alice Johnson,2,420.55,0.1,758.95,380.82,378.13,CUST6772,ORD89634
2023-12-15,Sports,Basketball,West,David Brown,7,582.62,0.17,3391.73,1786.34,1605.39,CUST9098,ORD81223
2023-08-31,Home,Appliances,Central,Carol Davis,18,425.4,0.01,7599.04,3315.26,4283.78,CUST7356,ORD99508
2024-02-25,Books,Non-Fiction,East,Eve Wilson,18,700.53,0.09,11534.65,5937.25,5597.4,CUST7266,ORD43367
2023-08-17,Electronics,Tablet,North,Carol Davis,9,791.84,0.03,6919.44,3789.12,3130.32,CUST7204,ORD37211
2023-11-22,Electronics,Headphones,South,Carol Davis,19,831.94,0.17,13085.12,8448.12,4637.0,CUST1076,ORD24305
2023-04-01,Clothing,Hat,North,Alice Johnson,20,505.34,0.08,9332.92,3928.29,5404.62,CUST3142,ORD59448
2023-07-04,Home,Kitchen,North,David Brown,7,72.95,0.15,431.93,261.07,170.86,CUST1941,ORD20055
2023-01-16,Clothing,T-Shirt,North,Carol Davis,2,311.12,0.25,466.32,237.64,228.68,CUST1117,ORD65591
2024-10-18,Books,Biography,South,Bob Smith,18,322.73,0.21,4563.99,2148.97,2415.02,CUST6647,ORD84132
2024-10-28,Books,History,West,David Brown,20,572.56,0.26,8432.2,3963.07,4469.13,CUST2022,ORD21843
2024-05-05,Electronics,Tablet,East,Eve Wilson,16,533.33,0.16,7205.24,3819.38,3385.87,CUST2521,ORD54404
2023-12-16,Electronics,Camera,North,Bob Smith,4,228.81,0.01,902.21,480.26,421.95,CUST1683,ORD57824
2024-04-16,Clothing,Hat,North,Bob Smith,12,471.51,0.11,5013.89,2450.52,2563.37,CUST6567,ORD48444
2024-07-07,Electronics,Headphones,North,Alice Johnson,19,473.77,0.1,8073.32,5206.42,2866.9,CUST4199,ORD28759
2023-06-22,Sports,Basketball,North,Alice Johnson,20,356.39,0.1,6418.65,3315.15,3103.5,CUST1224,ORD30803
2023-01-17,Clothing,Jeans,South,Eve Wilson,9,195.33,0.27,1275.5,883.15,392.35,CUST7433,ORD94337
2024-08-23,Home,Furniture,East,Eve Wilson,17,786.32,0.06,12571.2,6512.23,6058.97,CUST3450,ORD45804
2023-12-15,Home,Garden,North,Bob Smith,16,14.6,0.18,192.64,102.64,90.0,CUST7516,ORD38924
2023-02-16,Books,Biography,East,David Brown,6,122.67,0.22,576.79,368.04,208.75,CUST4311,ORD76685
2024-09-13,Sports,Basketball,Central,Carol Davis,12,502.44,0.1,5401.26,3128.17,2273.09,CUST6099,ORD26870
2023-08-04,Electronics,Laptop,South,Alice Johnson,3,535.41,0.01,1588.49,797.71,790.78,CUST5800,ORD31932
2023-03-10,Clothing,Jacket,South,David Brown,7,267.2,0.08,1728.78,1035.11,693.67,CUST6022,ORD87986
2023-03-27,Books,Biography,Central,Carol Davis,4,591.61,0.02,2308.68,1586.77,721.9,CUST9373,ORD20320
2024-03-01,Clothing,Shoes,West,Alice Johnson,19,742.32,0.14,12098.04,7024.93,5073.11,CUST9403,ORD38825
2023-05-01,Electronics,Tablet,East,David Brown,13,99.94,0.12,1137.17,593.66,543.51,CUST9663,ORD73987
2023-03-11,Electronics,Headphones,West,David Brown,14,353.86,0.08,4543.84,3022.45,1521.4,CUST6404,ORD87950
2023-01-27,Sports,Golf,East,Alice Johnson,3,604.64,0.11,1618.47,955.28,663.19,CUST7384,ORD66820
2023-01-29,Electronics,Tablet,North,Alice Johnson,4,295.64,0.02,1164.2,575.22,588.98,CUST9536,ORD81453
2023-01-20,Home,Kitchen,West,David Brown,14,66.38,0.13,804.57,517.7,286.88,CUST2257,ORD10143
2023-03-17,Clothing,T-Shirt,Central,Bob Smith,15,56.13,0.26,619.93,250.99,368.94,CUST5832,ORD47837
2024-08-12,Clothing,T-Shirt,South,Eve Wilson,4,936.03,0.05,3574.6,2304.47,1270.13,CUST3424,ORD99535
2024-10-25,Sports,Tennis,East,David Brown,7,963.35,0.14,5773.35,3677.09,2096.27,CUST4624,ORD89191
2023-02-26,Sports,Soccer,Central,Carol Davis,12,505.95,0.24,4587.67,3072.84,1514.83,CUST3939,ORD32216
2024-05-28,Books,Non-Fiction,South,Alice Johnson,12,55.09,0.11,589.14,320.67,268.47,CUST5424,ORD49734
2023-08-03,Home,Kitchen,South,Bob Smith,8,835.49,0.21,5294.05,2165.03,3129.02,CUST2075,ORD69178
2023-04-06,Home,Appliances,South,Carol Davis,8,165.75,0.17,1097.46,761.7,335.75,CUST5949,ORD72295
2024-01-19,Sports,Tennis,North,Eve Wilson,13,977.87,0.29,9084.13,3889.04,5195.09,CUST9390,ORD74266
2024-06-21,Electronics,Camera,Central,David Brown,19,537.45,0.2,8123.5,4064.6,4058.9,CUST3117,ORD86154
2024-04-18,Electronics,Laptop,South,Bob Smith,6,747.48,0.26,3336.28,2082.17,1254.11,CUST3577,ORD95887
2023-04-18,Home,Appliances,Central,Eve Wilson,1,122.91,0.1,110.86,48.24,62.63,CUST2228,ORD58434
2023-02-08,Books,Fiction,East,Carol Davis,4,857.33,0.07,3192.45,1282.28,1910.17,CUST5059,ORD18156
2024-07-23,Clothing,Jeans,North,Eve Wilson,11,671.32,0.14,6353.5,2962.82,3390.67,CUST3267,ORD44503
2023-04-24,Sports,Basketball,North,Alice Johnson,15,795.49,0.25,8911.85,5946.78,2965.06,CUST6434,ORD94503
2023-02-24,Electronics,Tablet,West,Bob Smith,19,630.28,0.28,8577.0,5985.49,2591.51,CUST5281,ORD93747
2024-04-19,Sports,Golf,North,Alice Johnson,3,759.96,0.23,1760.58,905.4,855.18,CUST5533,ORD35540
2024-11-30,Home,Garden,North,David Brown,13,439.41,0.0,5697.83,2589.04,3108.79,CUST8548,ORD59234
2023-03-29,Sports,Soccer,North,Eve Wilson,5,325.72,0.15,1377.27,580.73,796.54,CUST6413,ORD44661
2024-08-09,Electronics,Headphones,North,Alice Johnson,4,925.79,0.29,2629.03,1479.72,1149.31,CUST7518,ORD86996
2024-04-19,Sports,Soccer,Central,David Brown,15,696.75,0.29,7389.56,3585.56,3804.0,CUST8570,ORD36264
2023-12-02,Clothing,Shoes,Central,Carol Davis,10,947.4,0.14,8158.41,4318.37,3840.04,CUST8782,ORD64729
2023-03-29,Home,Decor,North,David Brown,13,885.19,0.05,10982.58,6529.51,4453.07,CUST7328,ORD20758
2023-09-30,Electronics,Headphones,East,David Brown,16,628.14,0.12,8824.91,5524.07,3300.84,CUST3426,ORD60034
2023-07-10,Sports,Golf,Central,Bob Smith,1,585.48,0.1,527.21,255.5,271.72,CUST1518,ORD75839
2024-03-11,Books,Biography,North,David Brown,14,185.46,0.11,2315.89,1427.6,888.29,CUST6050,ORD92664
2024-11-22,Home,Decor,East,Bob Smith,15,72.33,0.07,1004.93,532.14,472.79,CUST9581,ORD81905
2023-11-30,Sports,Tennis,West,Eve Wilson,8,651.31,0.05,4926.06,2863.03,2063.03,CUST7496,ORD42286
2023-12-24,Clothing,T-Shirt,South,Alice Johnson,4,197.04,0.22,617.03,279.23,337.8,CUST5204,ORD78871
2023-11-25,Home,Furniture,North,David Brown,18,139.16,0.17,2086.68,1026.71,1059.97,CUST6481,ORD19353
2023-12-12,Electronics,Camera,West,Alice Johnson,10,680.03,0.04,6522.5,3782.45,2740.05,CUST5965,ORD21424
2024-09-14,Books,Non-Fiction,South,Alice Johnson,17,569.84,0.17,8076.5,4980.54,3095.96,CUST8999,ORD25921
2024-04-22,Electronics,Headphones,South,Bob Smith,1,65.88,0.18,54.07,26.54,27.53,CUST3495,ORD40170
2024-06-23,Electronics,Tablet,North,Carol Davis,17,410.79,0.15,5931.44,4112.21,1819.23,CUST1350,ORD75251
2024-03-29,Books,Non-Fiction,South,David Brown,15,109.12,0.11,1455.3,769.56,685.74,CUST6697,ORD77453
2024-02-16,Home,Kitchen,East,Alice Johnson,2,613.14,0.08,1124.21,659.37,464.84,CUST3074,ORD47004
2023-10-13,Books,Fiction,South,Bob Smith,16,591.55,0.21,7482.28,3822.92,3659.36,CUST1944,ORD88796
2024-01-25,Books,History,Central,Alice Johnson,10,221.69,0.11,1980.35,1165.58,814.77,CUST9494,ORD15311
2023-11-29,Sports,Golf,North,Carol Davis,16,858.7,0.06,12858.42,6364.86,6493.57,CUST8205,ORD74186
2023-04-22,Home,Decor,Central,Alice Johnson,3,569.79,0.25,1279.63,862.08,417.56,CUST3131,ORD95602
2024-02-27,Home,Appliances,Central,Alice Johnson,3,310.4,0.15,787.75,478.06,309.69,CUST8986,ORD42242
2024-08-04,Electronics,Tablet,South,Alice Johnson,11,22.83,0.09,228.7,136.8,91.9,CUST8665,ORD75102
2024-07-07,Clothing,Jeans,West,David Brown,5,333.31,0.17,1381.13,927.69,453.44,CUST5301,ORD22718
2023-03-10,Home,Garden,West,Alice Johnson,11,101.09,0.26,825.75,529.97,295.79,CUST5910,ORD37520
2023-04-11,Clothing,Shoes,East,David Brown,2,680.24,0.01,1352.46,863.04,489.43,CUST1925,ORD10251
2024-02-27,Sports,Soccer,South,Carol Davis,10,502.01,0.3,3522.36,2329.19,1193.17,CUST2884,ORD43050
2024-03-14,Sports,Golf,North,Alice Johnson,19,208.73,0.07,3675.82,1934.55,1741.27,CUST1577,ORD61023
2023-07-16,Electronics,Camera,South,David Brown,19,907.15,0.17,14232.01,6850.48,7381.53,CUST6991,ORD90218
2024-08-06,Home,Garden,North,David Brown,15,453.8,0.23,5226.98,2166.53,3060.45,CUST5201,ORD31158
2023-05-04,Sports,Basketball,West,Bob Smith,9,55.17,0.02,487.87,246.72,241.15,CUST7339,ORD69278
2024-02-14,Electronics,Laptop,West,Eve Wilson,8,944.07,0.11,6687.22,4590.68,2096.53,CUST7400,ORD36090
2024-09-07,Clothing,T-Shirt,West,Eve Wilson,15,863.4,0.13,11274.62,4537.06,6737.56,CUST7176,ORD50768
2024-05-19,Sports,Soccer,East,Alice Johnson,2,100.22,0.22,155.49,78.05,77.45,CUST5236,ORD26016
2023-03-28,Home,Garden,North,Carol Davis,15,514.21,0.03,7461.07,4375.37,3085.7,CUST7135,ORD79478
2024-11-23,Sports,Golf,Central,David Brown,6,962.9,0.27,4245.62,2064.92,2180.7,CUST9838,ORD91476
2023-11-11,Electronics,Tablet,South,David Brown,19,403.76,0.28,5554.26,2623.12,2931.13,CUST2825,ORD78661
2023-02-19,Sports,Golf,South,Carol Davis,1,883.47,0.15,753.98,458.36,295.61,CUST2606,ORD57007
2024-01-10,Home,Furniture,West,Bob Smith,2,973.14,0.29,1377.07,556.29,820.78,CUST5566,ORD96875
2024-08-26,Sports,Soccer,North,Alice Johnson,16,461.75,0.01,7310.0,3507.3,3802.7,CUST3856,ORD55295
2023-08-17,Electronics,Laptop,East,Alice Johnson,14,729.17,0.19,8240.59,4811.94,3428.64,CUST6077,ORD95719
2023-03-26,Sports,Football,Central,Eve Wilson,16,519.3,0.21,6603.48,3077.05,3526.43,CUST2139,ORD19561
2024-08-07,Clothing,Shoes,South,Eve Wilson,16,983.04,0.17,13022.59,7266.39,5756.2,CUST1406,ORD46694
2024-08-30,Clothing,Jeans,East,Carol Davis,11,923.45,0.22,7970.87,4557.73,3413.14,CUST3364,ORD46056
2024-12-09,Home,Appliances,Central,Bob Smith,4,813.8,0.06,3075.52,1653.8,1421.72,CUST7609,ORD58778
2024-02-20,Electronics,Camera,South,Eve Wilson,4,73.18,0.24,222.75,154.39,68.36,CUST2342,ORD19111
2024-03-04,Books,Fiction,West,Alice Johnson,4,884.13,0.09,3225.84,1857.76,1368.08,CUST2335,ORD69516
2023-11-04,Electronics,Phone,North,Carol Davis,2,160.56,0.11,284.66,133.31,151.34,CUST6075,ORD41601
2024-12-20,Books,Non-Fiction,North,Eve Wilson,10,759.22,0.1,6829.44,3441.11,3388.33,CUST2354,ORD72360
2023-07-27,Home,Garden,East,Eve Wilson,16,807.44,0.01,12843.42,6705.57,6137.86,CUST8248,ORD61547
2023-08-29,Sports,Tennis,Central,David Brown,2,124.01,0.13,216.88,140.49,76.39,CUST2944,ORD38226
2023-07-06,Home,Appliances,East,Bob Smith,6,143.98,0.13,751.89,403.56,348.33,CUST3441,ORD50139
2024-11-20,Sports,Golf,West,Bob Smith,4,72.95,0.21,230.88,104.62,126.26,CUST2340,ORD50569
2024-05-16,Home,Furniture,West,Bob Smith,4,549.38,0.04,2099.63,906.04,1193.59,CUST4924,ORD95038
2024-06-04,Clothing,T-Shirt,East,Eve Wilson,1,105.12,0.13,90.97,48.22,42.76,CUST1500,ORD18464
2024-11-29,Electronics,Phone,South,Alice Johnson,11,124.35,0.16,1152.33,505.99,646.34,CUST6991,ORD74855
2024-10-03,Sports,Golf,South,David Brown,20,873.06,0.2,14004.49,8827.6,5176.89,CUST4566,ORD95753
2023-07-13,Home,Garden,North,Alice Johnson,20,239.63,0.13,4175.66,2142.09,2033.57,CUST5481,ORD65967
2024-04-02,Clothing,T-Shirt,West,Alice Johnson,20,923.31,0.24,14066.03,9557.41,4508.62,CUST8125,ORD13113
2023-10-07,Sports,Football,East,Bob Smith,4,253.8,0.15,867.13,563.99,303.14,CUST1738,ORD58312
2024-01-22,Books,Biography,South,Eve Wilson,2,281.69,0.14,486.2,254.44,231.76,CUST7166,ORD62045
2024-10-29,Electronics,Tablet,North,Eve Wilson,11,928.51,0.28,7334.25,4716.95,2617.3,CUST9943,ORD84090
2023-09-06,Clothing,T-Shirt,West,Carol Davis,8,804.51,0.24,4918.54,2153.9,2764.64,CUST8297,ORD63245
2024-08-17,Sports,Soccer,West,Carol Davis,19,170.91,0.28,2347.08,1251.56,1095.52,CUST7485,ORD51524
2023-11-16,Electronics,Headphones,East,Carol Davis,17,284.33,0.03,4668.42,3158.83,1509.59,CUST9949,ORD24138
2024-04-14,Home,Kitchen,South,David Brown,5,110.04,0.25,410.46,241.06,169.4,CUST6531,ORD56112
2023-12-27,Sports,Football,North,Eve Wilson,3,631.93,0.16,1596.85,1037.04,559.81,CUST7094,ORD19950
2023-11-17,Home,Garden,East,Bob Smith,6,75.91,0.2,364.84,174.7,190.13,CUST9304,ORD22855
2024-05-02,Books,Non-Fiction,Central,David Brown,3,634.55,0.12,1680.32,773.35,906.97,CUST2152,ORD88966
2023-12-18,Home,Appliances,South,Bob Smith,14,636.97,0.24,6807.09,4307.29,2499.8,CUST2541,ORD74243
2023-07-18,Clothing,Jacket,Central,David Brown,11,796.4,0.19,7099.44,4221.35,2878.09,CUST4850,ORD79268
2023-01-23,Sports,Tennis,South,David Brown,7,975.71,0.07,6337.85,3037.37,3300.48,CUST1689,ORD82620
2024-02-16,Sports,Football,West,Alice Johnson,1,653.26,0.07,608.21,376.01,232.21,CUST2691,ORD93321
2023-06-26,Sports,Basketball,North,Bob Smith,15,826.04,0.1,11128.04,7304.91,3823.12,CUST7338,ORD94566
2023-02-05,Sports,Football,West,Bob Smith,3,979.45,0.26,2173.98,912.44,1261.54,CUST9917,ORD93402
2024-03-07,Electronics,Phone,Central,David Brown,15,569.71,0.25,6396.63,4061.65,2334.98,CUST8035,ORD88933
2023-03-09,Sports,Football,East,Carol Davis,11,632.67,0.1,6297.13,2957.5,3339.62,CUST6701,ORD16111
2023-04-23,Electronics,Phone,Central,Bob Smith,6,340.98,0.22,1592.55,764.23,828.32,CUST3912,ORD96212
2023-02-27,Home,Decor,West,Eve Wilson,10,993.7,0.08,9177.37,3998.53,5178.84,CUST1802,ORD19754
2024-01-18,Books,History,East,Bob Smith,13,737.57,0.17,7951.42,3530.2,4421.22,CUST3003,ORD42217
2024-08-11,Books,History,North,Bob Smith,16,692.18,0.2,8903.47,3584.32,5319.15,CUST9544,ORD32248
2024-10-16,Books,Non-Fiction,Central,Bob Smith,10,506.99,0.28,3648.13,2384.8,1263.34,CUST1193,ORD69196
2023-02-10,Home,Furniture,West,Carol Davis,16,338.42,0.15,4577.64,2372.88,2204.77,CUST6801,ORD83862
2024-08-04,Clothing,Jeans,Central,David Brown,1,543.99,0.02,531.38,340.31,191.06,CUST9998,ORD58170
2024-12-31,Sports,Golf,West,Bob Smith,6,752.27,0.11,3999.84,1661.12,2338.73,CUST7107,ORD27942
2024-08-23,Books,Science,North,Bob Smith,9,208.86,0.06,1766.72,925.8,840.92,CUST6220,ORD41552
2024-09-03,Electronics,Headphones,North,David Brown,13,129.08,0.05,1588.4,877.45,710.95,CUST9698,ORD79393
2024-05-03,Electronics,Phone,East,Eve Wilson,11,143.36,0.16,1317.75,527.99,789.76,CUST6344,ORD35512
2024-10-04,Books,Non-Fiction,East,Bob Smith,19,702.56,0.05,12747.72,7507.09,5240.63,CUST2700,ORD66205
2024-11-11,Electronics,Tablet,East,Eve Wilson,7,996.71,0.0,6967.87,2947.18,4020.68,CUST6610,ORD91088
2024-06-10,Electronics,Laptop,South,Carol Davis,13,500.5,0.15,5545.82,2791.81,2754.01,CUST9729,ORD28076
2023-10-10,Sports,Tennis,Central,David Brown,1,775.8,0.18,638.77,373.06,265.71,CUST9358,ORD51957
2023-07-17,Sports,Golf,North,Bob Smith,12,423.24,0.13,4419.29,2115.05,2304.25,CUST2668,ORD11467
2023-10-27,Sports,Golf,South,David Brown,12,620.5,0.06,6962.5,4832.98,2129.52,CUST2039,ORD77830
2024-12-22,Electronics,Phone,South,Eve Wilson,6,85.26,0.25,381.66,174.84,206.82,CUST7061,ORD27213
2024-04-26,Home,Kitchen,East,Carol Davis,19,601.95,0.27,8336.55,3740.82,4595.73,CUST3387,ORD36215
2024-06-23,Clothing,T-Shirt,Central,Alice Johnson,15,303.56,0.03,4395.71,2108.45,2287.26,CUST1630,ORD15648
2023-08-05,Clothing,Hat,East,David Brown,12,930.34,0.21,8796.76,5787.96,3008.8,CUST4874,ORD11048
2023-11-19,Home,Kitchen,North,David Brown,15,533.14,0.15,6778.02,3489.78,3288.24,CUST8642,ORD97727
2024-05-01,Electronics,Tablet,South,Alice Johnson,7,85.57,0.06,560.39,270.96,289.43,CUST9909,ORD12633
2023-08-11,Books,Science,Central,David Brown,11,238.54,0.24,2005.8,1360.65,645.15,CUST5168,ORD49342
2024-05-19,Electronics,Tablet,South,Alice Johnson,1,263.94,0.04,253.2,169.58,83.62,CUST7619,ORD54391
2024-12-01,Books,Science,West,Alice Johnson,12,228.98,0.29,1940.06,799.81,1140.24,CUST2104,ORD94839
2023-10-18,Electronics,Camera,East,David Brown,14,183.88,0.25,1930.24,972.98,957.26,CUST9114,ORD79286
2024-07-07,Home,Furniture,East,Carol Davis,7,700.91,0.27,3557.6,1768.44,1789.16,CUST8056,ORD20854
2024-10-22,Clothing,Jeans,North,Eve Wilson,8,815.96,0.04,6247.73,3957.26,2290.47,CUST3527,ORD91060
2023-12-12,Sports,Soccer,South,Eve Wilson,11,68.17,0.01,742.83,519.29,223.55,CUST9706,ORD12337
2024-07-01,Electronics,Phone,South,Bob Smith,13,800.33,0.05,9922.33,4728.23,5194.1,CUST7755,ORD16148
2024-06-24,Home,Decor,South,Carol Davis,17,277.44,0.17,3927.77,2508.56,1419.21,CUST6257,ORD46221
2023-05-31,Home,Decor,North,Carol Davis,10,730.39,0.03,7075.22,3316.29,3758.93,CUST8137,ORD30454
2024-10-11,Home,Garden,North,Alice Johnson,12,380.87,0.01,4521.59,2000.47,2521.11,CUST1330,ORD88410
2023-07-12,Sports,Golf,Central,Alice Johnson,15,342.59,0.16,4326.13,2814.52,1511.61,CUST5083,ORD56505
2023-07-23,Sports,Tennis,North,Bob Smith,2,78.38,0.06,146.93,71.6,75.33,CUST8082,ORD70036
2024-02-14,Sports,Soccer,East,Carol Davis,18,82.01,0.18,1207.01,754.97,452.04,CUST1014,ORD67829
2024-03-28,Home,Appliances,North,Alice Johnson,5,652.9,0.15,2779.61,1376.79,1402.82,CUST3118,ORD55579
2024-08-26,Electronics,Camera,North,Eve Wilson,18,737.3,0.17,10956.55,6134.65,4821.89,CUST2377,ORD57419
2023-01-15,Books,History,East,Alice Johnson,9,308.18,0.12,2448.64,1376.62,1072.03,CUST9032,ORD61609
2023-06-30,Home,Appliances,Central,Bob Smith,2,599.58,0.24,917.25,526.61,390.64,CUST6640,ORD63198
2023-12-06,Sports,Football,South,David Brown,3,15.44,0.18,38.12,18.03,20.09,CUST9675,ORD49560
2024-01-24,Electronics,Camera,North,Alice Johnson,6,755.79,0.09,4128.1,1700.01,2428.09,CUST2505,ORD47483
2023-04-05,Clothing,Shoes,West,Bob Smith,18,663.15,0.22,9254.33,4031.41,5222.92,CUST8149,ORD52464
2023-12-20,Home,Garden,West,Bob Smith,16,862.55,0.2,11014.8,7121.94,3892.86,CUST2757,ORD84064
2023-05-28,Sports,Basketball,East,Alice Johnson,10,58.01,0.24,440.11,268.83,171.28,CUST1349,ORD95744
2024-06-22,Electronics,Tablet,East,Carol Davis,16,262.06,0.01,4167.85,2213.69,1954.17,CUST8066,ORD21470
2024-11-17,Electronics,Tablet,North,Eve Wilson,10,927.85,0.04,8863.74,5926.76,2936.98,CUST8822,ORD12401
2024-04-22,Electronics,Phone,West,David Brown,12,865.59,0.08,9557.39,5431.37,4126.02,CUST3177,ORD19168
2023-01-31,Books,Non-Fiction,Central,Eve Wilson,15,522.79,0.19,6349.93,3036.69,3313.24,CUST4802,ORD48115
2024-10-13,Electronics,Tablet,West,Bob Smith,13,619.11,0.07,7457.42,4185.59,3271.83,CUST7822,ORD39924
2024-11-02,Home,Furniture,North,Bob Smith,4,340.9,0.21,1074.48,467.24,607.25,CUST1341,ORD21208
2023-02-23,Sports,Basketball,West,Carol Davis,15,612.99,0.07,8586.6,3653.08,4933.52,CUST7163,ORD23942
2024-11-14,Books,Science,West,Eve Wilson,14,549.57,0.02,7547.02,4725.31,2821.7,CUST7119,ORD90182
2024-09-18,Books,Biography,Central,David Brown,12,772.5,0.17,7724.04,3612.61,4111.43,CUST6983,ORD93222
2023-09-09,Sports,Football,East,Alice Johnson,3,694.69,0.19,1686.79,884.71,802.08,CUST9031,ORD59707
2023-06-15,Books,Science,West,Carol Davis,7,943.02,0.27,4815.55,2537.43,2278.12,CUST1429,ORD75151
2024-01-16,Books,Biography,North,Eve Wilson,17,738.02,0.25,9429.63,5988.29,3441.34,CUST9414,ORD99460
2024-10-10,Clothing,T-Shirt,North,Bob Smith,13,408.67,0.09,4843.26,3387.34,1455.91,CUST2963,ORD91024
2024-10-02,Sports,Football,South,Alice Johnson,13,203.34,0.23,2038.05,1176.17,861.88,CUST7549,ORD84532
2024-11-18,Sports,Basketball,South,David Brown,4,117.01,0.11,418.44,232.19,186.25,CUST6499,ORD94519
2024-12-27,Books,Fiction,South,Alice Johnson,20,725.72,0.27,10622.86,4611.28,6011.58,CUST7384,ORD66466
2024-08-22,Home,Garden,East,David Brown,6,203.38,0.11,1086.95,659.69,427.26,CUST8801,ORD80552
2023-04-26,Home,Appliances,East,Carol Davis,20,529.44,0.21,8341.1,4770.1,3571.0,CUST4279,ORD61934
2024-11-02,Books,Fiction,West,Alice Johnson,16,662.83,0.1,9514.26,5723.18,3791.08,CUST5873,ORD97599
2024-01-14,Sports,Golf,West,David Brown,7,794.69,0.09,5070.69,2416.53,2654.16,CUST3154,ORD25826
2023-06-11,Electronics,Laptop,North,Carol Davis,8,413.42,0.04,3159.58,1603.18,1556.4,CUST6039,ORD74625
2023-10-15,Electronics,Headphones,Central,Bob Smith,16,814.61,0.21,10297.43,5314.44,4982.99,CUST8260,ORD86556
2024-02-02,Electronics,Laptop,North,Bob Smith,2,615.3,0.01,1213.71,811.52,402.2,CUST6465,ORD12145
2024-09-01,Clothing,Hat,South,David Brown,8,443.8,0.02,3495.13,2416.06,1079.07,CUST8215,ORD66960
2023-03-21,Home,Kitchen,Central,Bob Smith,17,893.42,0.26,11171.65,4551.39,6620.27,CUST9880,ORD75305
2024-02-09,Home,Furniture,South,Carol Davis,7,10.75,0.27,54.8,33.21,21.59,CUST9579,ORD22368
2023-07-12,Books,Non-Fiction,East,Eve Wilson,2,585.16,0.21,921.55,574.08,347.47,CUST4883,ORD70338
2024-06-14,Clothing,Hat,South,Alice Johnson,9,931.02,0.04,8044.37,4319.32,3725.05,CUST3811,ORD55390
2023-11-22,Sports,Basketball,West,Eve Wilson,14,130.27,0.14,1571.37,741.38,829.99,CUST7370,ORD18485
2024-11-09,Books,Fiction,Central,Eve Wilson,5,139.31,0.28,503.03,273.73,229.3,CUST4390,ORD73576
2024-07-10,Books,Biography,Central,David Brown,18,867.93,0.09,14168.22,6881.92,7286.3,CUST2052,ORD19362
2024-03-12,Sports,Golf,South,David Brown,12,997.86,0.04,11463.07,7062.74,4400.33,CUST2827,ORD29090
2024-11-15,Home,Appliances,Central,Bob Smith,7,829.05,0.05,5518.87,3209.85,2309.02,CUST4376,ORD77760
2024-01-18,Clothing,T-Shirt,South,Bob Smith,16,666.97,0.3,7514.75,5165.94,2348.8,CUST9932,ORD20250
2024-12-05,Sports,Football,West,David Brown,18,697.01,0.05,11882.12,8075.74,3806.38,CUST3226,ORD65652
2023-12-30,Sports,Tennis,East,Eve Wilson,8,183.89,0.03,1434.15,783.93,650.22,CUST4585,ORD36871
2024-12-29,Clothing,Jacket,West,David Brown,12,417.75,0.26,3708.04,1685.2,2022.84,CUST6077,ORD33866
2023-02-25,Electronics,Phone,South,Eve Wilson,3,518.92,0.04,1486.78,731.72,755.06,CUST1509,ORD28124
2023-09-08,Home,Furniture,North,David Brown,13,282.35,0.07,3396.11,2294.65,1101.46,CUST7263,ORD32994
2024-01-25,Home,Appliances,East,Bob Smith,16,168.25,0.18,2220.1,1273.28,946.82,CUST6941,ORD72077
2024-02-03,Books,Non-Fiction,South,Carol Davis,13,837.26,0.24,8244.65,5745.55,2499.11,CUST6364,ORD36914
2024-02-26,Sports,Basketball,Central,Carol Davis,4,870.82,0.1,3127.51,1463.09,1664.42,CUST4292,ORD84146
2024-02-04,Books,Science,West,Eve Wilson,3,691.35,0.1,1867.46,998.0,869.46,CUST8044,ORD55469
2024-05-23,Home,Decor,East,David Brown,20,717.09,0.28,10285.79,6718.98,3566.81,CUST6497,ORD97218
2023-09-15,Electronics,Headphones,East,Eve Wilson,10,858.65,0.28,6188.48,3657.67,2530.81,CUST4153,ORD20266
2024-03-28,Sports,Tennis,North,Bob Smith,1,72.48,0.13,63.29,32.38,30.9,CUST7570,ORD88023
2023-08-24,Clothing,Hat,Central,Bob Smith,12,884.76,0.2,8494.94,4188.11,4306.83,CUST2662,ORD22943
2024-11-16,Home,Appliances,East,Bob Smith,19,86.07,0.04,1562.52,923.63,638.89,CUST5572,ORD67849
2023-10-19,Electronics,Laptop,South,David Brown,15,119.04,0.04,1709.11,846.01,863.1,CUST1901,ORD88900
2024-03-14,Sports,Basketball,South,Eve Wilson,12,968.8,0.26,8617.03,3850.0,4767.03,CUST1998,ORD29394
2023-06-13,Home,Kitchen,North,Bob Smith,16,532.78,0.29,6017.25,3088.11,2929.14,CUST3913,ORD55765
2023-05-06,Books,History,South,Alice Johnson,18,522.73,0.0,9385.78,6077.81,3307.98,CUST5765,ORD29998
2023-12-31,Books,Non-Fiction,Central,Eve Wilson,13,779.46,0.16,8488.93,4718.38,3770.55,CUST3831,ORD13632
2024-01-05,Clothing,Hat,West,Alice Johnson,2,485.5,0.25,729.34,334.24,395.1,CUST4290,ORD78019
2023-09-19,Sports,Soccer,East,Alice Johnson,20,445.18,0.15,7537.35,5140.78,2396.57,CUST3539,ORD69373
2023-04-17,Clothing,Jeans,South,Carol Davis,15,622.98,0.0,9326.16,3986.47,5339.69,CUST4129,ORD81815
2023-08-25,Clothing,Shoes,Central,Eve Wilson,2,406.08,0.15,693.26,333.78,359.48,CUST5640,ORD11640
2023-05-23,Sports,Football,South,Alice Johnson,14,90.67,0.06,1189.0,733.74,455.26,CUST6554,ORD24586
2023-12-07,Electronics,Laptop,South,Alice Johnson,2,960.47,0.22,1490.68,654.81,835.86,CUST7665,ORD90703
2024-07-21,Sports,Golf,South,Carol Davis,3,907.48,0.29,1938.75,909.93,1028.81,CUST5348,ORD59277
2023-01-04,Sports,Soccer,East,Carol Davis,10,466.47,0.06,4395.31,1983.98,2411.33,CUST2876,ORD30277
2023-10-05,Electronics,Laptop,Central,Alice Johnson,2,850.81,0.22,1323.17,801.29,521.88,CUST3178,ORD61051
2024-10-20,Clothing,Shoes,Central,David Brown,1,816.58,0.2,653.27,343.77,309.51,CUST3631,ORD94404
2024-12-14,Electronics,Tablet,Central,David Brown,7,179.32,0.05,1193.85,549.64,644.21,CUST7069,ORD57012
2023-03-01,Sports,Golf,North,Bob Smith,17,162.45,0.2,2202.9,1251.36,951.55,CUST6721,ORD35596
2023-10-28,Books,Science,East,Eve Wilson,18,264.14,0.28,3407.68,1490.06,1917.62,CUST3808,ORD48647
2024-11-17,Books,Fiction,Central,Eve Wilson,7,37.24,0.23,199.74,120.19,79.55,CUST4158,ORD35290
2023-08-15,Clothing,T-Shirt,North,Eve Wilson,4,896.9,0.15,3034.26,1594.32,1439.94,CUST6211,ORD99394
2024-11-14,Books,Science,North,Eve Wilson,6,885.92,0.16,4480.39,1913.06,2567.33,CUST7880,ORD25698
2024-05-29,Books,Biography,North,Carol Davis,3,29.96,0.26,66.38,40.07,26.31,CUST2562,ORD20564
2023-01-01,Sports,Golf,South,Bob Smith,8,981.88,0.23,6058.17,3162.37,2895.8,CUST9028,ORD34944
2023-05-16,Home,Furniture,West,Eve Wilson,15,841.32,0.01,12475.59,6693.65,5781.93,CUST9078,ORD17845
2023-09-18,Books,Biography,East,Alice Johnson,1,456.93,0.1,411.34,239.66,171.68,CUST2361,ORD25758
2024-06-25,Electronics,Phone,South,Eve Wilson,14,998.26,0.2,11224.19,7169.05,4055.14,CUST9053,ORD95449
2023-02-28,Electronics,Phone,North,David Brown,11,882.08,0.1,8754.45,5102.72,3651.73,CUST6723,ORD33581
2024-02-04,Sports,Basketball,North,David Brown,20,846.66,0.15,14411.65,6437.55,7974.09,CUST9786,ORD17935
2024-08-22,Home,Appliances,Central,Alice Johnson,12,49.84,0.15,506.08,310.11,195.97,CUST8168,ORD89662
2023-11-10,Clothing,Jacket,Central,Eve Wilson,1,765.45,0.07,710.18,430.44,279.74,CUST4320,ORD50217
2023-06-29,Sports,Tennis,East,Alice Johnson,3,881.73,0.02,2598.46,1358.82,1239.64,CUST5148,ORD66584
2023-08-31,Electronics,Headphones,West,Bob Smith,10,926.06,0.21,7316.45,3449.21,3867.24,CUST2627,ORD32494
2023-09-01,Books,Non-Fiction,East,Carol Davis,2,351.27,0.29,501.1,235.59,265.5,CUST1427,ORD32829
2024-02-22,Books,History,West,David Brown,3,328.3,0.16,826.47,420.99,405.48,CUST3738,ORD94000
2023-09-19,Electronics,Phone,Central,Eve Wilson,17,772.07,0.09,11922.39,6866.03,5056.36,CUST6893,ORD81196
2024-10-25,Clothing,Jacket,North,Bob Smith,4,235.34,0.09,856.79,513.97,342.81,CUST1450,ORD33351
2024-03-02,Electronics,Camera,South,Alice Johnson,9,498.54,0.19,3646.74,1679.78,1966.96,CUST1700,ORD63497
2023-04-26,Clothing,Hat,North,Carol Davis,20,306.82,0.27,4470.67,2153.48,2317.18,CUST7273,ORD18975
2024-01-18,Sports,Tennis,East,Bob Smith,17,644.07,0.24,8322.4,3590.5,4731.9,CUST7153,ORD20043
2024-08-27,Sports,Football,North,Bob Smith,11,807.74,0.25,6666.35,3817.05,2849.29,CUST4358,ORD28883
2023-01-02,Home,Garden,East,Carol Davis,18,963.03,0.22,13545.38,6371.85,7173.53,CUST7256,ORD69204
2024-10-17,Home,Kitchen,West,Eve Wilson,7,188.61,0.01,1312.8,644.5,668.3,CUST2399,ORD67869
2023-12-26,Home,Appliances,North,Alice Johnson,16,603.98,0.24,7351.62,3829.93,3521.7,CUST6746,ORD73622
2023-11-30,Books,Non-Fiction,East,Bob Smith,6,606.87,0.14,3129.03,1396.22,1732.81,CUST1342,ORD82226
2024-09-12,Clothing,Hat,East,Eve Wilson,18,501.54,0.23,6943.46,4132.72,2810.74,CUST2716,ORD34624
2024-06-14,Home,Decor,East,Carol Davis,15,504.15,0.04,7228.1,4884.5,2343.6,CUST4106,ORD37066
2024-07-19,Books,Non-Fiction,East,Alice Johnson,19,292.12,0.15,4696.94,3151.58,1545.36,CUST3956,ORD59114
2023-04-18,Books,Non-Fiction,West,Carol Davis,20,855.88,0.15,14465.19,6927.61,7537.59,CUST5164,ORD75993
2023-12-02,Sports,Football,South,Eve Wilson,20,96.19,0.19,1553.09,993.89,559.2,CUST1986,ORD23899
2024-04-25,Home,Kitchen,North,Bob Smith,5,347.09,0.15,1482.58,622.11,860.47,CUST2981,ORD38314
2024-11-10,Electronics,Camera,North,Carol Davis,17,32.74,0.27,404.97,272.61,132.37,CUST7794,ORD37845
2023-03-27,Clothing,Hat,North,Bob Smith,2,679.21,0.13,1183.13,726.73,456.41,CUST3118,ORD36260
2024-05-16,Home,Decor,Central,David Brown,10,915.81,0.21,7221.06,5034.26,2186.8,CUST4243,ORD93872
2024-02-20,Home,Furniture,Central,Eve Wilson,10,892.24,0.01,8861.0,5603.53,3257.48,CUST6620,ORD57764
2023-10-09,Clothing,Jacket,West,Carol Davis,1,92.63,0.02,90.68,50.56,40.12,CUST7977,ORD25945
2024-06-03,Books,Science,East,David Brown,7,52.72,0.0,367.83,189.16,178.67,CUST5909,ORD21630
2024-05-10,Home,Decor,West,Bob Smith,13,599.01,0.03,7521.36,3049.94,4471.42,CUST6935,ORD71274
2023-08-11,Electronics,Camera,West,Bob Smith,14,689.28,0.23,7462.86,4801.15,2661.71,CUST3684,ORD95978
2023-06-03,Electronics,Headphones,West,Carol Davis,1,315.17,0.15,268.25,146.98,121.27,CUST4894,ORD70017
2024-05-24,Sports,Soccer,South,David Brown,15,734.83,0.07,10213.43,6424.88,3788.55,CUST1190,ORD82115
2023-06-26,Clothing,Jacket,East,Alice Johnson,16,620.8,0.04,9580.69,5649.87,3930.83,CUST2238,ORD72908
2024-03-16,Books,Fiction,West,Eve Wilson,15,938.92,0.1,12627.45,8064.42,4563.02,CUST7209,ORD67912
2023-06-12,Electronics,Camera,East,Carol Davis,9,578.71,0.19,4223.57,2742.18,1481.39,CUST5114,ORD67761
2023-11-20,Sports,Football,West,Alice Johnson,15,156.21,0.15,1990.69,1127.01,863.68,CUST9981,ORD85419
2024-03-16,Clothing,Hat,Central,Eve Wilson,15,472.72,0.18,5822.91,2703.47,3119.44,CUST1100,ORD80055
2024-06-11,Electronics,Tablet,West,Alice Johnson,20,356.72,0.12,6263.43,2904.8,3358.63,CUST7114,ORD77669
2024-02-21,Books,History,East,David Brown,6,882.2,0.13,4588.97,2421.49,2167.48,CUST3377,ORD13597
2023-11-19,Books,History,West,Alice Johnson,20,236.25,0.14,4051.57,1802.86,2248.71,CUST5312,ORD31399
2023-03-20,Clothing,Jacket,West,David Brown,12,701.71,0.11,7461.12,3470.81,3990.31,CUST1967,ORD18251
2023-04-02,Clothing,Jeans,South,Bob Smith,2,364.61,0.2,581.56,379.38,202.18,CUST3954,ORD38078
2024-04-07,Clothing,T-Shirt,South,David Brown,6,429.43,0.03,2488.68,1044.73,1443.94,CUST9760,ORD52717
2024-07-31,Clothing,Jeans,East,Carol Davis,20,668.83,0.23,10365.73,6457.01,3908.72,CUST5031,ORD67892
2024-01-18,Electronics,Laptop,South,Carol Davis,3,482.75,0.21,1146.1,509.89,636.2,CUST3113,ORD24825
2024-04-16,Sports,Golf,West,David Brown,13,305.42,0.25,2962.59,2039.76,922.82,CUST7696,ORD22189
2023-12-28,Sports,Football,East,Carol Davis,7,650.68,0.13,3954.27,2469.71,1484.56,CUST7043,ORD28452
2023-07-20,Home,Appliances,West,Carol Davis,17,22.1,0.21,296.67,150.71,145.95,CUST4486,ORD74929
2023-09-12,Sports,Tennis,East,David Brown,2,81.53,0.13,141.64,74.11,67.53,CUST8945,ORD37659
2023-03-25,Sports,Golf,West,Carol Davis,11,962.09,0.08,9750.88,4597.9,5152.98,CUST6466,ORD15776
2024-10-07,Home,Kitchen,Central,David Brown,16,969.0,0.14,13410.9,8607.61,4803.29,CUST8863,ORD37637
2024-04-29,Clothing,Hat,West,Carol Davis,13,380.64,0.23,3788.62,1976.45,1812.17,CUST5635,ORD69857
2024-04-16,Home,Decor,West,Eve Wilson,13,430.46,0.27,4112.53,2177.11,1935.42,CUST5223,ORD16877
2024-01-08,Sports,Football,South,Eve Wilson,19,285.33,0.15,4583.57,2825.86,1757.71,CUST6938,ORD54456
2023-09-06,Electronics,Phone,South,Carol Davis,17,656.63,0.21,8829.58,3880.14,4949.45,CUST9868,ORD37320
2024-06-02,Home,Appliances,Central,David Brown,9,779.08,0.26,5214.18,3347.19,1866.99,CUST7859,ORD16004
2024-01-08,Clothing,Hat,Central,Eve Wilson,11,85.44,0.08,865.28,487.3,377.98,CUST9123,ORD49062
2023-07-12,Books,Fiction,North,Bob Smith,14,587.62,0.2,6580.35,3618.04,2962.31,CUST5785,ORD61233
2024-02-26,Clothing,T-Shirt,Central,Eve Wilson,7,818.33,0.22,4483.11,2104.17,2378.94,CUST2465,ORD18120
2023-09-18,Electronics,Phone,South,Eve Wilson,18,449.67,0.0,8068.98,3541.86,4527.12,CUST5880,ORD32744
2024-09-21,Electronics,Phone,South,David Brown,4,30.84,0.16,103.76,70.75,33.02,CUST1508,ORD38443
2024-06-09,Home,Kitchen,Central,Alice Johnson,8,746.78,0.16,5007.85,2084.44,2923.41,CUST7163,ORD43250
2024-05-01,Electronics,Tablet,Central,Carol Davis,12,302.03,0.08,3333.84,2153.19,1180.65,CUST4286,ORD25848
2023-03-04,Electronics,Phone,Central,David Brown,9,854.68,0.13,6704.21,3454.89,3249.31,CUST8000,ORD92354
2023-02-14,Sports,Football,Central,Alice Johnson,14,865.88,0.28,8712.33,6080.71,2631.62,CUST7905,ORD60236
2024-11-26,Home,Garden,East,Alice Johnson,1,525.04,0.11,467.78,201.58,266.2,CUST8578,ORD33286
2024-06-20,Sports,Football,Central,David Brown,13,135.61,0.08,1616.47,694.89,921.58,CUST3728,ORD85509
2023-02-03,Home,Appliances,East,Eve Wilson,20,203.77,0.01,4022.56,1746.47,2276.09,CUST2954,ORD60740
2023-06-13,Clothing,Jeans,Central,Eve Wilson,2,264.01,0.13,458.67,280.86,177.81,CUST3346,ORD45788
2023-11-12,Electronics,Camera,Central,Carol Davis,6,926.1,0.24,4203.43,2665.17,1538.25,CUST1327,ORD29766
2023-04-20,Electronics,Laptop,West,Eve Wilson,9,808.79,0.25,5452.66,2184.27,3268.39,CUST6521,ORD16359
2024-12-31,Clothing,Jacket,South,Eve Wilson,19,12.79,0.07,226.16,93.95,132.21,CUST2685,ORD38930
2024-05-17,Electronics,Phone,North,Bob Smith,10,45.51,0.18,371.03,244.08,126.96,CUST4123,ORD92152
2023-10-08,Home,Furniture,South,Bob Smith,15,323.74,0.27,3536.25,2206.24,1330.01,CUST8266,ORD91967
2023-08-23,Clothing,T-Shirt,Central,Alice Johnson,19,418.48,0.12,7011.13,4839.0,2172.13,CUST5919,ORD86134
2023-01-08,Home,Appliances,West,David Brown,16,421.47,0.07,6243.04,3687.32,2555.72,CUST5020,ORD86434
2024-02-05,Electronics,Headphones,Central,Carol Davis,10,659.26,0.07,6116.16,2489.42,3626.74,CUST9067,ORD85404
2023-01-17,Electronics,Headphones,East,David Brown,16,734.07,0.27,8541.7,5429.4,3112.3,CUST1562,ORD98920
2023-07-06,Home,Decor,East,Alice Johnson,6,311.7,0.01,1850.66,1077.88,772.78,CUST1155,ORD82724
2023-09-13,Sports,Basketball,East,Eve Wilson,15,711.14,0.05,10156.58,6803.38,3353.2,CUST1368,ORD18409
2023-10-29,Home,Decor,South,Bob Smith,2,258.39,0.24,390.3,249.78,140.52,CUST2011,ORD77663
2024-01-10,Home,Kitchen,East,Alice Johnson,13,52.01,0.19,545.46,313.94,231.52,CUST4526,ORD49047
2023-11-11,Clothing,Shoes,Central,Eve Wilson,17,659.57,0.12,9863.39,5552.21,4311.17,CUST4360,ORD40245
2024-02-21,Electronics,Headphones,West,Carol Davis,17,290.0,0.14,4228.22,2250.02,1978.19,CUST4754,ORD23575
2023-08-11,Electronics,Laptop,East,Bob Smith,3,706.38,0.22,1658.41,1058.25,600.16,CUST4452,ORD16856
2024-03-16,Books,Biography,South,Eve Wilson,9,180.27,0.07,1513.4,778.57,734.84,CUST3175,ORD25345
2023-01-25,Sports,Basketball,North,Eve Wilson,19,384.85,0.25,5473.2,2242.29,3230.91,CUST4539,ORD32223
2023-10-05,Clothing,T-Shirt,South,Alice Johnson,5,459.05,0.04,2214.16,1191.17,1022.99,CUST1653,ORD20751
2024-02-25,Clothing,Jeans,South,David Brown,14,596.55,0.14,7147.81,4721.42,2426.39,CUST9579,ORD81923
2024-06-24,Sports,Tennis,South,Carol Davis,10,472.58,0.04,4535.33,3018.98,1516.35,CUST7938,ORD37897
2023-02-06,Home,Garden,North,Alice Johnson,12,231.67,0.24,2113.19,1420.95,692.23,CUST3786,ORD51044
2023-06-16,Clothing,Jacket,East,David Brown,10,343.25,0.28,2462.25,1425.0,1037.25,CUST6193,ORD46798
2024-05-22,Books,History,West,Carol Davis,1,353.1,0.2,283.26,197.61,85.66,CUST7282,ORD90911
2024-09-27,Sports,Soccer,Central,Alice Johnson,13,146.65,0.21,1514.56,848.96,665.6,CUST9271,ORD24087
2023-03-04,Electronics,Phone,East,Carol Davis,18,600.13,0.06,10111.0,6464.83,3646.17,CUST5559,ORD72778
2023-03-20,Books,Biography,West,David Brown,6,329.34,0.01,1952.84,1034.36,918.48,CUST7356,ORD46637
2023-09-07,Sports,Soccer,West,Carol Davis,4,195.32,0.21,617.39,278.03,339.36,CUST8747,ORD91799
2023-11-13,Home,Garden,East,Alice Johnson,3,256.49,0.14,661.55,278.22,383.33,CUST9596,ORD35722
2024-10-05,Clothing,Hat,East,David Brown,20,162.02,0.26,2402.65,1676.19,726.46,CUST3049,ORD88422
2024-12-08,Clothing,Shoes,South,Eve Wilson,7,143.14,0.29,714.24,360.3,353.94,CUST9207,ORD45328
2024-10-03,Home,Appliances,West,Carol Davis,16,310.79,0.07,4600.55,2321.73,2278.82,CUST3740,ORD61324
2024-03-10,Sports,Football,South,Bob Smith,1,379.09,0.29,269.78,147.44,122.34,CUST5752,ORD28295
2024-04-20,Sports,Football,South,David Brown,15,798.87,0.03,11612.68,7986.21,3626.47,CUST4398,ORD84831
2023-10-31,Sports,Tennis,South,Eve Wilson,19,82.16,0.01,1545.24,715.62,829.62,CUST1006,ORD53585
2024-12-04,Electronics,Headphones,North,Bob Smith,1,437.71,0.14,377.76,214.9,162.86,CUST2037,ORD35287
2023-06-04,Clothing,T-Shirt,South,Bob Smith,15,903.5,0.21,10717.32,4496.31,6221.01,CUST6555,ORD59981
2023-08-07,Electronics,Headphones,East,Eve Wilson,9,585.6,0.28,3820.75,2527.56,1293.19,CUST1119,ORD34021
2023-05-10,Home,Garden,East,Eve Wilson,2,85.1,0.1,153.93,90.52,63.41,CUST8214,ORD90819
2024-12-09,Home,Garden,Central,Alice Johnson,1,604.53,0.15,516.71,272.49,244.22,CUST9884,ORD25908
2024-11-09,Clothing,T-Shirt,Central,Bob Smith,4,602.07,0.19,1962.6,975.73,986.86,CUST7099,ORD90328
2024-10-28,Home,Garden,Central,David Brown,11,766.93,0.13,7328.79,4970.21,2358.59,CUST2622,ORD28187
2024-01-05,Clothing,Hat,South,Bob Smith,9,789.88,0.08,6524.97,3837.28,2687.7,CUST6007,ORD62764
2023-06-02,Sports,Basketball,North,Bob Smith,3,720.57,0.16,1814.24,1003.58,810.66,CUST2909,ORD52585
2023-11-26,Books,History,East,Eve Wilson,13,209.2,0.28,1957.13,1223.54,733.59,CUST3303,ORD70565
2023-08-01,Electronics,Laptop,North,Bob Smith,9,527.48,0.03,4615.6,1850.41,2765.19,CUST2945,ORD49036
2023-01-26,Books,Non-Fiction,Central,David Brown,8,932.14,0.16,6296.43,3011.91,3284.52,CUST9033,ORD90432
2023-01-22,Electronics,Headphones,South,Eve Wilson,11,907.84,0.25,7440.82,4235.84,3204.99,CUST4987,ORD56145
2024-12-14,Books,History,West,Bob Smith,14,605.75,0.12,7433.66,4337.73,3095.93,CUST9677,ORD16964
2023-05-29,Sports,Golf,West,Alice Johnson,11,115.62,0.13,1109.43,623.2,486.23,CUST8763,ORD92059
2024-11-05,Electronics,Phone,West,Bob Smith,20,336.96,0.26,5004.08,2939.84,2064.23,CUST6480,ORD49471
2023-10-03,Electronics,Tablet,South,Carol Davis,12,303.02,0.03,3515.87,1463.27,2052.59,CUST9179,ORD65828
2023-11-25,Sports,Basketball,West,David Brown,16,663.95,0.1,9596.19,4415.33,5180.87,CUST8181,ORD64049
2023-12-07,Sports,Tennis,East,Alice Johnson,17,918.5,0.05,14786.51,10139.62,4646.89,CUST7942,ORD58916
2023-02-14,Sports,Golf,South,David Brown,8,203.87,0.23,1250.84,704.22,546.62,CUST1842,ORD89775
2023-06-20,Electronics,Tablet,North,Eve Wilson,4,397.2,0.22,1243.99,811.28,432.71,CUST5253,ORD52545
2024-05-28,Sports,Soccer,North,Alice Johnson,5,255.91,0.24,968.8,506.99,461.8,CUST5244,ORD71246
2024-12-17,Home,Appliances,Central,Alice Johnson,4,356.98,0.15,1214.17,653.24,560.93,CUST6206,ORD61972
2024-06-29,Electronics,Camera,West,Carol Davis,11,378.59,0.19,3387.4,1772.58,1614.82,CUST2449,ORD18951
2023-09-23,Electronics,Tablet,Central,Alice Johnson,15,749.18,0.1,10148.6,4349.59,5799.01,CUST5704,ORD31716
2024-02-29,Clothing,T-Shirt,East,Alice Johnson,18,272.6,0.29,3487.2,2098.4,1388.8,CUST8305,ORD32295
2024-02-17,Electronics,Camera,East,Eve Wilson,19,861.91,0.19,13209.65,6606.73,6602.92,CUST5262,ORD74368
2024-11-13,Clothing,Jacket,North,Carol Davis,20,846.83,0.09,15408.91,10499.07,4909.84,CUST8938,ORD92663
2024-10-22,Books,Non-Fiction,East,Bob Smith,6,234.91,0.12,1247.04,734.79,512.24,CUST5032,ORD53536
2024-11-12,Clothing,Jeans,Central,David Brown,20,748.13,0.02,14664.01,9531.58,5132.43,CUST1648,ORD26799
2024-03-24,Sports,Tennis,North,Bob Smith,13,203.71,0.25,1982.13,840.74,1141.39,CUST9295,ORD26992
2023-03-06,Clothing,Hat,North,Bob Smith,5,924.5,0.02,4536.98,3153.92,1383.06,CUST5865,ORD39721
2023-07-11,Clothing,Jacket,North,Eve Wilson,2,874.67,0.27,1272.16,761.65,510.51,CUST6585,ORD32767
2024-11-03,Home,Garden,South,Carol Davis,17,708.2,0.23,9279.74,6135.37,3144.37,CUST8104,ORD45131
2023-10-09,Electronics,Headphones,Central,Bob Smith,8,442.54,0.07,3306.26,1424.98,1881.29,CUST2460,ORD98470
2024-01-25,Clothing,Shoes,Central,Bob Smith,11,202.06,0.2,1773.82,720.21,1053.61,CUST6133,ORD59286
2024-04-09,Electronics,Laptop,East,Eve Wilson,10,887.27,0.23,6819.75,4282.21,2537.54,CUST6199,ORD13803
2024-09-23,Electronics,Headphones,South,David Brown,14,889.59,0.08,11434.28,4901.41,6532.87,CUST6065,ORD74602
2024-04-21,Electronics,Phone,East,Eve Wilson,3,817.27,0.08,2254.66,1027.65,1227.01,CUST1132,ORD21299
2023-05-15,Books,Biography,West,Carol Davis,12,917.2,0.29,7766.74,5094.49,2672.25,CUST2333,ORD45454
2024-09-06,Home,Decor,South,Eve Wilson,17,640.32,0.15,9248.99,3700.7,5548.29,CUST7563,ORD33598
2024-11-24,Electronics,Tablet,Central,David Brown,18,805.91,0.13,12588.1,6333.27,6254.83,CUST5451,ORD63924
2024-03-06,Sports,Soccer,East,Bob Smith,13,632.67,0.0,8216.55,3902.67,4313.88,CUST6312,ORD46561
2024-06-10,Sports,Football,North,Eve Wilson,12,72.25,0.11,769.32,360.43,408.89,CUST5140,ORD99803
2023-02-20,Home,Garden,West,Carol Davis,6,398.74,0.17,1997.54,1243.43,754.11,CUST3406,ORD19422
2024-06-15,Books,Biography,West,David Brown,17,257.18,0.29,3111.71,1519.09,1592.62,CUST4618,ORD63399
2023-08-11,Sports,Golf,Central,Alice Johnson,20,370.4,0.02,7274.12,2954.86,4319.26,CUST7035,ORD26100
2024-02-15,Electronics,Camera,East,Carol Davis,12,741.58,0.27,6534.1,4182.11,2351.98,CUST7016,ORD23455
2023-04-16,Books,History,North,Carol Davis,6,422.71,0.3,1776.0,1142.74,633.26,CUST9048,ORD94890
2024-06-23,Home,Appliances,South,Bob Smith,1,281.93,0.2,226.65,122.45,104.2,CUST1922,ORD71907
2024-04-10,Sports,Tennis,East,Alice Johnson,8,571.39,0.21,3618.29,2310.58,1307.71,CUST5144,ORD74757
2024-04-19,Home,Decor,West,David Brown,10,317.21,0.02,3094.44,1264.95,1829.49,CUST9887,ORD41465
2024-04-03,Home,Appliances,North,David Brown,2,76.24,0.06,142.87,99.27,43.6,CUST4948,ORD56283
2023-08-18,Books,Non-Fiction,North,Carol Davis,7,209.43,0.21,1153.75,679.37,474.37,CUST8494,ORD49201
2024-06-16,Clothing,T-Shirt,West,David Brown,17,12.94,0.12,193.95,121.78,72.17,CUST5269,ORD90601
2024-01-04,Clothing,T-Shirt,West,Carol Davis,13,450.95,0.16,4915.22,2413.18,2502.04,CUST9085,ORD13535
2024-08-30,Home,Kitchen,South,Bob Smith,15,265.09,0.16,3334.0,2290.2,1043.8,CUST7546,ORD32210
2023-10-31,Sports,Tennis,West,Carol Davis,18,356.92,0.13,5568.75,3570.74,1998.01,CUST7220,ORD30724
2024-09-11,Books,History,West,Alice Johnson,20,256.94,0.09,4697.47,1967.14,2730.33,CUST2570,ORD86825
2024-04-18,Home,Decor,West,Bob Smith,6,101.99,0.21,481.4,287.09,194.32,CUST6872,ORD54733
2024-10-25,Sports,Football,West,Bob Smith,2,660.13,0.04,1270.51,769.27,501.23,CUST6309,ORD33308
2024-02-14,Clothing,Jeans,South,Eve Wilson,11,156.74,0.22,1344.7,714.75,629.96,CUST1793,ORD88997
2023-03-19,Sports,Basketball,North,Alice Johnson,11,959.76,0.16,8852.19,3813.69,5038.5,CUST3789,ORD75147
2024-09-19,Books,History,Central,Carol Davis,3,968.18,0.21,2281.96,1542.41,739.55,CUST8841,ORD60490
2024-02-26,Books,Non-Fiction,South,Alice Johnson,12,997.82,0.26,8883.7,5737.38,3146.32,CUST2820,ORD52250
2023-07-26,Books,Non-Fiction,North,Eve Wilson,20,926.2,0.07,17138.45,10694.48,6443.97,CUST1382,ORD77645
2023-02-06,Home,Kitchen,North,Alice Johnson,18,346.37,0.26,4624.67,2569.78,2054.9,CUST8211,ORD96258
2024-01-23,Sports,Basketball,Central,Bob Smith,16,730.17,0.19,9422.91,6326.4,3096.51,CUST4417,ORD84702
2024-04-20,Home,Appliances,South,Eve Wilson,16,285.38,0.27,3345.39,1452.35,1893.04,CUST1397,ORD64467
2023-09-26,Home,Decor,West,Eve Wilson,7,194.83,0.03,1324.97,628.53,696.44,CUST7338,ORD41194
2023-06-09,Books,Science,West,David Brown,18,895.87,0.29,11404.69,5987.23,5417.47,CUST5958,ORD64556
2024-01-23,Electronics,Headphones,West,Bob Smith,3,839.23,0.2,2026.66,1339.96,686.7,CUST7995,ORD99222
2023-12-08,Home,Decor,East,David Brown,5,222.4,0.18,912.33,440.71,471.62,CUST1471,ORD83359
2024-10-20,Home,Kitchen,East,Alice Johnson,7,506.75,0.28,2567.26,1775.66,791.6,CUST6544,ORD77132
2024-04-27,Electronics,Headphones,North,Carol Davis,7,119.83,0.21,658.55,352.51,306.04,CUST4488,ORD91662
2023-03-05,Clothing,Shoes,West,Carol Davis,4,445.7,0.08,1636.72,887.57,749.15,CUST5122,ORD69070
2024-01-31,Clothing,T-Shirt,North,Carol Davis,5,841.02,0.24,3191.75,1705.15,1486.6,CUST3243,ORD73818
2023-03-02,Clothing,T-Shirt,East,David Brown,12,782.57,0.01,9265.7,5335.44,3930.26,CUST3958,ORD94794
2024-06-03,Clothing,T-Shirt,North,Carol Davis,14,23.14,0.02,316.53,186.24,130.28,CUST7784,ORD86593
2023-11-24,Books,History,East,Bob Smith,5,610.6,0.11,2702.71,1389.82,1312.89,CUST4791,ORD10229
2024-01-15,Home,Decor,Central,Eve Wilson,13,719.46,0.26,6955.03,3727.15,3227.88,CUST3014,ORD94234
2024-02-19,Clothing,Shoes,South,Eve Wilson,3,799.54,0.12,2115.82,995.77,1120.05,CUST2151,ORD69772
2024-03-10,Books,History,South,David Brown,18,807.02,0.14,12501.88,7624.54,4877.34,CUST3306,ORD63660
2023-01-23,Electronics,Headphones,Central,Bob Smith,15,973.04,0.25,10915.1,5673.95,5241.15,CUST1560,ORD43731
2024-01-12,Books,Science,Central,Carol Davis,6,707.96,0.04,4078.4,1842.23,2236.17,CUST9988,ORD83148
2024-08-14,Clothing,T-Shirt,Central,Alice Johnson,10,619.31,0.17,5137.08,2965.4,2171.68,CUST6338,ORD91375
2023-02-09,Books,Fiction,North,Carol Davis,15,509.2,0.11,6792.41,3168.83,3623.59,CUST5294,ORD81725
2024-08-30,Home,Furniture,Central,Bob Smith,10,647.13,0.2,5150.57,2709.94,2440.63,CUST2840,ORD46641
2023-10-06,Home,Furniture,East,David Brown,16,420.62,0.03,6549.33,3968.76,2580.57,CUST2881,ORD81975
2023-07-12,Home,Furniture,South,Carol Davis,8,38.87,0.23,240.76,154.35,86.41,CUST6145,ORD30713
2023-04-28,Sports,Tennis,East,Eve Wilson,5,22.0,0.12,97.11,54.25,42.86,CUST2848,ORD74884
2024-06-25,Clothing,T-Shirt,North,Carol Davis,8,823.67,0.05,6240.57,3581.52,2659.06,CUST2820,ORD64562
2024-01-03,Sports,Tennis,East,Carol Davis,15,353.2,0.28,3799.63,1521.75,2277.88,CUST2394,ORD95266
2024-09-01,Home,Kitchen,Central,David Brown,2,63.73,0.14,109.74,49.93,59.81,CUST7359,ORD48180
2024-02-08,Clothing,Hat,North,Carol Davis,20,885.55,0.28,12717.54,8392.58,4324.96,CUST4683,ORD92017
2023-07-18,Sports,Tennis,South,Bob Smith,2,201.72,0.16,338.3,174.7,163.6,CUST9282,ORD25695
2024-10-25,Electronics,Headphones,West,David Brown,6,53.74,0.08,296.0,192.92,103.08,CUST1195,ORD60038
2023-04-22,Sports,Golf,South,Eve Wilson,18,855.62,0.09,13951.21,8159.13,5792.08,CUST6323,ORD14527
2024-11-22,Home,Furniture,East,Alice Johnson,7,728.35,0.1,4595.18,2954.99,1640.19,CUST6835,ORD14515
2024-10-31,Home,Decor,South,Carol Davis,16,768.88,0.16,10304.27,4222.83,6081.44,CUST5563,ORD73997
2023-09-29,Clothing,Jacket,Central,Eve Wilson,16,869.93,0.11,12319.25,5741.37,6577.87,CUST5759,ORD92413
2024-04-13,Home,Kitchen,West,David Brown,9,758.62,0.05,6518.29,3520.85,2997.44,CUST5772,ORD95136
2024-06-11,Electronics,Headphones,North,Eve Wilson,7,483.36,0.05,3207.66,1818.08,1389.58,CUST9704,ORD23573
2023-05-21,Electronics,Tablet,Central,David Brown,16,119.61,0.01,1902.1,1129.97,772.13,CUST9596,ORD57337
2024-12-16,Home,Garden,West,David Brown,11,876.88,0.1,8653.77,5318.76,3335.01,CUST8724,ORD49503
2023-12-03,Books,Science,West,David Brown,2,698.55,0.11,1239.43,659.13,580.3,CUST9005,ORD72612
2024-06-14,Clothing,T-Shirt,South,David Brown,13,659.93,0.26,6316.56,4295.64,2020.92,CUST8071,ORD82295
2023-04-07,Home,Kitchen,West,Eve Wilson,7,475.94,0.07,3093.38,1244.09,1849.29,CUST1994,ORD58306
2024-04-16,Books,Science,West,Alice Johnson,4,955.86,0.18,3123.41,1916.21,1207.2,CUST2689,ORD31198
2023-07-24,Clothing,Shoes,Central,Carol Davis,2,587.89,0.25,878.4,560.24,318.15,CUST3955,ORD47502
2024-12-27,Electronics,Phone,East,Alice Johnson,5,607.03,0.21,2391.88,1334.43,1057.44,CUST4308,ORD51935
2023-08-19,Clothing,Jeans,South,Alice Johnson,6,721.31,0.22,3378.93,2107.12,1271.82,CUST3362,ORD45640
2023-11-20,Clothing,Shoes,West,Bob Smith,8,502.36,0.05,3833.3,2365.16,1468.14,CUST8778,ORD33571
2024-01-16,Sports,Soccer,West,Carol Davis,6,413.87,0.15,2119.19,927.04,1192.15,CUST5607,ORD50222
2024-06-20,Clothing,Shoes,East,Carol Davis,2,499.0,0.24,757.52,373.72,383.8,CUST6605,ORD62254
2023-03-12,Electronics,Laptop,Central,Eve Wilson,1,216.81,0.06,204.09,112.64,91.45,CUST9572,ORD58025
2023-03-01,Home,Decor,West,David Brown,18,542.25,0.29,6945.88,4702.36,2243.51,CUST6463,ORD34942
2024-11-24,Electronics,Phone,South,Alice Johnson,3,985.18,0.16,2470.11,1383.07,1087.04,CUST7771,ORD60626
2023-06-06,Books,History,Central,Bob Smith,19,633.4,0.14,10299.73,5127.53,5172.19,CUST8801,ORD84298
2023-06-04,Electronics,Laptop,Central,Alice Johnson,12,461.06,0.09,5027.04,2132.34,2894.7,CUST5650,ORD89862
2023-07-15,Sports,Tennis,East,Eve Wilson,13,248.19,0.29,2304.17,1292.25,1011.92,CUST2004,ORD47219
2023-02-17,Home,Furniture,West,Eve Wilson,13,473.77,0.1,5570.22,3077.28,2492.94,CUST7862,ORD80560
2023-10-01,Books,History,South,Alice Johnson,2,810.29,0.11,1449.12,998.03,451.09,CUST8841,ORD15454
2024-04-03,Clothing,Hat,Central,David Brown,16,982.67,0.25,11847.11,5933.44,5913.67,CUST4711,ORD46687
2024-09-15,Books,Science,North,Alice Johnson,1,669.37,0.19,540.56,324.79,215.77,CUST7276,ORD74331
2023-10-04,Electronics,Camera,East,Carol Davis,12,280.84,0.17,2802.8,1615.36,1187.44,CUST3575,ORD61102
2023-10-07,Books,Biography,East,Bob Smith,17,553.66,0.02,9190.82,5041.1,4149.72,CUST1858,ORD45321
2023-12-04,Home,Furniture,North,Bob Smith,11,227.54,0.28,1803.02,1242.43,560.58,CUST2157,ORD43530
2023-09-21,Books,Fiction,North,David Brown,18,37.9,0.23,524.05,363.57,160.48,CUST1106,ORD51937
2023-08-28,Home,Kitchen,Central,David Brown,3,31.18,0.25,70.05,36.47,33.59,CUST5651,ORD87004
2024-03-22,Home,Decor,South,Alice Johnson,19,518.32,0.11,8728.62,3529.13,5199.48,CUST2026,ORD30250
2024-08-12,Electronics,Tablet,East,David Brown,3,312.65,0.07,874.26,489.96,384.3,CUST4374,ORD69728
2024-10-01,Sports,Football,North,Bob Smith,4,873.46,0.29,2469.37,1160.8,1308.57,CUST8043,ORD41156
2023-10-09,Home,Garden,East,Eve Wilson,8,228.63,0.1,1637.93,756.34,881.59,CUST6376,ORD65468
2023-04-01,Electronics,Phone,North,Eve Wilson,4,716.35,0.17,2386.9,1515.29,871.62,CUST2496,ORD33680
2024-06-04,Electronics,Headphones,South,David Brown,6,783.14,0.0,4690.27,2991.22,1699.04,CUST8960,ORD26391
2024-11-05,Clothing,Shoes,West,Eve Wilson,14,451.32,0.19,5118.0,2384.01,2733.99,CUST5566,ORD67433
2024-10-01,Clothing,T-Shirt,West,David Brown,16,559.86,0.28,6474.72,3586.51,2888.21,CUST1644,ORD44819
2024-04-27,Electronics,Phone,Central,Bob Smith,20,919.16,0.05,17466.16,9945.14,7521.01,CUST1522,ORD75655
2023-08-21,Clothing,T-Shirt,South,Bob Smith,14,880.37,0.15,10432.93,5583.69,4849.24,CUST7863,ORD77328
2023-10-22,Books,History,West,Carol Davis,5,703.72,0.08,3243.65,1707.34,1536.31,CUST7174,ORD38092
2024-10-23,Electronics,Laptop,South,Alice Johnson,13,148.85,0.01,1920.03,1280.36,639.67,CUST5401,ORD22815
2024-04-07,Home,Kitchen,West,David Brown,20,380.55,0.18,6214.2,3407.12,2807.07,CUST3419,ORD86062
2024-07-08,Sports,Basketball,North,Bob Smith,10,774.88,0.23,5994.36,2527.08,3467.27,CUST9596,ORD73619
2024-08-25,Clothing,Jeans,North,Bob Smith,15,27.39,0.03,398.52,226.87,171.64,CUST7599,ORD38086
2023-02-24,Books,Non-Fiction,Central,Alice Johnson,8,344.91,0.1,2480.49,1439.79,1040.7,CUST8354,ORD46591
2023-03-19,Sports,Golf,East,Bob Smith,13,830.76,0.13,9438.17,6496.12,2942.04,CUST5839,ORD71659
2024-08-19,Electronics,Phone,East,Alice Johnson,12,46.09,0.22,429.74,226.38,203.36,CUST9002,ORD46889
2023-01-29,Home,Decor,East,Carol Davis,2,824.63,0.23,1276.8,630.78,646.03,CUST7824,ORD95117
2023-08-12,Electronics,Phone,West,Eve Wilson,19,501.61,0.09,8684.52,3568.59,5115.93,CUST2206,ORD61450
2024-06-26,Sports,Basketball,Central,David Brown,13,870.38,0.18,9306.84,5423.04,3883.8,CUST6298,ORD25437
2023-03-29,Home,Garden,West,Eve Wilson,17,930.51,0.18,12949.99,7583.78,5366.21,CUST6276,ORD50693
2023-06-09,Books,History,East,Bob Smith,19,266.6,0.13,4429.43,2060.63,2368.8,CUST9068,ORD91915
2024-07-18,Home,Decor,East,Bob Smith,7,342.06,0.15,2044.8,978.25,1066.55,CUST5474,ORD13370
2023-02-23,Sports,Basketball,West,Carol Davis,20,56.95,0.01,1129.24,786.83,342.4,CUST2006,ORD50924
2024-12-27,Electronics,Headphones,West,Bob Smith,20,556.97,0.03,10853.05,7391.22,3461.83,CUST9126,ORD66824
2023-08-27,Books,History,West,Carol Davis,4,170.65,0.0,679.63,355.9,323.73,CUST8937,ORD75526
2023-10-16,Sports,Soccer,North,Carol Davis,20,924.74,0.25,13883.16,5640.23,8242.93,CUST9100,ORD14518
2023-07-30,Home,Appliances,East,Alice Johnson,13,457.62,0.26,4410.49,2450.79,1959.69,CUST6207,ORD77218
2024-08-02,Clothing,T-Shirt,West,David Brown,15,795.14,0.08,11007.54,5295.15,5712.39,CUST1934,ORD57854
2024-04-03,Clothing,Jacket,East,Eve Wilson,18,182.3,0.03,3170.19,1403.84,1766.35,CUST5120,ORD52164
2024-03-03,Electronics,Tablet,South,David Brown,10,136.6,0.27,998.2,668.42,329.77,CUST4719,ORD56402
2024-11-04,Sports,Soccer,South,Alice Johnson,12,881.28,0.06,9937.16,5556.91,4380.25,CUST1515,ORD82040
2024-04-30,Sports,Soccer,South,David Brown,13,359.19,0.24,3534.38,2337.75,1196.63,CUST4582,ORD87431
2024-05-16,Sports,Basketball,West,Alice Johnson,18,253.48,0.13,3953.95,1738.36,2215.59,CUST9163,ORD54483
2024-01-09,Clothing,Hat,North,Bob Smith,13,78.01,0.18,830.51,545.92,284.59,CUST7475,ORD21686
2024-05-31,Clothing,Hat,West,Carol Davis,14,675.41,0.14,8087.66,5218.13,2869.53,CUST9877,ORD47060
2024-04-15,Electronics,Tablet,North,Alice Johnson,4,553.92,0.15,1877.96,1166.53,711.44,CUST4583,ORD77898
2024-05-16,Books,Fiction,North,Alice Johnson,4,261.05,0.29,743.67,357.41,386.26,CUST8166,ORD19558
2024-06-18,Clothing,T-Shirt,East,Bob Smith,7,113.41,0.13,692.28,300.24,392.04,CUST4829,ORD67613
2024-11-25,Sports,Football,Central,Bob Smith,1,610.41,0.1,551.47,287.81,263.66,CUST6750,ORD39020
2023-04-07,Home,Decor,East,Eve Wilson,6,77.74,0.02,458.76,316.69,142.07,CUST8843,ORD55917
2024-07-10,Clothing,Jacket,South,David Brown,11,474.64,0.06,4882.04,2096.49,2785.55,CUST9526,ORD32981
2023-06-04,Home,Appliances,North,Alice Johnson,4,889.95,0.06,3353.55,1763.71,1589.84,CUST5729,ORD41591
2023-03-30,Clothing,Hat,South,Eve Wilson,5,862.28,0.07,4028.37,2293.75,1734.62,CUST9026,ORD75693
2023-09-29,Home,Kitchen,West,Alice Johnson,3,969.0,0.21,2309.19,1278.75,1030.44,CUST1509,ORD93879
2024-07-26,Sports,Golf,South,Carol Davis,7,331.76,0.22,1819.7,872.94,946.76,CUST9699,ORD52339
2024-11-06,Books,History,East,Alice Johnson,1,353.84,0.18,291.26,201.72,89.54,CUST2475,ORD35623
2024-05-22,Sports,Soccer,West,Alice Johnson,10,891.14,0.2,7137.24,3189.76,3947.49,CUST2403,ORD28288
2023-10-13,Electronics,Phone,East,Bob Smith,4,140.31,0.24,428.95,284.94,144.01,CUST1895,ORD50708
2024-10-17,Books,Science,Central,Eve Wilson,13,973.56,0.28,9100.5,5234.84,3865.66,CUST4656,ORD78267
2023-12-10,Home,Appliances,South,Eve Wilson,20,423.84,0.15,7231.75,4577.65,2654.1,CUST3313,ORD24272
2024-08-30,Home,Furniture,South,Alice Johnson,11,405.56,0.15,3784.88,2565.23,1219.64,CUST4718,ORD19025
2023-07-31,Clothing,T-Shirt,North,Eve Wilson,17,792.65,0.22,10553.91,6814.96,3738.95,CUST1150,ORD61945
2024-02-17,Sports,Basketball,South,Carol Davis,10,335.43,0.06,3144.82,1840.74,1304.08,CUST8667,ORD46524
2024-09-07,Home,Garden,West,David Brown,12,108.72,0.1,1176.28,544.24,632.05,CUST6936,ORD85173
2023-12-01,Clothing,Shoes,West,Carol Davis,1,477.63,0.23,366.64,200.64,165.99,CUST2759,ORD44590
2023-12-10,Books,Science,East,David Brown,19,755.67,0.27,10530.89,6160.79,4370.1,CUST5049,ORD92966
2024-05-31,Sports,Golf,South,Bob Smith,20,197.66,0.22,3071.24,2012.28,1058.96,CUST4219,ORD91774
2024-03-12,Clothing,Shoes,South,Alice Johnson,15,360.18,0.03,5219.55,2157.15,3062.4,CUST5948,ORD86847
2023-01-17,Sports,Golf,North,Alice Johnson,10,607.31,0.16,5130.9,2520.29,2610.61,CUST8401,ORD65788
2024-12-26,Clothing,T-Shirt,Central,Eve Wilson,1,800.14,0.05,759.97,531.76,228.21,CUST4937,ORD12481
2024-03-23,Electronics,Camera,South,Eve Wilson,3,566.4,0.22,1329.64,705.96,623.68,CUST5331,ORD86170
2024-04-19,Books,History,West,David Brown,1,984.01,0.04,949.16,527.83,421.33,CUST6602,ORD16105
2023-06-15,Electronics,Tablet,East,Carol Davis,8,989.3,0.0,7898.08,3711.04,4187.04,CUST2399,ORD32167
2023-09-14,Home,Kitchen,North,Carol Davis,20,271.67,0.08,4988.53,2924.88,2063.65,CUST3423,ORD14354
2023-07-14,Books,Non-Fiction,North,Bob Smith,4,290.59,0.09,1053.81,599.31,454.5,CUST4811,ORD87375
2024-02-05,Home,Garden,West,Bob Smith,2,990.52,0.26,1460.51,682.12,778.39,CUST9387,ORD28845
2023-11-15,Home,Kitchen,South,Carol Davis,3,604.82,0.11,1613.18,964.58,648.59,CUST8777,ORD59411
2024-06-28,Clothing,Jacket,North,Carol Davis,8,211.01,0.19,1374.05,553.61,820.44,CUST5619,ORD20219
2023-05-20,Sports,Basketball,East,Alice Johnson,17,980.77,0.24,12633.35,8831.25,3802.1,CUST2064,ORD95519
2024-09-20,Electronics,Headphones,West,Alice Johnson,19,157.35,0.11,2666.83,1527.33,1139.5,CUST4538,ORD38185
2024-01-30,Electronics,Camera,Central,Eve Wilson,18,774.08,0.12,12206.44,5674.2,6532.24,CUST7296,ORD38345
2023-03-09,Electronics,Laptop,Central,Bob Smith,13,665.42,0.25,6473.5,3094.2,3379.3,CUST1483,ORD60206
2023-05-26,Home,Kitchen,North,Eve Wilson,15,699.8,0.28,7515.65,3715.32,3800.34,CUST8811,ORD46663
2023-07-29,Electronics,Camera,North,Eve Wilson,6,956.39,0.19,4632.35,2355.75,2276.6,CUST9934,ORD86744
2024-07-30,Home,Furniture,West,Eve Wilson,18,708.63,0.25,9507.23,4187.86,5319.37,CUST5068,ORD44527
2024-12-28,Sports,Tennis,North,David Brown,14,341.02,0.16,4016.1,2526.85,1489.25,CUST3965,ORD47071
2024-03-20,Home,Appliances,East,Carol Davis,11,203.38,0.14,1913.95,1232.39,681.56,CUST1244,ORD12449
2024-09-22,Electronics,Laptop,North,Eve Wilson,8,33.37,0.12,234.53,122.51,112.02,CUST7091,ORD12287
2024-12-09,Sports,Basketball,North,Eve Wilson,15,852.95,0.19,10312.74,6049.12,4263.62,CUST1360,ORD92328
2024-04-17,Electronics,Camera,Central,Carol Davis,1,950.98,0.09,866.83,480.3,386.53,CUST1155,ORD25593
2024-02-19,Books,Non-Fiction,North,Bob Smith,3,993.79,0.07,2758.61,1285.03,1473.58,CUST8497,ORD92962
2023-01-13,Books,Biography,Central,Alice Johnson,4,300.69,0.07,1115.36,628.39,486.97,CUST8140,ORD77337
2024-01-27,Books,Non-Fiction,North,David Brown,18,422.14,0.1,6868.18,3455.96,3412.22,CUST1382,ORD63580
2023-04-29,Electronics,Laptop,South,Eve Wilson,10,371.44,0.2,2968.64,1353.93,1614.71,CUST1889,ORD92056
2024-06-24,Home,Garden,West,David Brown,20,236.95,0.15,4015.34,2577.62,1437.72,CUST1952,ORD31730
2023-06-05,Sports,Football,West,Alice Johnson,8,95.29,0.05,723.04,407.23,315.81,CUST6102,ORD69492
2024-07-30,Home,Furniture,South,David Brown,1,381.21,0.28,273.25,135.24,138.01,CUST1944,ORD83193
2023-04-22,Sports,Football,East,Alice Johnson,13,429.04,0.09,5100.68,3327.33,1773.36,CUST5714,ORD17824
2023-10-13,Books,Biography,West,Alice Johnson,2,349.56,0.06,654.94,341.31,313.63,CUST3389,ORD83609
2024-11-17,Sports,Basketball,South,Alice Johnson,15,481.55,0.17,5969.21,3962.76,2006.45,CUST9278,ORD76873
2024-12-08,Home,Appliances,North,David Brown,13,549.86,0.03,6963.82,3802.05,3161.77,CUST6760,ORD42791
2023-11-16,Sports,Soccer,North,Alice Johnson,20,857.96,0.0,17074.47,11208.21,5866.26,CUST2060,ORD77765
2023-07-20,Books,Non-Fiction,North,Carol Davis,19,51.64,0.21,779.48,392.58,386.9,CUST9448,ORD66210
2023-05-24,Electronics,Camera,East,Alice Johnson,5,179.6,0.17,741.93,355.7,386.23,CUST9854,ORD94072
2024-08-18,Books,Non-Fiction,Central,Eve Wilson,19,520.24,0.13,8635.82,5662.72,2973.09,CUST4548,ORD53760
2023-02-14,Sports,Football,Central,Eve Wilson,3,382.49,0.14,983.59,579.66,403.93,CUST5474,ORD99313
2024-03-16,Home,Garden,East,David Brown,16,106.7,0.29,1217.34,850.25,367.09,CUST1653,ORD31755
2024-01-29,Sports,Golf,West,Eve Wilson,10,686.4,0.08,6323.2,2574.25,3748.95,CUST5447,ORD56248
2023-03-25,Home,Kitchen,North,David Brown,19,742.34,0.17,11666.38,7422.72,4243.66,CUST8592,ORD93021
2024-06-12,Sports,Soccer,East,David Brown,9,647.55,0.1,5269.5,3218.99,2050.51,CUST1311,ORD41240
2023-04-30,Sports,Soccer,Central,Carol Davis,11,557.16,0.02,6006.97,2751.43,3255.54,CUST8991,ORD75892
2023-08-27,Clothing,Hat,North,David Brown,15,921.39,0.22,10829.32,6606.79,4222.53,CUST9647,ORD53493
2024-09-23,Clothing,Hat,Central,Alice Johnson,5,112.01,0.16,470.14,304.08,166.05,CUST2313,ORD26625
2024-06-09,Clothing,Hat,East,David Brown,3,278.65,0.26,619.22,274.29,344.93,CUST7163,ORD81890
2023-03-14,Books,Fiction,West,David Brown,2,229.56,0.12,402.28,270.42,131.86,CUST2865,ORD88123
2023-09-14,Books,Non-Fiction,West,Carol Davis,17,45.71,0.18,633.79,438.97,194.82,CUST4370,ORD47218
2024-08-03,Electronics,Laptop,South,David Brown,16,942.51,0.12,13252.17,8466.36,4785.81,CUST3904,ORD31281
2024-02-01,Home,Garden,North,David Brown,2,112.75,0.29,160.4,93.41,66.99,CUST5438,ORD73785
2023-11-12,Books,Fiction,Central,David Brown,13,256.1,0.11,2959.92,1355.05,1604.87,CUST9976,ORD37534
2023-08-10,Books,Science,West,Eve Wilson,9,336.08,0.02,2974.58,1623.76,1350.81,CUST1691,ORD47033
2023-03-03,Home,Decor,South,Carol Davis,7,518.5,0.27,2632.35,1270.99,1361.36,CUST6658,ORD27599
2023-03-10,Sports,Soccer,North,Alice Johnson,8,69.45,0.13,485.86,245.58,240.28,CUST6316,ORD50246
2024-03-13,Books,Fiction,East,Alice Johnson,13,933.56,0.11,10750.88,6907.83,3843.05,CUST4156,ORD64271
2024-07-31,Books,Non-Fiction,Central,Alice Johnson,11,77.11,0.04,815.61,505.43,310.17,CUST5981,ORD28426
2024-01-11,Clothing,Shoes,West,Eve Wilson,14,104.54,0.27,1075.23,616.48,458.75,CUST4504,ORD63318
2023-09-06,Books,Fiction,East,Carol Davis,11,10.43,0.27,84.22,40.23,43.98,CUST4328,ORD11991
2024-09-02,Sports,Golf,East,Alice Johnson,15,946.24,0.06,13321.69,7711.28,5610.42,CUST6193,ORD86001
2024-02-01,Home,Appliances,Central,Alice Johnson,14,596.08,0.03,8081.26,5603.58,2477.68,CUST5179,ORD74965
2023-02-02,Electronics,Headphones,South,Alice Johnson,9,744.47,0.1,6038.3,3776.24,2262.06,CUST6640,ORD42092
2023-04-30,Electronics,Headphones,East,Eve Wilson,12,641.11,0.11,6816.75,3456.44,3360.31,CUST6123,ORD53848
2023-03-16,Electronics,Tablet,South,Alice Johnson,20,479.34,0.29,6795.69,3563.46,3232.23,CUST9263,ORD58738
2023-09-20,Clothing,Jacket,South,Carol Davis,10,113.27,0.29,799.65,467.57,332.08,CUST1292,ORD40054
2024-05-05,Books,Biography,South,Eve Wilson,20,683.24,0.01,13494.47,7505.61,5988.86,CUST1412,ORD11328
2024-01-23,Clothing,Jeans,West,Carol Davis,15,973.19,0.2,11702.26,7599.06,4103.2,CUST7748,ORD93154
2024-01-02,Home,Appliances,North,Bob Smith,17,279.04,0.11,4240.77,2778.04,1462.73,CUST8605,ORD78692
2024-02-15,Sports,Soccer,North,Alice Johnson,6,722.92,0.16,3663.92,2017.8,1646.13,CUST1191,ORD91147
2023-09-17,Books,Biography,South,Eve Wilson,18,315.52,0.13,4960.31,2107.07,2853.24,CUST7660,ORD71572
2023-01-28,Home,Kitchen,Central,Carol Davis,4,240.71,0.18,791.62,390.44,401.17,CUST7038,ORD96108
2023-08-19,Electronics,Headphones,West,David Brown,20,102.01,0.08,1882.95,1260.87,622.09,CUST5405,ORD97418
2023-02-23,Books,Science,South,Bob Smith,3,832.99,0.13,2163.85,1289.6,874.25,CUST9717,ORD26192
2023-10-28,Home,Decor,East,Alice Johnson,13,945.24,0.22,9540.4,5310.21,4230.19,CUST7025,ORD97327
2024-09-13,Clothing,Jacket,Central,David Brown,10,415.17,0.27,3016.2,1567.18,1449.02,CUST6091,ORD38110
2024-07-10,Sports,Basketball,South,Carol Davis,12,673.71,0.11,7155.38,3263.63,3891.76,CUST9971,ORD62427
2024-03-12,Books,Science,South,Bob Smith,14,504.12,0.24,5375.36,3583.76,1791.6,CUST5509,ORD91466
2023-12-14,Clothing,Jeans,East,David Brown,7,530.35,0.13,3237.93,2134.03,1103.91,CUST4531,ORD75151
2024-08-26,Electronics,Camera,South,Bob Smith,2,733.92,0.12,1284.61,879.02,405.59,CUST2081,ORD66393
2023-09-06,Home,Decor,West,Alice Johnson,1,52.63,0.2,42.21,19.25,22.96,CUST3336,ORD85511
2024-12-12,Clothing,Shoes,Central,Carol Davis,19,743.66,0.16,11897.79,5259.92,6637.87,CUST8175,ORD93776
2024-06-23,Clothing,Jeans,North,Eve Wilson,10,222.4,0.28,1604.22,895.06,709.15,CUST2329,ORD60875
2024-09-28,Sports,Golf,Central,Carol Davis,7,491.23,0.28,2464.71,1012.3,1452.41,CUST4450,ORD67920
2024-04-22,Clothing,Shoes,Central,David Brown,16,758.31,0.27,8854.02,3861.85,4992.17,CUST8020,ORD43259
2023-07-05,Home,Kitchen,South,Bob Smith,2,462.98,0.17,767.41,502.49,264.92,CUST9296,ORD10788
2024-12-13,Sports,Golf,North,Alice Johnson,17,179.26,0.11,2714.99,1699.39,1015.59,CUST9163,ORD56572
2023-08-09,Electronics,Tablet,North,Alice Johnson,17,667.17,0.07,10503.93,4687.19,5816.74,CUST5282,ORD92307
2023-01-29,Electronics,Laptop,South,Eve Wilson,20,202.05,0.02,3969.12,2467.62,1501.5,CUST6696,ORD57008
2023-05-23,Sports,Football,East,David Brown,13,442.13,0.18,4706.64,3088.73,1617.9,CUST1556,ORD30960
2024-12-12,Books,Fiction,South,Bob Smith,12,795.9,0.14,8252.47,4116.72,4135.75,CUST6859,ORD47877
2023-06-01,Home,Appliances,Central,Bob Smith,15,740.02,0.08,10171.82,7065.72,3106.1,CUST3061,ORD70865
2023-09-15,Home,Furniture,North,Eve Wilson,2,944.99,0.24,1433.72,819.04,614.68,CUST6716,ORD89247
2023-02-20,Sports,Tennis,West,Eve Wilson,18,29.67,0.22,416.31,244.65,171.66,CUST7393,ORD35801
2023-09-04,Books,History,Central,Carol Davis,15,951.34,0.05,13521.01,6491.49,7029.52,CUST8856,ORD70853
2023-05-28,Clothing,Shoes,North,Carol Davis,4,405.7,0.01,1600.61,656.75,943.86,CUST1001,ORD49634
2023-07-22,Clothing,T-Shirt,South,Alice Johnson,5,937.39,0.13,4081.67,2514.7,1566.98,CUST9645,ORD37110
2024-01-08,Books,Science,South,Eve Wilson,3,677.41,0.23,1567.65,767.69,799.96,CUST4735,ORD30539
2024-04-26,Books,Non-Fiction,West,Carol Davis,9,129.74,0.28,840.3,513.23,327.07,CUST1332,ORD23380
2024-09-13,Home,Kitchen,North,Eve Wilson,8,281.66,0.07,2086.69,1249.13,837.56,CUST9280,ORD40304
2024-10-26,Electronics,Tablet,South,Alice Johnson,8,911.71,0.01,7233.82,4928.74,2305.07,CUST7074,ORD46245
2023-05-17,Electronics,Phone,North,Bob Smith,14,980.96,0.26,10163.77,5172.96,4990.81,CUST5923,ORD67926
2023-04-15,Electronics,Headphones,South,Bob Smith,5,58.64,0.16,245.12,117.04,128.09,CUST2992,ORD40366
2023-04-16,Home,Kitchen,West,Eve Wilson,12,782.08,0.17,7798.75,5418.13,2380.62,CUST4588,ORD94223
2023-09-29,Electronics,Camera,South,Eve Wilson,8,497.5,0.2,3175.89,1856.93,1318.96,CUST9010,ORD89584
2024-02-27,Books,Science,East,David Brown,13,49.91,0.24,492.22,220.95,271.27,CUST1057,ORD43896
2023-04-11,Home,Furniture,West,Carol Davis,4,519.15,0.17,1732.8,1058.59,674.21,CUST1185,ORD74356
2024-02-21,Clothing,Jacket,North,Bob Smith,2,861.14,0.1,1542.92,1063.3,479.63,CUST6612,ORD59918
2024-03-12,Sports,Tennis,West,Alice Johnson,5,754.83,0.09,3428.02,2353.74,1074.28,CUST5492,ORD22665
2024-07-17,Home,Appliances,North,Alice Johnson,16,780.24,0.27,9108.42,3935.17,5173.25,CUST5984,ORD71309
2023-09-14,Books,Fiction,South,Bob Smith,4,324.6,0.23,996.15,589.21,406.95,CUST1873,ORD49838
2024-11-06,Books,Non-Fiction,Central,Carol Davis,12,996.65,0.2,9566.91,4497.44,5069.46,CUST5004,ORD42388
2024-07-16,Clothing,Jacket,South,Bob Smith,6,482.49,0.25,2179.77,1132.73,1047.04,CUST5032,ORD97557
2024-02-12,Electronics,Headphones,West,Bob Smith,10,512.18,0.16,4317.9,1750.29,2567.61,CUST3179,ORD78309
2023-12-29,Clothing,T-Shirt,East,Carol Davis,12,737.4,0.06,8357.99,5507.0,2850.99,CUST6970,ORD25355
2024-01-13,Clothing,Jacket,North,Eve Wilson,11,776.45,0.01,8461.07,3772.84,4688.23,CUST2629,ORD79985
2024-06-28,Sports,Tennis,Central,Alice Johnson,20,186.2,0.06,3510.69,1976.26,1534.43,CUST3651,ORD24619
2023-01-16,Electronics,Headphones,East,Carol Davis,1,390.19,0.01,386.0,253.35,132.65,CUST7039,ORD24714
2023-03-25,Sports,Basketball,Central,Alice Johnson,18,733.0,0.05,12577.0,6466.35,6110.65,CUST6187,ORD10475
2024-02-16,Books,Non-Fiction,Central,Eve Wilson,14,699.25,0.26,7226.48,4115.49,3110.98,CUST3296,ORD60607
2023-08-04,Electronics,Headphones,West,Eve Wilson,16,494.79,0.03,7694.74,5194.14,2500.6,CUST4163,ORD84874
2023-06-18,Electronics,Camera,North,Eve Wilson,17,637.53,0.17,8963.83,4924.14,4039.69,CUST5144,ORD37239
2023-03-14,Clothing,Jeans,South,Bob Smith,2,366.66,0.19,596.59,399.92,196.68,CUST3029,ORD84028
2023-10-02,Electronics,Headphones,East,Bob Smith,9,958.23,0.23,6622.04,3167.89,3454.15,CUST3575,ORD48215
2024-09-09,Sports,Football,East,Bob Smith,5,44.36,0.08,205.02,95.08,109.93,CUST6479,ORD47283
2024-11-23,Home,Furniture,Central,Carol Davis,17,639.0,0.25,8183.88,4758.08,3425.79,CUST5298,ORD19060
2023-01-19,Electronics,Headphones,West,Bob Smith,17,172.21,0.28,2098.94,1466.89,632.05,CUST3134,ORD71723
2024-02-16,Home,Kitchen,East,Eve Wilson,1,635.67,0.27,466.57,271.53,195.04,CUST2453,ORD33112
2024-08-03,Electronics,Tablet,Central,Bob Smith,14,587.03,0.27,5963.83,3492.55,2471.27,CUST8374,ORD59742
2023-02-14,Sports,Football,North,Alice Johnson,1,836.03,0.23,642.64,398.62,244.03,CUST8249,ORD34525
2024-03-05,Clothing,Jeans,North,David Brown,17,688.05,0.22,9171.46,6197.89,2973.57,CUST2642,ORD35856
2023-02-25,Home,Decor,West,David Brown,3,98.4,0.04,284.77,163.42,121.35,CUST9059,ORD75475
2023-12-27,Home,Appliances,South,Eve Wilson,6,50.91,0.06,286.93,118.44,168.49,CUST5468,ORD85908
2024-06-30,Sports,Football,South,David Brown,5,123.81,0.24,468.68,200.08,268.6,CUST1111,ORD81234
2024-10-27,Sports,Football,East,Alice Johnson,6,447.67,0.01,2668.48,1580.68,1087.8,CUST8708,ORD75372
2024-02-20,Clothing,Shoes,West,Bob Smith,8,882.5,0.12,6210.25,3594.55,2615.7,CUST7006,ORD70817
2023-08-13,Electronics,Headphones,Central,Eve Wilson,12,153.99,0.12,1634.09,1103.23,530.86,CUST6560,ORD56349
2023-08-07,Home,Kitchen,Central,Carol Davis,14,874.15,0.08,11220.45,7400.7,3819.75,CUST3522,ORD46547
2024-10-09,Sports,Basketball,West,David Brown,5,296.59,0.2,1181.97,614.81,567.15,CUST9471,ORD25957
2023-08-12,Electronics,Laptop,Central,Alice Johnson,12,377.0,0.12,4000.8,2335.97,1664.83,CUST2251,ORD92103
2023-10-01,Electronics,Laptop,South,Carol Davis,2,648.52,0.28,932.92,525.82,407.11,CUST6541,ORD18665
2024-05-26,Home,Kitchen,North,Bob Smith,10,174.3,0.24,1317.28,783.22,534.06,CUST1552,ORD95729
2024-03-05,Books,Non-Fiction,North,Eve Wilson,10,201.83,0.05,1916.38,1209.06,707.32,CUST2438,ORD35739
2024-09-08,Clothing,T-Shirt,South,David Brown,5,86.8,0.29,306.24,211.17,95.06,CUST3857,ORD71232
2023-09-06,Electronics,Headphones,West,David Brown,5,205.38,0.29,726.32,373.35,352.97,CUST8703,ORD40867
2023-09-28,Home,Kitchen,East,Carol Davis,15,98.1,0.03,1422.79,961.31,461.48,CUST5457,ORD91092
2023-02-17,Home,Decor,North,Eve Wilson,10,421.99,0.24,3204.39,2044.41,1159.98,CUST6867,ORD59271
2024-06-18,Sports,Basketball,Central,Carol Davis,20,901.3,0.24,13746.29,7986.8,5759.49,CUST1853,ORD59815
2023-02-28,Electronics,Laptop,West,David Brown,1,324.01,0.09,294.89,186.79,108.1,CUST8222,ORD98475
2023-06-05,Clothing,Jacket,West,Bob Smith,9,570.83,0.05,4878.03,2588.64,2289.39,CUST5640,ORD55372
2023-08-28,Electronics,Headphones,East,Eve Wilson,19,736.37,0.02,13665.31,8182.92,5482.39,CUST6663,ORD61211
2024-09-30,Sports,Golf,North,Carol Davis,8,690.92,0.06,5199.32,3467.76,1731.56,CUST5321,ORD12765
2024-01-15,Clothing,Jeans,Central,Bob Smith,11,863.88,0.0,9478.25,4047.76,5430.49,CUST8202,ORD72365
2023-08-09,Sports,Basketball,South,Bob Smith,19,599.82,0.06,10691.7,5718.71,4973.0,CUST8844,ORD28105
2024-04-14,Home,Decor,East,Eve Wilson,18,783.3,0.0,14048.93,6006.17,8042.77,CUST1468,ORD35790
2024-07-21,Clothing,T-Shirt,North,Alice Johnson,6,367.64,0.14,1891.83,1228.42,663.41,CUST8576,ORD29889
2024-06-05,Sports,Basketball,South,Bob Smith,4,749.59,0.03,2915.79,1214.14,1701.65,CUST4359,ORD58825
2024-10-11,Clothing,Shoes,West,David Brown,15,155.87,0.27,1704.47,1122.56,581.91,CUST6726,ORD50959
2023-10-22,Books,Fiction,East,David Brown,8,853.29,0.04,6566.68,3653.87,2912.81,CUST8856,ORD97846
2023-04-19,Sports,Football,East,Eve Wilson,17,244.69,0.25,3115.69,2171.6,944.09,CUST2104,ORD37463
2024-08-03,Books,Biography,North,Bob Smith,1,274.46,0.27,200.3,81.78,118.51,CUST8255,ORD20114
2023-12-19,Books,History,East,Eve Wilson,15,61.58,0.27,672.27,409.37,262.91,CUST3502,ORD57051
2023-06-28,Clothing,Shoes,West,Alice Johnson,6,353.61,0.02,2080.47,1455.57,624.9,CUST3055,ORD84119
2023-06-14,Sports,Football,North,Alice Johnson,7,674.26,0.1,4256.09,2414.82,1841.27,CUST4179,ORD89214
2023-08-04,Home,Garden,North,David Brown,14,536.55,0.1,6776.03,3378.26,3397.76,CUST8032,ORD75445
2023-12-11,Clothing,T-Shirt,East,Eve Wilson,12,370.27,0.07,4132.72,1948.73,2183.99,CUST4115,ORD49310
2024-03-19,Clothing,T-Shirt,West,Alice Johnson,5,202.02,0.15,859.88,463.2,396.68,CUST8806,ORD70512
2024-01-28,Books,Biography,South,David Brown,11,672.67,0.22,5751.32,3296.82,2454.5,CUST1953,ORD51102
2023-02-27,Clothing,Hat,West,Eve Wilson,18,34.9,0.15,533.67,273.27,260.4,CUST6092,ORD50458
2024-06-06,Sports,Football,East,Eve Wilson,2,674.36,0.21,1066.86,439.31,627.55,CUST2941,ORD26558
2024-02-06,Home,Appliances,South,Carol Davis,6,268.06,0.03,1562.14,700.38,861.76,CUST3086,ORD33611
2023-01-14,Home,Decor,North,Bob Smith,4,644.57,0.29,1839.17,761.46,1077.71,CUST3220,ORD40787
2024-08-10,Clothing,Jacket,South,Eve Wilson,12,763.56,0.12,8040.87,5516.66,2524.22,CUST7524,ORD20817
2023-03-09,Home,Decor,Central,Carol Davis,16,808.29,0.21,10254.94,7079.13,3175.81,CUST5927,ORD94156
2024-07-16,Home,Garden,South,David Brown,8,557.98,0.15,3787.17,2062.93,1724.24,CUST6432,ORD34624
2023-10-06,Home,Appliances,Central,Alice Johnson,2,296.99,0.13,518.72,227.96,290.76,CUST2277,ORD22992
2024-03-30,Home,Kitchen,North,Carol Davis,12,575.28,0.23,5334.13,2671.67,2662.46,CUST6008,ORD11221
2023-08-17,Books,History,West,Carol Davis,3,515.95,0.17,1284.57,836.63,447.95,CUST7131,ORD66553
2024-11-23,Sports,Golf,South,Alice Johnson,4,519.48,0.11,1846.08,878.23,967.85,CUST9952,ORD42628
2024-02-21,Home,Garden,East,David Brown,20,49.92,0.16,837.78,532.56,305.21,CUST4118,ORD89610
2024-10-31,Clothing,Hat,Central,Eve Wilson,17,514.86,0.18,7172.69,4522.14,2650.55,CUST3773,ORD59218
2023-01-02,Sports,Golf,North,Eve Wilson,9,122.99,0.02,1083.23,647.09,436.14,CUST4125,ORD74481
2023-10-07,Clothing,Jeans,East,Alice Johnson,3,430.42,0.2,1036.48,432.5,603.97,CUST9139,ORD89707
2024-01-01,Home,Appliances,South,David Brown,18,962.26,0.27,12627.39,8366.72,4260.67,CUST3086,ORD26938
2024-08-21,Books,Non-Fiction,East,Carol Davis,16,169.45,0.18,2227.46,1144.67,1082.79,CUST5947,ORD63548
2024-12-16,Sports,Football,East,Carol Davis,9,319.34,0.05,2742.68,1836.64,906.04,CUST3136,ORD89492
2024-01-08,Sports,Soccer,West,Alice Johnson,20,821.95,0.25,12391.84,6517.46,5874.38,CUST8492,ORD95472
2023-11-03,Clothing,T-Shirt,West,Bob Smith,17,540.39,0.09,8360.02,5193.23,3166.79,CUST5522,ORD43400
2023-10-28,Sports,Football,North,Carol Davis,16,64.4,0.12,910.05,622.85,287.2,CUST3425,ORD51365
2024-06-09,Clothing,Jacket,West,Alice Johnson,6,90.35,0.05,517.39,347.37,170.01,CUST3262,ORD80429
2023-01-13,Electronics,Laptop,South,Alice Johnson,19,761.71,0.06,13609.6,7821.48,5788.12,CUST6232,ORD57239
2023-06-27,Electronics,Camera,West,Eve Wilson,1,959.51,0.23,737.08,308.86,428.21,CUST8358,ORD70746
2024-07-14,Electronics,Tablet,East,Alice Johnson,2,344.0,0.24,523.74,267.7,256.04,CUST7565,ORD61623
2023-08-04,Home,Furniture,North,Alice Johnson,11,693.03,0.29,5425.16,2393.88,3031.27,CUST7692,ORD46152
2024-07-15,Books,Science,East,Carol Davis,16,108.27,0.26,1273.72,778.5,495.23,CUST3952,ORD62102
2024-10-22,Home,Garden,East,David Brown,13,21.84,0.21,223.0,107.87,115.12,CUST6619,ORD31762
2024-04-20,Home,Appliances,East,Carol Davis,4,525.15,0.16,1774.94,994.08,780.85,CUST9885,ORD95249
2024-03-25,Electronics,Headphones,Central,Carol Davis,20,87.75,0.19,1425.11,807.25,617.86,CUST8127,ORD58173
2024-10-10,Home,Kitchen,East,David Brown,2,10.6,0.01,20.91,8.7,12.21,CUST3169,ORD13551
2024-07-04,Electronics,Phone,East,Eve Wilson,5,790.88,0.21,3136.58,1560.11,1576.47,CUST4555,ORD67991
2023-01-27,Clothing,Shoes,North,David Brown,14,531.99,0.25,5549.57,3097.6,2451.97,CUST2334,ORD68384
2023-01-30,Clothing,Jacket,North,Carol Davis,8,906.3,0.19,5839.26,3105.89,2733.37,CUST5149,ORD26703
2024-08-06,Books,Biography,North,David Brown,2,270.74,0.12,478.27,199.75,278.52,CUST9651,ORD65049
2024-06-13,Books,Science,South,Carol Davis,10,39.04,0.26,287.7,158.63,129.07,CUST4524,ORD10119
2023-01-25,Electronics,Headphones,Central,David Brown,8,268.06,0.02,2099.16,1170.5,928.66,CUST5878,ORD42618
2024-01-08,Sports,Soccer,North,David Brown,17,593.67,0.09,9163.54,3666.64,5496.91,CUST2114,ORD74423
2023-11-18,Electronics,Phone,North,Alice Johnson,16,831.64,0.11,11780.14,5101.64,6678.5,CUST2402,ORD82877
2024-11-16,Clothing,Hat,West,Carol Davis,6,655.63,0.11,3508.02,2362.93,1145.09,CUST9845,ORD26595
2023-04-29,Clothing,Hat,Central,Alice Johnson,17,946.65,0.14,13884.57,8921.51,4963.06,CUST5887,ORD41199
2023-02-18,Books,Non-Fiction,East,Carol Davis,6,775.06,0.16,3899.05,1786.37,2112.68,CUST5325,ORD58066
2024-08-10,Electronics,Tablet,East,Eve Wilson,11,653.56,0.07,6650.04,2768.45,3881.59,CUST2946,ORD78876
2023-02-15,Books,Fiction,South,Carol Davis,7,475.56,0.18,2722.71,1832.94,889.77,CUST6487,ORD67511
2023-03-30,Home,Decor,South,David Brown,19,19.48,0.18,303.24,138.14,165.09,CUST8305,ORD73628
2024-01-18,Clothing,T-Shirt,Central,Bob Smith,9,180.38,0.17,1354.91,601.91,753.0,CUST5471,ORD67998
2024-07-25,Books,Science,South,Eve Wilson,17,461.83,0.22,6111.26,2940.97,3170.3,CUST6287,ORD16096
2024-09-22,Books,Fiction,North,Carol Davis,20,209.3,0.12,3663.57,2172.56,1491.01,CUST5144,ORD29526
2024-02-06,Books,History,West,Eve Wilson,13,917.22,0.1,10721.14,6548.59,4172.55,CUST4761,ORD85116
2023-07-14,Home,Decor,North,Bob Smith,7,472.0,0.12,2898.49,1388.28,1510.21,CUST8798,ORD14479
2023-07-29,Electronics,Phone,West,Bob Smith,5,902.94,0.07,4198.45,2842.81,1355.65,CUST1383,ORD35779
2023-12-16,Sports,Soccer,Central,David Brown,3,553.53,0.23,1276.96,655.29,621.67,CUST3707,ORD90139
2024-11-08,Sports,Tennis,Central,Alice Johnson,15,596.17,0.21,7082.58,3668.32,3414.27,CUST1791,ORD53447
2024-08-08,Clothing,Hat,North,Alice Johnson,9,127.64,0.28,832.29,580.01,252.29,CUST4012,ORD65665
2024-10-22,Clothing,Shoes,South,Alice Johnson,2,989.42,0.02,1941.7,1148.94,792.76,CUST8194,ORD47664
2023-04-13,Home,Kitchen,Central,Eve Wilson,5,213.18,0.27,776.05,482.28,293.77,CUST9920,ORD76358
2023-10-31,Books,History,West,Eve Wilson,17,292.25,0.24,3800.51,2210.67,1589.84,CUST9310,ORD43215
2024-12-07,Electronics,Headphones,East,Carol Davis,5,326.47,0.28,1171.75,758.5,413.26,CUST3175,ORD34727
2024-06-13,Books,Fiction,Central,Eve Wilson,17,112.99,0.01,1893.93,931.35,962.58,CUST6170,ORD77244
2023-09-14,Sports,Golf,South,Carol Davis,15,344.61,0.11,4615.31,1893.41,2721.9,CUST1281,ORD82452
2024-04-19,Sports,Basketball,South,Alice Johnson,13,911.03,0.13,10336.52,6285.83,4050.69,CUST7108,ORD34409
2023-02-12,Electronics,Tablet,North,Carol Davis,15,217.57,0.15,2768.19,1697.65,1070.54,CUST6846,ORD97538
2023-03-03,Clothing,T-Shirt,North,David Brown,13,40.58,0.24,402.24,277.33,124.91,CUST7724,ORD50466
2023-07-11,Home,Decor,Central,Alice Johnson,4,762.51,0.14,2609.22,1601.07,1008.15,CUST5266,ORD66009
2023-02-01,Electronics,Tablet,East,Alice Johnson,11,379.93,0.01,4135.32,2350.74,1784.58,CUST8799,ORD29782
2023-08-26,Sports,Tennis,East,David Brown,2,933.29,0.27,1366.0,738.34,627.66,CUST4965,ORD25809
2024-07-22,Electronics,Phone,West,Carol Davis,8,482.71,0.02,3784.39,2465.31,1319.08,CUST9344,ORD64674
2024-04-29,Electronics,Phone,North,David Brown,20,638.48,0.07,11928.72,8108.77,3819.95,CUST9485,ORD55186
2024-09-14,Clothing,Jacket,West,Carol Davis,10,108.05,0.09,985.05,601.32,383.73,CUST3730,ORD99742
2023-01-12,Sports,Football,North,Carol Davis,15,639.11,0.07,8910.42,5670.7,3239.72,CUST5715,ORD32448
2024-05-25,Sports,Basketball,East,Eve Wilson,20,511.5,0.07,9481.03,4296.53,5184.49,CUST5842,ORD69632
2024-02-18,Clothing,T-Shirt,Central,Bob Smith,1,805.53,0.04,770.85,519.04,251.8,CUST9658,ORD45935
2023-11-19,Home,Furniture,North,Carol Davis,1,551.71,0.19,446.87,306.68,140.18,CUST2279,ORD20020
2024-07-07,Sports,Football,South,David Brown,20,393.76,0.05,7452.96,3304.11,4148.85,CUST8151,ORD27236
2023-06-09,Sports,Tennis,North,Carol Davis,3,578.33,0.16,1461.3,1014.09,447.21,CUST6148,ORD75608
2024-11-10,Sports,Basketball,South,Carol Davis,13,169.16,0.04,2115.18,1058.98,1056.19,CUST1033,ORD16860
2024-02-12,Books,Fiction,Central,David Brown,13,20.21,0.2,209.26,86.82,122.44,CUST2544,ORD34695
2023-11-16,Electronics,Phone,North,Carol Davis,14,290.98,0.19,3285.63,1960.11,1325.51,CUST2444,ORD98094
2023-08-08,Home,Garden,East,Bob Smith,10,467.77,0.01,4629.6,2634.05,1995.55,CUST1484,ORD83576
2023-03-04,Books,Fiction,Central,Carol Davis,13,689.21,0.23,6912.95,2931.44,3981.51,CUST9609,ORD56048
2024-02-04,Clothing,Jeans,Central,Eve Wilson,15,628.09,0.15,8018.44,4490.12,3528.31,CUST2956,ORD61453
2023-07-20,Clothing,Jacket,West,Bob Smith,5,486.24,0.1,2189.53,1031.89,1157.64,CUST7476,ORD53320
2023-06-14,Home,Garden,South,Bob Smith,20,232.52,0.12,4074.13,2171.8,1902.33,CUST6795,ORD71381
2024-08-02,Electronics,Camera,Central,Eve Wilson,20,928.41,0.13,16156.84,10580.49,5576.36,CUST1718,ORD21813
2023-12-01,Electronics,Laptop,Central,David Brown,10,115.33,0.24,874.63,426.86,447.77,CUST6430,ORD10252
2024-10-25,Sports,Tennis,North,Bob Smith,8,343.31,0.21,2174.82,1374.58,800.24,CUST4764,ORD27090
2024-03-08,Clothing,Jeans,Central,Alice Johnson,4,648.7,0.24,1963.2,863.86,1099.34,CUST6387,ORD72184
2024-10-10,Sports,Tennis,South,David Brown,18,336.35,0.29,4288.21,2416.51,1871.7,CUST9663,ORD29798
2024-10-24,Clothing,Hat,South,Bob Smith,10,910.13,0.13,7958.46,4405.25,3553.21,CUST5784,ORD10336
2023-07-01,Electronics,Phone,South,Alice Johnson,15,101.22,0.05,1447.26,894.07,553.19,CUST3074,ORD69223
2024-03-25,Home,Garden,Central,Carol Davis,17,855.95,0.1,13041.77,5222.05,7819.71,CUST3724,ORD62150
2024-04-18,Books,Fiction,Central,Eve Wilson,7,355.75,0.18,2042.43,1033.37,1009.06,CUST5540,ORD63402
2023-12-29,Books,Fiction,West,David Brown,4,286.36,0.25,864.78,386.76,478.03,CUST6603,ORD38236
2023-01-17,Clothing,Jeans,Central,Eve Wilson,16,107.36,0.04,1657.04,1012.89,644.14,CUST4281,ORD33962
2023-10-19,Sports,Football,South,Alice Johnson,5,342.45,0.2,1373.92,948.32,425.6,CUST5189,ORD44956
2024-11-02,Sports,Football,West,David Brown,17,72.31,0.24,935.99,402.96,533.02,CUST8696,ORD72185
2023-11-11,Electronics,Camera,West,Carol Davis,9,98.9,0.12,784.89,450.2,334.69,CUST5431,ORD11127
2023-03-16,Home,Furniture,West,Bob Smith,17,350.03,0.01,5869.95,3688.5,2181.45,CUST9714,ORD35229
2024-02-17,Electronics,Laptop,North,Bob Smith,1,448.89,0.11,398.51,259.69,138.83,CUST3615,ORD22806
2023-06-16,Electronics,Phone,West,Eve Wilson,3,624.78,0.21,1485.99,707.85,778.15,CUST5970,ORD55699
2023-04-27,Sports,Basketball,North,Carol Davis,2,716.9,0.26,1061.09,635.08,426.01,CUST7268,ORD95141
2024-03-09,Clothing,Jeans,West,Alice Johnson,12,666.89,0.04,7668.84,3983.54,3685.3,CUST1569,ORD55534
2024-06-26,Home,Furniture,South,Eve Wilson,10,350.57,0.13,3045.23,1530.03,1515.2,CUST2357,ORD95578
2023-01-03,Sports,Golf,West,Eve Wilson,13,345.9,0.11,3992.28,2227.66,1764.62,CUST5329,ORD53795
2023-12-04,Sports,Basketball,East,Eve Wilson,20,221.97,0.24,3352.98,1692.21,1660.77,CUST5650,ORD93776
2023-06-08,Sports,Soccer,South,Bob Smith,2,365.5,0.01,722.85,400.93,321.92,CUST4435,ORD52351
2023-02-24,Electronics,Phone,West,Eve Wilson,19,896.89,0.09,15469.86,8273.1,7196.77,CUST5973,ORD72126
2023-06-02,Home,Furniture,South,Carol Davis,1,381.54,0.28,274.27,153.86,120.41,CUST2755,ORD34158
2024-06-19,Books,Science,East,Eve Wilson,17,601.62,0.02,10051.72,4033.48,6018.25,CUST2320,ORD97869
2023-09-27,Sports,Basketball,East,Eve Wilson,9,992.2,0.14,7709.73,4059.62,3650.11,CUST2492,ORD11542
2023-04-24,Clothing,Jacket,West,Eve Wilson,19,657.32,0.12,10938.34,5040.93,5897.41,CUST6367,ORD48213
2023-02-14,Home,Kitchen,North,Alice Johnson,3,953.32,0.16,2396.47,979.06,1417.41,CUST2896,ORD64767
2024-04-02,Clothing,Shoes,East,David Brown,18,664.25,0.17,9924.5,4494.19,5430.31,CUST6794,ORD86166
2024-05-12,Sports,Golf,Central,David Brown,1,533.02,0.08,488.85,331.95,156.9,CUST6278,ORD15238
2024-08-17,Sports,Football,North,Alice Johnson,18,847.62,0.17,12713.86,5243.5,7470.35,CUST6448,ORD13293
2024-02-22,Home,Furniture,East,Bob Smith,16,359.01,0.02,5606.99,3075.82,2531.17,CUST8266,ORD61503
2024-07-24,Electronics,Laptop,North,Alice Johnson,19,814.06,0.29,10986.76,4698.49,6288.27,CUST7261,ORD16699
2024-12-16,Sports,Tennis,West,Eve Wilson,7,465.49,0.08,3000.21,1502.75,1497.45,CUST8795,ORD43749
2023-07-23,Sports,Soccer,West,Carol Davis,15,157.49,0.05,2233.64,1135.14,1098.5,CUST1560,ORD82637
2023-11-10,Books,History,East,Alice Johnson,3,755.67,0.1,2050.93,898.79,1152.15,CUST7397,ORD33152
2023-07-07,Clothing,Jacket,West,David Brown,5,728.12,0.1,3279.99,2160.79,1119.2,CUST7434,ORD25430
2024-05-10,Sports,Golf,Central,Eve Wilson,15,858.95,0.11,11474.27,4698.57,6775.7,CUST1795,ORD76965
2023-08-10,Clothing,Jeans,North,David Brown,17,398.46,0.11,6005.94,3258.27,2747.67,CUST6996,ORD87697
2024-11-30,Electronics,Phone,South,Bob Smith,19,570.38,0.18,8929.32,4667.39,4261.93,CUST4447,ORD96745
2024-03-22,Electronics,Tablet,South,Eve Wilson,16,30.75,0.14,421.02,174.88,246.15,CUST8335,ORD47052
2023-12-08,Clothing,Shoes,East,Alice Johnson,20,344.17,0.09,6230.45,3810.22,2420.23,CUST8433,ORD89165
2023-01-25,Clothing,Hat,East,Alice Johnson,16,456.38,0.01,7208.27,2964.01,4244.26,CUST2191,ORD75254
2023-12-05,Books,Biography,West,Carol Davis,4,904.69,0.21,2846.89,1385.35,1461.54,CUST1151,ORD31892
2023-04-30,Clothing,Shoes,East,Eve Wilson,15,887.38,0.18,10906.02,6190.09,4715.93,CUST6200,ORD79354
2024-02-12,Sports,Basketball,South,Bob Smith,4,255.02,0.19,823.01,492.96,330.05,CUST1957,ORD75374
2023-04-06,Sports,Soccer,North,Alice Johnson,13,685.7,0.21,7075.85,3139.64,3936.21,CUST6250,ORD41547
2023-11-26,Books,Fiction,North,Eve Wilson,20,932.81,0.09,16982.15,7439.44,9542.72,CUST9699,ORD61044
2024-03-02,Home,Appliances,North,Carol Davis,18,683.52,0.0,12285.97,6268.55,6017.42,CUST9446,ORD52994
2024-02-25,Books,History,West,Eve Wilson,9,558.6,0.25,3784.46,1825.6,1958.85,CUST2113,ORD70759
2024-09-15,Home,Furniture,West,Eve Wilson,4,615.28,0.29,1748.94,971.29,777.65,CUST6302,ORD72706
2023-07-22,Electronics,Headphones,East,Bob Smith,1,841.21,0.25,630.6,304.83,325.76,CUST9955,ORD85633
2024-01-13,Sports,Basketball,East,Alice Johnson,12,465.38,0.28,4044.72,2182.73,1861.99,CUST9344,ORD28167
2023-05-31,Books,Biography,Central,Eve Wilson,6,861.5,0.04,4944.82,3437.13,1507.68,CUST8807,ORD88736
2024-06-21,Clothing,Hat,South,Carol Davis,6,841.51,0.17,4209.28,2884.87,1324.41,CUST6198,ORD66495
2024-05-08,Clothing,Jeans,East,Carol Davis,15,310.83,0.07,4341.49,2965.34,1376.15,CUST7243,ORD88763
2024-08-22,Electronics,Tablet,Central,Alice Johnson,5,538.97,0.13,2355.93,1397.9,958.04,CUST4233,ORD24244
2023-08-01,Electronics,Headphones,West,Alice Johnson,18,917.46,0.27,12042.09,8236.28,3805.81,CUST4291,ORD74403
2023-12-07,Home,Garden,South,David Brown,12,645.34,0.01,7685.59,4338.66,3346.93,CUST5519,ORD48513
2024-05-29,Electronics,Headphones,Central,Carol Davis,16,237.79,0.09,3465.9,1479.79,1986.11,CUST9090,ORD75413
2023-03-08,Books,History,East,Eve Wilson,4,823.89,0.12,2883.93,1193.82,1690.11,CUST5928,ORD95280
2024-07-02,Sports,Tennis,West,Carol Davis,10,720.88,0.24,5500.36,2876.73,2623.64,CUST7640,ORD62296
2023-01-31,Sports,Tennis,Central,David Brown,5,713.69,0.03,3476.09,1992.67,1483.42,CUST7318,ORD56092
2023-11-08,Electronics,Laptop,Central,Eve Wilson,14,518.77,0.16,6128.96,3251.3,2877.66,CUST5169,ORD34986
2023-08-04,Clothing,Jeans,East,Alice Johnson,7,57.74,0.03,390.62,188.16,202.46,CUST5812,ORD75840
2024-01-28,Electronics,Phone,South,Carol Davis,8,392.77,0.13,2744.73,1751.55,993.18,CUST4442,ORD14731
2024-04-08,Books,History,East,Alice Johnson,8,419.09,0.1,3023.88,2104.76,919.13,CUST8159,ORD42461
2023-06-02,Electronics,Phone,North,Eve Wilson,2,251.37,0.13,435.29,254.67,180.62,CUST1246,ORD81128
2023-03-05,Sports,Basketball,Central,Eve Wilson,4,348.51,0.02,1367.72,921.96,445.76,CUST7537,ORD99606
2024-05-28,Sports,Basketball,Central,Carol Davis,9,85.37,0.01,759.85,493.02,266.83,CUST5694,ORD85461
2023-05-02,Electronics,Phone,North,Eve Wilson,3,441.18,0.11,1171.91,665.32,506.59,CUST3248,ORD92116
2024-09-12,Home,Decor,South,David Brown,12,799.41,0.16,8070.28,4833.46,3236.82,CUST5117,ORD29182
2024-11-18,Home,Kitchen,East,Eve Wilson,19,829.39,0.26,11625.76,6878.41,4747.34,CUST1130,ORD11812
2024-07-12,Books,Science,North,Carol Davis,19,745.41,0.09,12819.06,7298.72,5520.34,CUST4419,ORD94143
2023-09-29,Electronics,Laptop,South,Bob Smith,1,885.42,0.25,661.58,455.2,206.38,CUST5915,ORD78895
2023-03-21,Clothing,Jeans,South,David Brown,12,952.62,0.18,9320.14,6406.82,2913.33,CUST8584,ORD77090
2024-12-18,Clothing,Hat,North,Eve Wilson,5,16.33,0.16,68.64,44.31,24.32,CUST6370,ORD90942
2023-07-12,Sports,Soccer,West,Carol Davis,18,98.24,0.04,1690.27,1172.32,517.95,CUST9296,ORD68209
2023-05-03,Home,Decor,West,Eve Wilson,19,385.01,0.01,7233.42,3251.29,3982.13,CUST2155,ORD45099
2023-12-20,Books,Fiction,South,Alice Johnson,12,252.38,0.16,2547.15,1427.89,1119.26,CUST7300,ORD35589
2023-06-13,Home,Appliances,North,Bob Smith,2,55.34,0.14,95.44,63.05,32.39,CUST6960,ORD48511
2023-06-28,Electronics,Tablet,North,Eve Wilson,12,271.09,0.26,2411.03,1145.91,1265.12,CUST5930,ORD68404
2023-04-09,Home,Kitchen,North,Bob Smith,3,889.52,0.07,2487.94,1098.69,1389.25,CUST3344,ORD41172
2023-10-30,Clothing,Jacket,East,Bob Smith,14,127.6,0.08,1644.71,805.15,839.56,CUST6923,ORD39408
2024-08-31,Electronics,Tablet,West,David Brown,17,312.33,0.02,5210.74,3119.64,2091.1,CUST4691,ORD59403
2024-06-07,Books,Science,South,Carol Davis,19,153.71,0.09,2646.92,1091.44,1555.48,CUST9708,ORD91434
2023-07-13,Clothing,Shoes,North,David Brown,6,34.79,0.14,179.34,120.87,58.48,CUST5899,ORD65616
2024-07-18,Electronics,Camera,North,Alice Johnson,11,891.38,0.29,6926.1,3424.6,3501.5,CUST7562,ORD20587
2023-06-01,Clothing,Hat,West,Eve Wilson,10,29.75,0.2,237.59,116.39,121.2,CUST1581,ORD52322
2024-11-10,Home,Appliances,Central,Eve Wilson,3,534.48,0.02,1563.88,925.52,638.36,CUST7244,ORD50926
2024-09-16,Electronics,Laptop,Central,Alice Johnson,9,794.51,0.04,6890.59,3167.36,3723.22,CUST9359,ORD79336
2023-01-30,Books,Science,West,David Brown,5,40.15,0.28,144.21,84.59,59.62,CUST5290,ORD65942
2023-08-03,Electronics,Phone,East,Alice Johnson,17,414.46,0.28,5061.87,2736.65,2325.22,CUST2869,ORD95129
2023-01-01,Electronics,Laptop,West,Carol Davis,11,544.11,0.22,4694.18,2027.26,2666.92,CUST7544,ORD12503
2024-07-16,Books,Fiction,Central,Eve Wilson,16,126.37,0.0,2016.63,1233.11,783.52,CUST1322,ORD35211
2024-08-13,Electronics,Tablet,South,Eve Wilson,20,957.29,0.25,14293.96,9759.76,4534.2,CUST6376,ORD32316
2024-10-03,Home,Garden,North,Bob Smith,2,163.45,0.11,289.37,149.95,139.42,CUST6820,ORD48864
2023-09-22,Home,Appliances,Central,Carol Davis,19,274.36,0.23,4003.98,2477.58,1526.4,CUST1882,ORD68040
2023-01-01,Clothing,Shoes,West,Alice Johnson,14,705.29,0.2,7860.66,4411.86,3448.8,CUST4603,ORD29653
2023-06-02,Books,History,East,Alice Johnson,5,613.31,0.16,2587.22,1716.77,870.45,CUST5413,ORD65745
2023-05-19,Sports,Football,South,David Brown,12,787.73,0.27,6859.87,4163.49,2696.38,CUST2886,ORD79056
2024-01-10,Sports,Basketball,Central,Alice Johnson,10,911.65,0.29,6490.01,3749.87,2740.15,CUST5515,ORD26938
2024-10-15,Books,Biography,West,Bob Smith,6,238.1,0.01,1408.03,724.73,683.3,CUST4212,ORD29176
2023-03-31,Clothing,Shoes,East,Carol Davis,1,37.45,0.09,34.09,18.6,15.49,CUST8171,ORD76966
2023-11-10,Electronics,Camera,East,David Brown,16,21.74,0.13,302.62,208.05,94.57,CUST5171,ORD38198
2024-06-06,Home,Decor,North,Bob Smith,20,738.29,0.06,13926.81,9292.12,4634.69,CUST6966,ORD55013
2023-04-20,Sports,Soccer,West,David Brown,17,889.91,0.28,10847.34,4646.17,6201.18,CUST5557,ORD24248
2023-03-07,Books,History,South,Carol Davis,13,517.96,0.1,6040.59,3248.29,2792.3,CUST6454,ORD55105
2024-09-22,Clothing,Hat,South,Bob Smith,15,992.3,0.12,13081.12,7030.38,6050.74,CUST8389,ORD20206
2023-09-25,Clothing,Hat,West,Eve Wilson,4,363.28,0.04,1388.58,576.43,812.15,CUST5434,ORD50608
2024-04-23,Clothing,T-Shirt,Central,Alice Johnson,13,296.03,0.14,3327.54,2174.68,1152.86,CUST5528,ORD20785
2023-03-26,Sports,Tennis,West,Eve Wilson,14,515.78,0.16,6099.22,3591.82,2507.39,CUST4335,ORD88767
2024-04-25,Books,History,East,Carol Davis,10,707.27,0.08,6529.18,3875.79,2653.4,CUST7410,ORD93592
2023-01-12,Sports,Golf,Central,Eve Wilson,3,407.12,0.09,1112.86,457.05,655.8,CUST4271,ORD80858
2024-05-17,Sports,Basketball,North,David Brown,2,153.61,0.03,296.55,205.14,91.42,CUST5972,ORD38281
2024-06-15,Electronics,Laptop,South,Carol Davis,12,726.41,0.12,7664.68,3395.07,4269.62,CUST8823,ORD43761
2023-05-06,Home,Kitchen,Central,Alice Johnson,12,949.3,0.17,9442.91,6088.57,3354.34,CUST1847,ORD84433
2023-01-21,Electronics,Laptop,South,Carol Davis,3,798.33,0.14,2051.88,1064.45,987.43,CUST1067,ORD44904
2024-05-25,Electronics,Headphones,North,Bob Smith,12,977.97,0.14,10131.17,4458.35,5672.82,CUST4946,ORD46217
2023-12-24,Sports,Basketball,North,Carol Davis,13,292.17,0.2,3042.67,1623.82,1418.85,CUST3680,ORD22706
2024-10-28,Books,History,West,David Brown,20,694.22,0.24,10607.5,7414.71,3192.79,CUST6992,ORD53550
2023-12-11,Clothing,Jacket,West,Bob Smith,7,341.11,0.03,2305.45,1264.09,1041.36,CUST3208,ORD97238
2024-12-16,Books,Fiction,Central,Bob Smith,19,59.37,0.18,926.78,538.07,388.71,CUST9780,ORD29215
2024-07-29,Books,Fiction,North,David Brown,2,779.36,0.2,1244.6,687.18,557.42,CUST7209,ORD24324
2023-08-11,Sports,Golf,West,David Brown,2,61.79,0.02,120.69,54.9,65.79,CUST1209,ORD89021
2024-11-04,Home,Decor,Central,Eve Wilson,4,721.03,0.16,2433.44,994.76,1438.68,CUST4039,ORD63803
2024-01-04,Clothing,Hat,East,Eve Wilson,7,955.66,0.02,6532.41,3771.94,2760.47,CUST9277,ORD22647
2023-01-23,Books,Science,East,Bob Smith,5,358.41,0.0,1790.02,1244.43,545.58,CUST2419,ORD21182
2024-12-09,Sports,Basketball,East,Alice Johnson,5,155.63,0.24,587.92,238.01,349.91,CUST2024,ORD77951
2024-09-14,Electronics,Headphones,Central,Carol Davis,1,871.54,0.11,779.17,360.34,418.83,CUST7291,ORD31624
2023-11-16,Sports,Football,North,Carol Davis,4,67.31,0.04,258.71,143.86,114.85,CUST6071,ORD74160
2024-05-21,Clothing,T-Shirt,South,Alice Johnson,6,999.88,0.29,4260.92,2455.37,1805.55,CUST7762,ORD39594
2023-12-19,Electronics,Camera,North,David Brown,8,214.98,0.18,1405.69,570.4,835.29,CUST2006,ORD17335
2024-05-14,Clothing,T-Shirt,West,Carol Davis,18,252.67,0.06,4261.17,2021.56,2239.61,CUST5981,ORD55247
2024-05-25,Clothing,Jeans,Central,David Brown,8,754.24,0.09,5463.89,3045.41,2418.48,CUST9028,ORD43229
2024-03-20,Electronics,Laptop,Central,Alice Johnson,18,31.52,0.18,462.69,219.81,242.87,CUST5014,ORD41513
2024-06-23,Home,Appliances,East,David Brown,19,693.18,0.04,12670.06,8569.98,4100.08,CUST9916,ORD18763
2023-03-06,Books,History,South,David Brown,19,560.44,0.23,8189.15,4073.46,4115.69,CUST8644,ORD95531
2023-03-15,Clothing,Jeans,East,Bob Smith,19,95.83,0.13,1591.24,740.62,850.62,CUST8667,ORD99334
2023-04-10,Books,Biography,East,Eve Wilson,20,754.11,0.26,11103.69,7745.9,3357.8,CUST7071,ORD78190
2024-02-24,Electronics,Camera,Central,Bob Smith,15,167.31,0.1,2246.32,1408.61,837.71,CUST6035,ORD57667
2024-09-07,Electronics,Camera,West,Carol Davis,16,134.83,0.1,1937.77,1160.97,776.8,CUST2325,ORD65661
2023-03-07,Books,History,East,Carol Davis,10,315.26,0.08,2897.3,1269.93,1627.37,CUST5507,ORD89120
2024-09-22,Clothing,T-Shirt,East,Alice Johnson,2,360.05,0.22,558.64,226.85,331.79,CUST7306,ORD86754
2023-02-14,Books,Science,South,Alice Johnson,19,992.15,0.0,18780.75,9391.58,9389.17,CUST6842,ORD20614
2023-01-28,Electronics,Tablet,East,Carol Davis,2,409.78,0.17,681.41,411.1,270.31,CUST7615,ORD34466
2023-11-28,Sports,Football,Central,Bob Smith,3,493.68,0.29,1048.08,496.84,551.24,CUST8450,ORD84816
2024-11-10,Home,Furniture,East,Bob Smith,15,466.66,0.19,5678.19,2876.62,2801.56,CUST8636,ORD72575
2023-01-15,Sports,Football,South,David Brown,17,975.23,0.19,13423.06,7082.24,6340.82,CUST5857,ORD18162
2024-12-22,Clothing,Shoes,South,Alice Johnson,15,70.89,0.25,795.99,416.24,379.75,CUST4920,ORD38148
2023-05-09,Home,Furniture,West,Carol Davis,17,18.2,0.21,245.16,104.76,140.41,CUST6625,ORD33266
2024-02-23,Books,Biography,West,Bob Smith,9,585.65,0.06,4933.69,2881.23,2052.46,CUST6132,ORD53611
2023-06-14,Books,Biography,North,Bob Smith,2,933.84,0.1,1684.51,974.55,709.96,CUST5779,ORD57821
2023-10-02,Electronics,Headphones,East,Bob Smith,12,509.04,0.18,4983.85,3182.15,1801.7,CUST2349,ORD33900
2023-04-22,Electronics,Phone,West,Carol Davis,13,795.26,0.01,10210.57,4988.6,5221.98,CUST5171,ORD13536
2023-06-13,Electronics,Laptop,West,Bob Smith,13,63.55,0.06,774.42,406.32,368.1,CUST9756,ORD16375
2024-11-19,Books,History,North,Alice Johnson,5,940.51,0.24,3592.54,1623.39,1969.15,CUST8714,ORD87787
2023-06-04,Clothing,Jeans,South,Bob Smith,13,538.81,0.16,5886.13,3792.45,2093.68,CUST3554,ORD25731
2024-02-03,Books,History,North,Eve Wilson,18,337.81,0.1,5498.53,2385.37,3113.16,CUST4547,ORD94463
2024-01-19,Books,Fiction,South,Alice Johnson,1,496.37,0.02,487.47,311.52,175.95,CUST5350,ORD56674
2023-11-26,Home,Appliances,South,Eve Wilson,5,501.51,0.2,2004.06,1392.19,611.88,CUST2595,ORD34563
2023-08-13,Home,Decor,Central,Carol Davis,12,776.63,0.02,9170.07,6098.29,3071.78,CUST6502,ORD80578
2024-06-16,Sports,Tennis,South,Alice Johnson,20,648.33,0.18,10662.84,7315.64,3347.2,CUST2705,ORD84461
2023-09-28,Electronics,Laptop,Central,Eve Wilson,12,668.29,0.01,7903.55,3832.95,4070.6,CUST3584,ORD38456
2024-11-20,Home,Garden,South,David Brown,16,246.07,0.28,2845.57,1720.46,1125.11,CUST5340,ORD22794
2023-07-03,Books,Biography,West,David Brown,1,344.25,0.23,265.81,148.11,117.69,CUST7454,ORD54123
2023-03-12,Books,Science,West,Bob Smith,3,64.04,0.21,151.09,89.82,61.27,CUST6040,ORD54684
2023-07-04,Sports,Tennis,South,Carol Davis,6,867.09,0.09,4756.29,3158.43,1597.85,CUST2026,ORD56754
2024-09-09,Electronics,Tablet,North,Carol Davis,7,20.76,0.04,138.93,95.5,43.43,CUST9607,ORD52840
2023-10-22,Clothing,Shoes,North,David Brown,9,713.64,0.23,4959.56,2285.61,2673.95,CUST4098,ORD24854
2024-11-09,Sports,Basketball,Central,Carol Davis,3,891.27,0.16,2258.3,1207.45,1050.86,CUST5942,ORD93848
2023-11-04,Clothing,Shoes,East,Alice Johnson,3,199.19,0.28,427.78,190.08,237.7,CUST8963,ORD59922
2023-08-02,Home,Decor,West,Carol Davis,6,280.32,0.03,1630.85,1096.93,533.92,CUST2502,ORD77370
2023-06-17,Electronics,Phone,Central,Eve Wilson,14,937.32,0.08,12044.36,5853.38,6190.98,CUST8147,ORD91205
2024-07-26,Home,Garden,South,Alice Johnson,12,659.36,0.14,6785.46,3622.97,3162.49,CUST6861,ORD93086
2024-12-20,Electronics,Camera,Central,Alice Johnson,16,596.2,0.28,6889.3,4599.57,2289.73,CUST9602,ORD41903
2024-01-10,Sports,Soccer,West,Bob Smith,7,275.9,0.21,1521.34,634.19,887.15,CUST9663,ORD55188
2024-02-23,Home,Decor,West,Alice Johnson,1,865.44,0.17,719.7,334.26,385.44,CUST1574,ORD17098
2024-12-20,Home,Appliances,Central,Bob Smith,6,933.42,0.12,4907.83,2423.61,2484.22,CUST8783,ORD78830
2023-07-16,Electronics,Headphones,North,Bob Smith,8,247.81,0.05,1878.81,773.17,1105.64,CUST8557,ORD57463
2023-08-13,Sports,Golf,South,David Brown,8,211.38,0.1,1524.07,880.37,643.69,CUST3067,ORD15874
2024-06-24,Electronics,Phone,East,Alice Johnson,11,480.79,0.11,4711.77,2282.28,2429.49,CUST1279,ORD15317
2023-01-26,Electronics,Camera,North,Alice Johnson,13,775.42,0.07,9404.18,6508.07,2896.12,CUST7500,ORD42998
2024-10-21,Home,Kitchen,West,Alice Johnson,18,792.66,0.08,13192.72,9092.78,4099.94,CUST4972,ORD85228
2024-01-06,Home,Garden,East,Eve Wilson,16,498.87,0.1,7200.01,4102.66,3097.35,CUST9065,ORD16910
2023-07-05,Sports,Tennis,South,Carol Davis,7,122.44,0.16,721.35,497.29,224.06,CUST7020,ORD53749
2023-05-29,Books,Fiction,South,Alice Johnson,1,916.25,0.27,669.07,430.37,238.7,CUST1197,ORD47105
2023-02-08,Home,Kitchen,Central,Bob Smith,17,792.63,0.0,13409.25,9362.33,4046.92,CUST1189,ORD98686
2023-10-28,Home,Garden,East,Eve Wilson,5,910.43,0.24,3475.87,1553.44,1922.43,CUST4172,ORD12147
2023-11-28,Home,Kitchen,East,David Brown,5,361.4,0.13,1573.83,688.69,885.13,CUST1876,ORD97068
2023-02-05,Home,Appliances,Central,Alice Johnson,10,640.83,0.3,4515.27,2874.39,1640.88,CUST6137,ORD83455
2023-07-22,Books,Non-Fiction,East,Bob Smith,4,914.82,0.14,3145.62,1653.3,1492.32,CUST9652,ORD83321
2024-08-31,Books,History,East,Bob Smith,14,600.59,0.04,8089.5,3496.7,4592.8,CUST7795,ORD22453
2024-05-26,Home,Furniture,South,Alice Johnson,6,269.08,0.07,1505.45,830.22,675.23,CUST4457,ORD97477
2023-05-25,Electronics,Laptop,South,Eve Wilson,8,802.65,0.17,5356.17,2562.47,2793.71,CUST6843,ORD54730
2024-01-25,Sports,Basketball,Central,Eve Wilson,10,769.66,0.16,6475.24,3097.54,3377.7,CUST5516,ORD62700
2024-07-02,Clothing,Shoes,South,Alice Johnson,11,305.02,0.05,3196.58,2151.97,1044.61,CUST2110,ORD41033
2024-10-17,Electronics,Headphones,North,Alice Johnson,18,46.19,0.16,695.57,415.15,280.42,CUST4269,ORD20081
2024-10-31,Home,Kitchen,Central,David Brown,18,859.99,0.26,11399.12,5553.08,5846.04,CUST1267,ORD25209
2023-01-14,Sports,Football,West,Alice Johnson,2,47.81,0.28,68.65,42.14,26.51,CUST9113,ORD75702
2024-11-09,Sports,Basketball,North,Eve Wilson,6,525.57,0.1,2853.44,1958.23,895.21,CUST8519,ORD33244
2024-04-11,Home,Furniture,Central,Alice Johnson,8,274.88,0.21,1728.53,691.44,1037.1,CUST8547,ORD93746
2024-04-04,Books,Non-Fiction,South,Carol Davis,16,37.86,0.29,429.42,236.91,192.51,CUST4148,ORD59856
2023-06-15,Electronics,Tablet,Central,Bob Smith,2,498.96,0.21,792.77,444.76,348.02,CUST1731,ORD26887
2023-04-08,Home,Garden,West,David Brown,1,832.38,0.02,813.62,396.52,417.1,CUST6006,ORD59067
2023-02-14,Books,Science,South,Carol Davis,5,282.72,0.12,1247.6,609.15,638.45,CUST4659,ORD35221
2023-04-23,Sports,Basketball,East,Alice Johnson,2,152.89,0.25,229.32,154.71,74.62,CUST4502,ORD20527
2024-11-25,Clothing,Hat,West,Bob Smith,10,768.47,0.04,7395.62,5021.16,2374.46,CUST1667,ORD35404
2023-05-19,Sports,Golf,North,Eve Wilson,13,520.36,0.18,5557.82,3348.75,2209.07,CUST5193,ORD22662
2023-06-16,Sports,Soccer,Central,Eve Wilson,15,35.94,0.07,501.96,278.48,223.48,CUST8513,ORD99078
2024-09-24,Books,Biography,East,Carol Davis,17,130.98,0.17,1837.18,920.72,916.46,CUST8811,ORD90001
2023-10-01,Books,Fiction,South,Alice Johnson,9,799.03,0.01,7121.22,3844.04,3277.19,CUST6571,ORD75109
2024-02-20,Sports,Football,Central,David Brown,1,602.97,0.08,556.48,267.21,289.27,CUST7118,ORD13472
2024-02-28,Home,Decor,West,Carol Davis,13,111.17,0.3,1012.19,522.59,489.61,CUST5530,ORD96239
2023-10-30,Books,Non-Fiction,East,David Brown,4,767.81,0.01,3037.4,1485.72,1551.68,CUST9088,ORD91864
2024-01-04,Sports,Football,East,Alice Johnson,6,221.13,0.21,1050.42,611.57,438.86,CUST6396,ORD17886
2023-05-24,Home,Furniture,East,Carol Davis,12,686.26,0.22,6395.19,3910.7,2484.49,CUST9967,ORD43707
2024-07-19,Electronics,Laptop,West,Bob Smith,1,935.81,0.14,805.28,359.31,445.96,CUST8619,ORD89464
2023-06-06,Clothing,Hat,West,Eve Wilson,3,988.13,0.08,2731.22,1827.13,904.08,CUST5746,ORD95839
2023-09-24,Books,Biography,South,Eve Wilson,13,355.94,0.03,4478.63,2427.2,2051.43,CUST2245,ORD93662
2024-04-20,Clothing,Shoes,East,Carol Davis,7,74.14,0.03,505.9,335.68,170.22,CUST4291,ORD15069
2024-05-11,Electronics,Headphones,West,David Brown,13,935.92,0.26,8958.42,6046.83,2911.59,CUST1220,ORD46136
2023-12-20,Books,Biography,West,Bob Smith,11,248.36,0.06,2555.11,1425.78,1129.33,CUST6257,ORD63203
2024-08-02,Books,Biography,East,David Brown,19,651.25,0.02,12121.69,6770.29,5351.41,CUST3369,ORD95099
2024-01-12,Home,Appliances,South,Carol Davis,12,718.52,0.19,6947.35,3800.35,3147.0,CUST5929,ORD89853
2023-04-24,Sports,Golf,Central,David Brown,2,502.77,0.26,742.54,369.15,373.39,CUST1066,ORD48775
2023-05-02,Books,Biography,West,Alice Johnson,19,884.96,0.14,14495.26,9806.05,4689.21,CUST9741,ORD57509
2023-02-17,Sports,Golf,South,Eve Wilson,9,272.73,0.12,2150.97,893.3,1257.68,CUST8416,ORD45063
2024-01-18,Clothing,Jeans,West,Carol Davis,7,720.94,0.25,3788.09,2347.91,1440.18,CUST9430,ORD68441
2024-08-02,Home,Appliances,West,Alice Johnson,11,922.61,0.09,9255.69,4356.33,4899.35,CUST8407,ORD62142
2024-07-10,Electronics,Laptop,East,Carol Davis,8,811.7,0.1,5874.5,2723.48,3151.02,CUST3535,ORD31579
2024-11-11,Electronics,Headphones,West,Alice Johnson,8,802.61,0.12,5660.66,2653.07,3007.59,CUST9304,ORD32209
2024-01-14,Clothing,Shoes,West,Eve Wilson,13,628.09,0.25,6134.22,2497.44,3636.79,CUST3339,ORD57163
2023-02-24,Sports,Golf,Central,Alice Johnson,11,92.55,0.0,1017.67,557.12,460.56,CUST8095,ORD74788
2023-07-27,Sports,Soccer,East,Bob Smith,20,785.13,0.17,13023.11,7643.35,5379.76,CUST4083,ORD74273
2023-05-11,Clothing,Shoes,South,Bob Smith,17,79.36,0.15,1145.15,511.57,633.58,CUST8142,ORD64795
2023-08-01,Clothing,Jeans,South,David Brown,1,419.5,0.08,384.96,234.17,150.8,CUST6749,ORD64634
2024-03-05,Sports,Football,South,David Brown,7,457.73,0.08,2958.01,1858.44,1099.57,CUST7943,ORD25590
2024-12-21,Home,Kitchen,West,Alice Johnson,11,891.25,0.21,7710.01,5244.53,2465.48,CUST5573,ORD84875
2024-09-25,Electronics,Laptop,East,Bob Smith,19,631.4,0.26,8860.37,6014.66,2845.71,CUST2068,ORD24351
2023-02-07,Sports,Football,South,David Brown,9,88.55,0.15,675.85,384.04,291.81,CUST3486,ORD42392
2024-11-20,Sports,Basketball,Central,Eve Wilson,2,226.18,0.26,336.96,139.4,197.56,CUST4898,ORD77455
2023-07-17,Home,Kitchen,Central,David Brown,10,43.21,0.29,308.44,208.92,99.52,CUST2310,ORD42189
2024-11-19,Clothing,Jacket,East,Eve Wilson,17,144.68,0.01,2424.99,1022.77,1402.22,CUST8703,ORD80984
2023-02-23,Books,History,West,Eve Wilson,19,344.93,0.02,6431.33,3918.55,2512.79,CUST9559,ORD24677
2023-08-06,Home,Garden,East,Carol Davis,4,988.15,0.14,3386.09,2257.55,1128.54,CUST8340,ORD24759
2024-04-28,Books,Fiction,East,David Brown,3,771.45,0.29,1653.42,751.23,902.2,CUST7624,ORD41916
2023-07-26,Sports,Golf,Central,Bob Smith,13,279.84,0.14,3142.0,2163.22,978.78,CUST5571,ORD51512
2023-06-10,Electronics,Laptop,South,Carol Davis,7,184.1,0.21,1022.0,563.62,458.38,CUST4972,ORD61858
2023-11-12,Clothing,Shoes,South,Bob Smith,20,719.6,0.15,12277.78,7610.37,4667.4,CUST4705,ORD76923
2024-11-07,Clothing,T-Shirt,Central,Alice Johnson,4,611.87,0.16,2057.08,1209.16,847.92,CUST4667,ORD89302
2024-05-14,Home,Furniture,West,Bob Smith,2,675.46,0.11,1203.13,660.14,542.99,CUST4117,ORD63592
2023-07-24,Home,Decor,North,Bob Smith,2,909.13,0.03,1756.31,1092.74,663.57,CUST8769,ORD57999
2023-01-27,Books,Biography,Central,Bob Smith,9,934.08,0.2,6712.85,3396.16,3316.68,CUST6401,ORD64876
2023-10-17,Sports,Tennis,Central,David Brown,8,440.32,0.1,3187.75,1388.79,1798.96,CUST2772,ORD48666
2023-07-18,Clothing,Jeans,East,David Brown,16,647.27,0.01,10213.82,6440.81,3773.01,CUST5063,ORD49228
2023-02-14,Sports,Football,South,Eve Wilson,14,360.09,0.06,4758.52,2456.93,2301.59,CUST6882,ORD54683
2024-10-20,Sports,Golf,Central,Bob Smith,14,707.79,0.15,8468.86,5713.31,2755.55,CUST2192,ORD62922
2023-02-13,Books,Biography,North,Eve Wilson,6,773.09,0.16,3896.4,2630.14,1266.26,CUST9602,ORD26533
2023-10-03,Sports,Soccer,West,Alice Johnson,3,848.02,0.16,2137.14,1178.8,958.35,CUST4565,ORD18454
2023-06-14,Electronics,Phone,North,Carol Davis,8,270.19,0.13,1890.9,1304.82,586.08,CUST8168,ORD28115
2023-12-11,Sports,Golf,Central,Alice Johnson,19,530.24,0.01,9954.84,5747.84,4207.0,CUST4560,ORD61198
2023-05-30,Sports,Basketball,North,Eve Wilson,19,330.83,0.22,4875.23,2665.3,2209.93,CUST5880,ORD72984
2023-12-17,Clothing,T-Shirt,South,David Brown,7,273.5,0.09,1735.92,868.52,867.41,CUST5171,ORD57036
2024-05-16,Electronics,Laptop,East,Eve Wilson,2,143.44,0.05,271.81,142.52,129.29,CUST4911,ORD63873
2024-11-29,Clothing,Hat,North,Bob Smith,7,269.79,0.23,1459.48,665.18,794.3,CUST5310,ORD27873
2024-11-17,Home,Appliances,North,Alice Johnson,4,476.2,0.12,1666.72,851.17,815.55,CUST3258,ORD35303
2024-02-09,Electronics,Headphones,North,Carol Davis,13,634.94,0.27,6007.24,2608.32,3398.91,CUST5461,ORD74499
2023-06-24,Books,Fiction,East,Eve Wilson,2,180.41,0.09,329.49,141.73,187.76,CUST6235,ORD63287
2024-11-13,Clothing,Jeans,North,Alice Johnson,2,408.49,0.09,744.98,323.68,421.3,CUST3949,ORD38146
2023-12-25,Clothing,T-Shirt,South,Bob Smith,16,820.63,0.0,13075.9,7128.89,5947.01,CUST9483,ORD54488
2023-01-24,Books,History,Central,Bob Smith,16,831.58,0.29,9450.23,5643.89,3806.34,CUST7193,ORD11114
2024-08-14,Books,Science,West,Bob Smith,11,933.47,0.13,8901.55,4404.14,4497.41,CUST1680,ORD92469
2024-12-21,Books,Non-Fiction,West,Carol Davis,3,235.39,0.08,646.87,446.89,199.97,CUST2765,ORD34041
2023-02-14,Sports,Football,West,Bob Smith,7,808.21,0.07,5265.95,3524.6,1741.35,CUST8784,ORD23113
2024-11-18,Sports,Football,South,David Brown,9,848.31,0.17,6324.3,3633.75,2690.56,CUST4967,ORD22155
2024-05-02,Books,Fiction,West,Bob Smith,18,290.88,0.24,4001.28,2488.76,1512.51,CUST2258,ORD94928
2023-10-28,Clothing,T-Shirt,Central,Eve Wilson,16,987.9,0.16,13256.91,8471.35,4785.56,CUST8142,ORD22229
2023-06-16,Home,Garden,South,Bob Smith,4,820.84,0.01,3236.34,2102.75,1133.58,CUST3858,ORD45358
2023-02-05,Sports,Golf,East,Bob Smith,5,892.59,0.1,4010.72,1877.59,2133.13,CUST9220,ORD20457
2024-07-02,Clothing,Jacket,Central,Eve Wilson,17,346.12,0.0,5866.33,4106.22,1760.1,CUST2064,ORD49113
2024-09-12,Clothing,T-Shirt,East,Carol Davis,7,250.38,0.27,1283.24,786.55,496.7,CUST3556,ORD50806
2024-10-17,Books,Fiction,North,Alice Johnson,1,793.36,0.14,680.92,275.85,405.07,CUST6921,ORD54558
2023-03-26,Books,Science,East,Alice Johnson,19,683.32,0.24,9869.97,6622.16,3247.82,CUST9155,ORD81347
2024-10-15,Electronics,Camera,South,Eve Wilson,20,930.47,0.0,18579.15,8603.58,9975.57,CUST2371,ORD73745
2023-05-03,Electronics,Phone,South,Eve Wilson,10,988.88,0.28,7113.37,3411.62,3701.75,CUST2863,ORD20238
2024-05-08,Home,Garden,East,Eve Wilson,5,121.45,0.23,468.7,261.56,207.14,CUST8069,ORD17665
2023-12-08,Home,Kitchen,West,Alice Johnson,18,672.5,0.07,11288.58,6185.85,5102.73,CUST9435,ORD89360
2023-10-22,Clothing,Jacket,South,Carol Davis,10,932.27,0.05,8845.41,3672.34,5173.07,CUST6392,ORD14758
2024-03-25,Home,Furniture,North,David Brown,8,178.9,0.27,1049.76,449.98,599.78,CUST4404,ORD43932
2024-10-15,Clothing,T-Shirt,South,Bob Smith,17,163.34,0.02,2728.34,1722.11,1006.23,CUST9436,ORD51297
2023-02-04,Home,Appliances,South,David Brown,11,782.29,0.29,6079.88,2546.97,3532.92,CUST8606,ORD32646
2024-12-20,Clothing,Jeans,East,Alice Johnson,20,744.97,0.17,12415.38,7532.35,4883.04,CUST2688,ORD85433
2023-08-24,Books,Non-Fiction,West,David Brown,19,858.69,0.06,15343.28,9144.68,6198.6,CUST5225,ORD96022
2024-11-20,Clothing,Jacket,East,Bob Smith,4,188.41,0.08,690.1,411.05,279.05,CUST7092,ORD84822
2024-01-19,Clothing,Shoes,South,Carol Davis,7,626.36,0.2,3525.86,2325.37,1200.49,CUST6326,ORD97874
2024-07-14,Books,History,West,Eve Wilson,14,176.05,0.21,1950.51,1189.79,760.72,CUST5690,ORD38325
2024-11-21,Clothing,Jeans,Central,Eve Wilson,20,282.76,0.12,4949.02,2864.15,2084.87,CUST2803,ORD12482
2023-11-28,Clothing,Jacket,West,Carol Davis,19,240.25,0.06,4290.7,2255.9,2034.8,CUST3609,ORD32271
2023-01-26,Electronics,Headphones,South,Eve Wilson,18,312.57,0.14,4861.66,3010.62,1851.03,CUST2934,ORD89605
2023-09-29,Home,Furniture,Central,Bob Smith,17,295.44,0.09,4574.03,2247.24,2326.79,CUST8109,ORD58319
2023-06-23,Home,Decor,West,David Brown,6,819.38,0.2,3950.74,1683.06,2267.68,CUST5968,ORD91819
2024-03-27,Sports,Basketball,North,Alice Johnson,12,662.94,0.19,6421.75,4026.25,2395.5,CUST5433,ORD69304
2024-10-20,Clothing,Hat,North,Bob Smith,16,177.66,0.03,2765.14,1265.7,1499.44,CUST9051,ORD30599
2023-02-03,Home,Furniture,West,Bob Smith,13,189.33,0.29,1743.02,1091.03,651.98,CUST1511,ORD46390
2023-11-05,Home,Appliances,North,Carol Davis,11,670.87,0.3,5197.24,3056.38,2140.86,CUST8595,ORD65904
2024-01-21,Clothing,T-Shirt,West,Eve Wilson,18,163.37,0.28,2111.36,1315.5,795.87,CUST3652,ORD80735
2023-12-12,Home,Garden,East,Alice Johnson,13,261.27,0.26,2525.68,1381.95,1143.74,CUST7451,ORD15944
2023-08-18,Sports,Soccer,Central,Carol Davis,16,572.91,0.22,7136.25,4769.96,2366.28,CUST5347,ORD40535
2023-02-21,Books,Non-Fiction,West,David Brown,1,270.71,0.22,212.23,131.94,80.29,CUST1388,ORD96603
2023-10-03,Electronics,Headphones,East,Carol Davis,14,65.74,0.12,805.36,371.49,433.87,CUST7465,ORD77099
2024-05-20,Clothing,Hat,Central,Alice Johnson,20,909.81,0.04,17555.24,11102.23,6453.02,CUST4123,ORD83341
2023-03-30,Home,Garden,North,Carol Davis,7,987.85,0.08,6368.12,4119.87,2248.25,CUST6440,ORD89621
2024-03-25,Home,Garden,North,Bob Smith,3,26.61,0.27,58.61,32.67,25.94,CUST4506,ORD81245
2023-06-08,Home,Furniture,South,Eve Wilson,1,558.67,0.22,434.16,208.55,225.61,CUST8660,ORD81366
2023-06-09,Books,History,East,Eve Wilson,11,238.76,0.03,2548.2,1649.9,898.3,CUST2738,ORD83369
2024-03-09,Clothing,Hat,North,Bob Smith,1,828.86,0.29,585.43,328.06,257.37,CUST4847,ORD38328
2023-10-23,Sports,Soccer,South,David Brown,2,350.75,0.2,560.6,227.29,333.32,CUST2483,ORD50518
2023-08-29,Home,Furniture,South,Bob Smith,5,620.37,0.17,2582.56,1606.69,975.87,CUST5165,ORD57970
2024-09-03,Home,Decor,North,Eve Wilson,13,674.27,0.17,7233.36,4070.47,3162.89,CUST9789,ORD50018
2023-10-13,Home,Garden,East,Bob Smith,7,885.77,0.08,5684.67,2908.03,2776.63,CUST3075,ORD61781
2024-02-05,Sports,Tennis,South,Carol Davis,7,571.15,0.18,3286.45,1841.19,1445.26,CUST2730,ORD99026
2023-01-08,Books,Science,North,Eve Wilson,20,554.18,0.02,10895.93,5423.45,5472.48,CUST1639,ORD93975
2023-10-07,Clothing,Hat,East,Eve Wilson,10,744.39,0.18,6110.95,2739.55,3371.4,CUST7846,ORD32945
2024-06-11,Sports,Soccer,North,Eve Wilson,11,399.65,0.07,4095.31,2237.4,1857.92,CUST9674,ORD54759
2024-02-20,Electronics,Tablet,South,Bob Smith,10,118.45,0.01,1177.03,752.81,424.21,CUST3454,ORD64173
2024-09-13,Clothing,Shoes,South,David Brown,3,302.3,0.03,878.33,420.45,457.88,CUST3934,ORD77340
2023-09-24,Sports,Golf,East,Eve Wilson,6,686.84,0.06,3856.84,2412.89,1443.95,CUST6640,ORD17393
2023-05-19,Books,History,North,Alice Johnson,11,866.23,0.03,9210.21,5165.24,4044.96,CUST5657,ORD91378
2024-07-23,Electronics,Laptop,South,Eve Wilson,6,240.52,0.06,1362.42,727.6,634.82,CUST8657,ORD11918
2024-04-08,Home,Furniture,Central,Bob Smith,20,278.95,0.02,5450.77,2775.88,2674.89,CUST1725,ORD26013
2024-09-03,Home,Appliances,East,Eve Wilson,20,334.04,0.15,5690.23,3100.92,2589.32,CUST2082,ORD39682
2024-08-14,Clothing,Hat,East,Bob Smith,17,643.68,0.22,8513.01,3649.16,4863.84,CUST4536,ORD50490
2024-05-26,Home,Garden,West,Alice Johnson,17,391.59,0.21,5277.3,2430.64,2846.65,CUST4244,ORD71904
2024-04-25,Sports,Soccer,Central,Carol Davis,12,528.87,0.29,4506.65,1902.2,2604.45,CUST2809,ORD44129
2023-12-01,Home,Kitchen,Central,Alice Johnson,9,259.69,0.21,1857.71,825.03,1032.69,CUST7732,ORD46450
2024-01-12,Clothing,Shoes,South,Carol Davis,17,252.3,0.05,4085.26,1830.6,2254.65,CUST9611,ORD95838
2024-05-21,Home,Appliances,West,Bob Smith,5,340.8,0.15,1447.96,950.56,497.41,CUST5998,ORD43086
2024-04-27,Home,Decor,South,Carol Davis,14,451.52,0.2,5083.84,3476.3,1607.55,CUST8017,ORD45292
2024-01-12,Sports,Tennis,North,Eve Wilson,2,803.41,0.08,1481.2,868.44,612.75,CUST6191,ORD72820
2024-09-28,Books,Fiction,South,Carol Davis,15,756.09,0.03,10980.06,5838.3,5141.77,CUST8228,ORD64967
2023-05-11,Clothing,Jacket,South,David Brown,13,923.42,0.1,10793.6,7227.15,3566.45,CUST7395,ORD46799
2024-02-20,Clothing,Jeans,Central,Alice Johnson,2,415.69,0.28,597.21,257.33,339.87,CUST3167,ORD30467
2023-08-08,Sports,Tennis,West,Alice Johnson,14,556.84,0.1,6986.78,3963.5,3023.28,CUST6112,ORD50093
2023-06-27,Sports,Tennis,East,David Brown,3,472.36,0.12,1251.98,578.34,673.64,CUST6664,ORD25918
2023-09-16,Electronics,Tablet,West,Carol Davis,4,825.55,0.25,2469.17,1112.8,1356.37,CUST9617,ORD47785
2023-07-11,Electronics,Laptop,East,Bob Smith,6,966.94,0.06,5444.45,3777.86,1666.59,CUST9917,ORD33044
2024-03-20,Electronics,Phone,North,Eve Wilson,7,230.88,0.04,1545.47,1035.22,510.25,CUST2657,ORD10947
2023-07-12,Clothing,Jacket,South,David Brown,11,509.06,0.04,5359.72,3543.83,1815.9,CUST3552,ORD78405
2023-12-23,Clothing,Jacket,Central,David Brown,7,20.87,0.12,129.27,67.95,61.31,CUST6097,ORD50177
2024-05-26,Home,Decor,South,Alice Johnson,11,96.52,0.12,935.9,457.96,477.94,CUST4249,ORD77669
2023-12-08,Sports,Football,East,Alice Johnson,17,320.6,0.28,3939.0,2258.0,1681.0,CUST2797,ORD27831
2024-03-27,Electronics,Phone,Central,Bob Smith,14,605.48,0.17,7060.56,3423.67,3636.89,CUST7546,ORD15479
2023-04-24,Sports,Soccer,West,Eve Wilson,1,538.71,0.1,485.32,199.34,285.98,CUST9167,ORD78087
2023-10-25,Books,History,South,Eve Wilson,6,938.52,0.09,5096.75,2598.6,2498.15,CUST5936,ORD71047
2023-01-01,Home,Appliances,North,Alice Johnson,20,184.56,0.05,3501.45,1670.48,1830.97,CUST9122,ORD46519
2023-10-13,Clothing,Jacket,South,David Brown,17,503.74,0.21,6785.29,3222.99,3562.3,CUST9589,ORD34733
2023-11-11,Home,Appliances,Central,Eve Wilson,8,95.11,0.01,756.07,486.99,269.08,CUST8531,ORD14082
2024-01-27,Sports,Soccer,East,Eve Wilson,20,312.51,0.14,5381.05,2723.51,2657.54,CUST7408,ORD96209
2023-08-15,Sports,Golf,West,Carol Davis,8,35.59,0.2,228.33,147.97,80.36,CUST4546,ORD30887
2024-06-28,Sports,Soccer,West,Bob Smith,15,589.93,0.27,6451.6,3192.97,3258.63,CUST2971,ORD30420
2024-10-19,Sports,Basketball,West,David Brown,2,666.81,0.25,1005.77,545.14,460.63,CUST2796,ORD32427
2023-03-04,Sports,Basketball,North,Carol Davis,18,998.82,0.26,13229.41,6865.46,6363.94,CUST5890,ORD59567
2023-09-12,Home,Furniture,North,David Brown,12,494.94,0.28,4293.62,2450.42,1843.2,CUST6378,ORD37316
2023-10-03,Sports,Soccer,South,Carol Davis,6,284.15,0.1,1532.14,841.94,690.2,CUST7571,ORD20017
2024-06-29,Sports,Golf,Central,David Brown,20,625.18,0.17,10377.29,5083.73,5293.56,CUST2927,ORD17211
2023-10-28,Clothing,Shoes,East,Alice Johnson,6,544.5,0.16,2755.56,1616.82,1138.74,CUST6868,ORD81461
2024-04-03,Books,Fiction,East,Carol Davis,4,442.45,0.1,1597.84,949.48,648.36,CUST9322,ORD72372
2023-05-31,Sports,Basketball,South,Carol Davis,1,78.17,0.1,70.28,34.61,35.67,CUST7329,ORD92573
2024-08-30,Books,Fiction,South,Carol Davis,7,594.78,0.14,3581.79,2407.32,1174.47,CUST3354,ORD55404
2024-01-31,Sports,Soccer,West,David Brown,12,321.88,0.14,3333.34,2144.48,1188.85,CUST6750,ORD68593
2023-07-01,Electronics,Headphones,Central,Carol Davis,11,900.47,0.24,7569.33,5134.96,2434.38,CUST2810,ORD15168
2023-02-15,Electronics,Headphones,East,Carol Davis,15,379.1,0.26,4203.75,1798.1,2405.64,CUST1634,ORD68119
2024-12-22,Clothing,Jeans,Central,Eve Wilson,3,872.32,0.14,2249.21,1464.51,784.7,CUST2322,ORD38755
2023-05-19,Books,History,East,Bob Smith,18,974.0,0.1,15757.72,8949.32,6808.4,CUST7662,ORD47494
2024-09-13,Clothing,Jacket,West,Eve Wilson,5,439.48,0.05,2077.51,951.98,1125.53,CUST7274,ORD74581
2024-09-27,Books,Non-Fiction,East,Bob Smith,6,431.99,0.04,2487.02,1411.91,1075.11,CUST1218,ORD69810
2024-08-04,Home,Furniture,Central,David Brown,20,388.09,0.19,6278.95,4367.15,1911.8,CUST6066,ORD69567
2024-10-29,Clothing,Jeans,West,Carol Davis,8,719.35,0.28,4153.1,1678.47,2474.63,CUST1933,ORD30205
2023-02-17,Sports,Tennis,Central,Eve Wilson,20,888.48,0.2,14250.05,7797.15,6452.9,CUST8633,ORD65061
2023-01-25,Home,Garden,West,Alice Johnson,18,975.69,0.01,17319.23,9034.19,8285.04,CUST3538,ORD20994
2024-08-31,Sports,Tennis,East,Alice Johnson,15,779.26,0.03,11348.22,4563.44,6784.78,CUST9097,ORD32642
2024-02-20,Sports,Football,South,David Brown,6,211.3,0.14,1085.72,542.16,543.56,CUST4558,ORD48164
2023-01-13,Sports,Football,South,Carol Davis,17,485.37,0.22,6437.39,2862.01,3575.38,CUST5187,ORD37127
2023-12-12,Books,History,East,Alice Johnson,14,262.01,0.22,2866.92,1374.67,1492.25,CUST4464,ORD99265
2024-02-12,Home,Decor,North,David Brown,12,839.37,0.15,8523.07,5460.17,3062.89,CUST8270,ORD23505
2024-04-26,Books,Science,North,David Brown,12,735.92,0.11,7840.41,4970.95,2869.46,CUST7497,ORD27603
2024-12-17,Sports,Soccer,West,Alice Johnson,17,965.03,0.14,14079.95,6067.39,8012.56,CUST1859,ORD89010
2024-04-15,Sports,Basketball,North,Bob Smith,18,960.25,0.24,13129.2,8122.95,5006.25,CUST8996,ORD51330
2024-01-05,Clothing,T-Shirt,West,Bob Smith,10,335.19,0.12,2946.49,1416.56,1529.93,CUST7655,ORD37451
2024-01-24,Clothing,Jeans,South,David Brown,16,885.8,0.18,11625.28,7662.37,3962.92,CUST6706,ORD26659
2024-10-17,Books,Biography,East,Carol Davis,6,839.39,0.16,4206.28,2244.8,1961.48,CUST6444,ORD57892
2023-10-04,Clothing,T-Shirt,West,Bob Smith,20,344.92,0.28,4970.73,3374.19,1596.54,CUST9781,ORD29959
2024-05-15,Sports,Soccer,Central,Eve Wilson,14,678.0,0.1,8501.53,3827.16,4674.37,CUST4346,ORD53360
2023-04-21,Home,Appliances,Central,Eve Wilson,5,667.3,0.04,3218.66,1880.88,1337.78,CUST1018,ORD23594
2024-11-06,Electronics,Headphones,North,David Brown,20,790.74,0.01,15631.51,7229.87,8401.64,CUST4358,ORD21518
2023-11-27,Electronics,Tablet,North,Alice Johnson,8,653.02,0.14,4515.1,3104.78,1410.31,CUST2466,ORD78260
2023-12-21,Books,History,West,Bob Smith,12,381.02,0.07,4270.48,1872.24,2398.24,CUST5155,ORD51900
2024-01-31,Electronics,Laptop,East,Alice Johnson,3,856.01,0.2,2048.82,828.47,1220.36,CUST5784,ORD95599
2023-08-23,Home,Appliances,Central,Eve Wilson,8,63.88,0.21,401.28,234.87,166.41,CUST9496,ORD67865
2024-02-04,Home,Appliances,West,Eve Wilson,18,287.96,0.03,5023.05,3332.95,1690.1,CUST2191,ORD12674
2024-09-30,Electronics,Headphones,North,David Brown,17,624.63,0.15,9036.3,4019.69,5016.6,CUST7987,ORD74409
2024-10-15,Clothing,Hat,West,Alice Johnson,3,216.36,0.06,607.71,413.34,194.37,CUST1426,ORD87251
2023-07-20,Books,Science,North,Bob Smith,9,673.47,0.25,4562.12,2499.98,2062.14,CUST6930,ORD38685
2024-11-25,Home,Decor,Central,Carol Davis,15,234.06,0.06,3303.5,1767.27,1536.23,CUST7396,ORD52901
2024-11-11,Electronics,Tablet,Central,David Brown,11,493.65,0.14,4696.3,2273.84,2422.45,CUST8531,ORD45834
2024-07-25,Home,Garden,East,David Brown,19,745.6,0.2,11379.78,7931.12,3448.66,CUST1203,ORD51583
2023-08-26,Sports,Tennis,South,Bob Smith,14,219.23,0.03,2987.36,1619.03,1368.32,CUST6498,ORD25150
2024-03-12,Books,Biography,North,Bob Smith,3,308.55,0.04,887.02,589.98,297.05,CUST5712,ORD61578
2024-09-16,Books,History,Central,David Brown,3,759.5,0.07,2127.21,1020.83,1106.38,CUST9002,ORD43534
2024-12-24,Electronics,Tablet,South,Alice Johnson,9,324.64,0.23,2242.8,1291.99,950.81,CUST3747,ORD55008
2023-11-16,Electronics,Laptop,East,Bob Smith,4,546.12,0.21,1732.77,1031.2,701.57,CUST6368,ORD82114
2024-05-31,Electronics,Laptop,Central,David Brown,7,683.45,0.05,4565.75,2830.46,1735.29,CUST9161,ORD21288
2024-05-03,Books,Non-Fiction,West,Alice Johnson,15,205.31,0.11,2741.16,1545.37,1195.79,CUST6281,ORD40646
2023-03-25,Books,Biography,Central,David Brown,18,787.25,0.08,12972.02,8166.61,4805.41,CUST9814,ORD85653
2023-06-17,Electronics,Tablet,East,Carol Davis,7,629.17,0.18,3619.15,1496.28,2122.87,CUST6335,ORD74846
2024-08-13,Sports,Football,South,Carol Davis,10,161.04,0.17,1334.44,547.48,786.97,CUST1591,ORD45144
2023-02-26,Sports,Soccer,West,Eve Wilson,8,115.39,0.29,657.75,281.02,376.72,CUST1459,ORD67579
2024-08-23,Electronics,Camera,North,Eve Wilson,15,864.87,0.04,12413.81,7511.95,4901.86,CUST7152,ORD30610
2023-03-19,Electronics,Laptop,East,Bob Smith,14,825.7,0.14,9900.98,6520.83,3380.15,CUST8777,ORD11661
2023-09-17,Sports,Soccer,East,Bob Smith,12,509.04,0.05,5792.21,3121.71,2670.5,CUST1958,ORD79229
2023-01-15,Sports,Golf,South,David Brown,16,568.62,0.03,8848.41,4131.26,4717.15,CUST8178,ORD25655
2023-12-23,Books,Science,North,Eve Wilson,1,711.14,0.24,539.05,334.37,204.69,CUST2656,ORD49949
2024-10-28,Home,Appliances,East,Alice Johnson,16,215.24,0.13,2986.14,1724.16,1261.98,CUST6771,ORD76776
2023-05-19,Clothing,T-Shirt,Central,Eve Wilson,13,617.81,0.02,7899.2,3243.08,4656.12,CUST6950,ORD96353
2024-01-13,Home,Decor,West,Eve Wilson,11,989.72,0.07,10153.77,5549.08,4604.69,CUST4290,ORD79862
2024-04-08,Clothing,T-Shirt,North,David Brown,3,577.87,0.13,1509.97,841.89,668.07,CUST5242,ORD11974
2024-07-28,Clothing,Shoes,Central,David Brown,16,461.45,0.12,6495.66,3682.84,2812.82,CUST2766,ORD37926
2023-11-15,Clothing,Jacket,West,Eve Wilson,17,556.77,0.08,8734.14,5498.98,3235.16,CUST4976,ORD37883
2023-10-06,Electronics,Tablet,Central,Eve Wilson,3,610.49,0.22,1435.49,583.06,852.43,CUST9443,ORD93441
2023-11-28,Home,Appliances,East,Carol Davis,18,656.64,0.26,8703.15,5345.1,3358.05,CUST3304,ORD55859
2023-10-10,Sports,Golf,West,Eve Wilson,17,299.95,0.09,4623.77,3060.58,1563.19,CUST1053,ORD55792
2023-01-24,Home,Appliances,East,Carol Davis,20,825.16,0.05,15734.86,7896.23,7838.63,CUST8277,ORD82781
2023-03-12,Home,Decor,Central,Eve Wilson,12,22.42,0.0,268.72,120.57,148.14,CUST1896,ORD81830
2023-02-21,Books,Science,Central,David Brown,9,407.92,0.17,3040.08,1777.63,1262.45,CUST3217,ORD90581
2023-12-01,Electronics,Headphones,West,David Brown,2,117.83,0.25,175.96,100.68,75.28,CUST3346,ORD48461
2023-11-11,Sports,Soccer,West,David Brown,13,603.84,0.25,5885.99,3310.61,2575.37,CUST9846,ORD76742
2024-10-04,Home,Garden,North,Alice Johnson,7,640.19,0.29,3190.12,2001.64,1188.49,CUST9659,ORD15590
2024-09-12,Electronics,Camera,South,Eve Wilson,1,614.81,0.03,598.56,417.89,180.67,CUST4231,ORD56421
2023-03-12,Books,Non-Fiction,North,Bob Smith,20,707.82,0.15,12093.47,6679.21,5414.26,CUST1097,ORD57779
2024-07-04,Books,Non-Fiction,West,Eve Wilson,11,141.48,0.28,1114.38,758.2,356.18,CUST2956,ORD94527
2024-03-01,Sports,Basketball,North,Carol Davis,7,16.36,0.15,97.71,59.5,38.21,CUST3874,ORD42652
2023-09-27,Sports,Tennis,Central,David Brown,10,883.13,0.16,7440.19,3462.02,3978.17,CUST4167,ORD19141
2023-07-09,Books,Science,Central,Bob Smith,20,543.64,0.25,8195.56,3808.66,4386.91,CUST1009,ORD35408
2024-08-22,Home,Kitchen,North,Alice Johnson,10,323.2,0.03,3145.52,2144.65,1000.87,CUST6556,ORD30617
2024-11-23,Sports,Tennis,West,Eve Wilson,14,262.23,0.09,3352.93,2297.82,1055.11,CUST4076,ORD36485
2023-06-25,Home,Furniture,North,Bob Smith,18,361.64,0.16,5461.44,3548.18,1913.27,CUST8572,ORD77400
2024-04-30,Sports,Soccer,West,Carol Davis,6,607.29,0.01,3623.95,2207.96,1415.98,CUST5804,ORD71966
2023-03-14,Home,Decor,North,Carol Davis,20,273.76,0.24,4172.51,2350.96,1821.55,CUST6408,ORD39550
2024-09-10,Electronics,Tablet,North,David Brown,5,883.8,0.28,3177.89,2072.82,1105.07,CUST1078,ORD47376
2024-05-17,Clothing,Jacket,South,David Brown,16,934.58,0.2,11993.84,7862.96,4130.88,CUST6348,ORD54126
2023-06-08,Clothing,T-Shirt,West,Eve Wilson,19,213.19,0.25,3054.34,1440.48,1613.86,CUST5619,ORD60674
2024-11-05,Electronics,Headphones,East,Bob Smith,7,303.25,0.03,2049.33,1074.19,975.14,CUST8662,ORD31129
2024-08-03,Clothing,Shoes,Central,Bob Smith,20,486.31,0.27,7129.17,3481.68,3647.49,CUST1046,ORD87865
2023-03-12,Electronics,Headphones,North,Bob Smith,6,220.06,0.3,927.09,546.59,380.5,CUST6763,ORD94134
2024-04-19,Home,Decor,East,Carol Davis,10,872.32,0.2,6970.93,3994.01,2976.93,CUST4033,ORD69669
2023-09-13,Electronics,Camera,North,Eve Wilson,17,154.37,0.13,2281.06,1196.63,1084.43,CUST9934,ORD19735
2024-04-26,Home,Kitchen,West,Bob Smith,3,972.64,0.17,2425.5,1685.57,739.93,CUST2094,ORD64433
2023-04-06,Sports,Golf,West,Carol Davis,12,438.14,0.12,4646.64,2877.59,1769.05,CUST2699,ORD50288
2023-08-26,Sports,Tennis,Central,David Brown,20,464.19,0.16,7817.53,3967.9,3849.63,CUST3542,ORD56433
2023-05-21,Home,Appliances,South,David Brown,6,337.53,0.04,1941.14,940.64,1000.5,CUST9599,ORD33362
2024-10-26,Sports,Football,South,Eve Wilson,9,329.25,0.28,2146.8,1139.29,1007.51,CUST5812,ORD68864
2023-08-20,Home,Kitchen,North,Eve Wilson,11,923.84,0.19,8231.73,4148.72,4083.01,CUST5106,ORD34744
2023-05-04,Clothing,Shoes,North,Alice Johnson,14,113.16,0.06,1489.18,1008.44,480.74,CUST8017,ORD39539
2024-05-28,Electronics,Phone,South,David Brown,13,472.06,0.26,4514.67,2483.71,2030.96,CUST2964,ORD31463
2024-03-04,Sports,Golf,West,Eve Wilson,17,127.57,0.2,1734.86,1114.09,620.77,CUST5531,ORD71070
2023-12-16,Electronics,Laptop,East,Carol Davis,7,291.47,0.02,2002.26,834.97,1167.28,CUST3355,ORD25635
2023-01-07,Clothing,Jeans,West,David Brown,20,16.22,0.28,233.29,138.38,94.91,CUST6868,ORD31756
2024-01-12,Clothing,Jacket,South,Bob Smith,17,693.9,0.01,11713.86,6844.18,4869.68,CUST1003,ORD35508
2023-10-27,Sports,Soccer,Central,Alice Johnson,1,450.81,0.2,362.45,217.07,145.38,CUST3415,ORD99883
2023-11-02,Electronics,Headphones,East,David Brown,5,835.27,0.29,2946.02,1713.53,1232.49,CUST6518,ORD33713
2023-09-02,Sports,Basketball,East,David Brown,20,768.1,0.3,10816.26,5493.03,5323.23,CUST6239,ORD16557
2023-12-17,Sports,Football,North,Carol Davis,4,767.99,0.25,2308.29,1491.77,816.52,CUST5255,ORD65857
2024-10-08,Home,Kitchen,Central,David Brown,2,286.19,0.27,417.27,281.03,136.24,CUST9841,ORD84084
2024-12-06,Home,Garden,East,Alice Johnson,17,885.72,0.13,13156.76,8272.83,4883.93,CUST2659,ORD15124
2024-10-24,Home,Kitchen,West,David Brown,4,635.21,0.24,1928.28,1004.59,923.69,CUST2399,ORD53492
2023-07-05,Sports,Basketball,South,Bob Smith,8,874.01,0.03,6785.4,3506.83,3278.58,CUST6260,ORD83762
2023-08-21,Books,Fiction,North,David Brown,4,925.43,0.0,3684.71,1813.89,1870.81,CUST7057,ORD44577
2023-03-02,Sports,Football,Central,Alice Johnson,14,163.63,0.18,1869.03,1103.8,765.22,CUST8962,ORD41013
2023-08-06,Clothing,Jacket,Central,Eve Wilson,17,156.27,0.1,2396.77,1453.81,942.96,CUST6103,ORD76674
2024-06-18,Home,Garden,North,Carol Davis,18,264.64,0.29,3369.98,2276.33,1093.64,CUST4953,ORD11616
2024-10-12,Sports,Golf,West,David Brown,20,180.55,0.08,3336.45,2258.23,1078.22,CUST5387,ORD44650
2024-12-27,Books,Non-Fiction,West,David Brown,3,960.91,0.09,2609.47,1603.33,1006.14,CUST3204,ORD52239
2023-03-02,Clothing,Shoes,North,Eve Wilson,11,220.23,0.08,2227.94,1450.82,777.11,CUST7436,ORD14380
2024-06-11,Electronics,Camera,West,Eve Wilson,16,971.47,0.11,13839.44,9153.0,4686.43,CUST8702,ORD71645
2024-08-03,Clothing,Shoes,North,Eve Wilson,6,496.8,0.29,2129.64,886.99,1242.64,CUST8013,ORD80367
2024-07-29,Clothing,Jeans,North,Alice Johnson,6,122.92,0.28,531.99,225.6,306.38,CUST4464,ORD71943
2023-11-07,Books,Non-Fiction,South,Carol Davis,3,93.58,0.08,258.27,155.46,102.81,CUST2383,ORD95927
2023-07-30,Clothing,Jacket,East,Eve Wilson,7,396.84,0.01,2745.81,1155.85,1589.96,CUST2159,ORD36383
2024-01-17,Clothing,T-Shirt,Central,Eve Wilson,5,128.98,0.08,596.06,350.21,245.85,CUST8680,ORD40509
2023-04-03,Home,Furniture,East,Bob Smith,19,630.65,0.14,10271.81,6909.51,3362.3,CUST4385,ORD15279
2023-08-04,Books,History,South,Carol Davis,12,939.06,0.05,10652.93,7203.89,3449.04,CUST3501,ORD73445
2023-03-26,Electronics,Tablet,Central,Carol Davis,17,326.69,0.02,5445.76,2845.94,2599.82,CUST7935,ORD27023
2023-06-08,Electronics,Phone,East,Alice Johnson,9,858.95,0.18,6371.82,2782.85,3588.97,CUST8199,ORD39528
2024-11-16,Home,Garden,Central,Alice Johnson,9,34.79,0.07,292.2,167.11,125.09,CUST8329,ORD68699
2023-02-18,Sports,Golf,West,Alice Johnson,3,508.41,0.09,1381.43,961.85,419.58,CUST2388,ORD28581
2023-08-12,Books,Fiction,Central,Bob Smith,19,728.41,0.24,10469.01,5528.21,4940.8,CUST6016,ORD19767
2024-08-11,Sports,Tennis,East,Bob Smith,11,295.75,0.22,2546.94,1181.58,1365.36,CUST5022,ORD15314
2024-03-11,Clothing,Jacket,West,Carol Davis,17,714.7,0.01,11995.57,5026.89,6968.68,CUST2135,ORD59764
2024-08-04,Clothing,T-Shirt,South,Eve Wilson,9,625.86,0.2,4512.43,1898.45,2613.98,CUST3677,ORD60395
2023-12-05,Electronics,Headphones,West,Carol Davis,2,526.34,0.18,866.49,457.29,409.2,CUST5506,ORD43613
2024-12-29,Electronics,Laptop,Central,Bob Smith,3,948.0,0.07,2639.99,1182.05,1457.94,CUST1791,ORD67524
2023-04-27,Electronics,Laptop,Central,Eve Wilson,9,574.26,0.01,5107.11,3130.93,1976.19,CUST4851,ORD89389
2024-09-09,Books,Biography,West,Alice Johnson,16,385.54,0.23,4771.34,2993.34,1778.0,CUST9590,ORD45977
2024-10-10,Sports,Soccer,South,Eve Wilson,15,118.43,0.27,1294.09,724.46,569.64,CUST8300,ORD12299
2023-05-28,Books,Non-Fiction,North,Eve Wilson,19,890.3,0.04,16171.85,6678.73,9493.12,CUST6345,ORD42142
2023-09-25,Sports,Football,Central,Alice Johnson,1,496.93,0.27,360.58,163.95,196.63,CUST4678,ORD25822
2023-10-29,Books,Science,West,Alice Johnson,13,585.43,0.27,5560.47,2712.99,2847.48,CUST9618,ORD65337
2023-12-24,Sports,Golf,South,Bob Smith,15,908.53,0.11,12085.29,8285.63,3799.66,CUST9416,ORD66988
2023-07-27,Clothing,T-Shirt,West,David Brown,4,186.23,0.27,541.81,250.96,290.86,CUST5509,ORD83463
2024-06-29,Clothing,Jacket,West,Bob Smith,3,628.06,0.12,1661.51,856.52,804.99,CUST1795,ORD90300
2024-04-12,Clothing,T-Shirt,Central,Alice Johnson,16,402.58,0.22,5007.36,3212.94,1794.43,CUST5958,ORD99835
2023-08-10,Electronics,Phone,South,Alice Johnson,7,738.57,0.12,4565.3,2214.69,2350.62,CUST2178,ORD52626
2024-09-16,Sports,Tennis,East,Alice Johnson,13,132.26,0.24,1313.86,833.54,480.33,CUST8498,ORD56089
2024-03-03,Home,Garden,North,Alice Johnson,7,97.34,0.04,653.76,394.91,258.85,CUST3198,ORD75911
2023-05-29,Clothing,T-Shirt,East,Alice Johnson,2,402.1,0.18,661.76,413.84,247.92,CUST3244,ORD34162
2024-04-29,Home,Decor,North,David Brown,4,401.94,0.1,1445.7,672.55,773.14,CUST1579,ORD93851
2024-03-25,Clothing,Shoes,East,David Brown,9,678.64,0.08,5609.15,2641.18,2967.97,CUST6665,ORD77527
2023-06-18,Sports,Soccer,North,David Brown,14,453.14,0.04,6113.93,4194.12,1919.81,CUST1809,ORD12539
2024-03-18,Sports,Basketball,North,Carol Davis,17,537.97,0.17,7608.66,3614.36,3994.3,CUST8750,ORD43883
2024-11-03,Books,Science,East,David Brown,20,866.64,0.01,17226.77,7759.89,9466.88,CUST6748,ORD83560
2023-12-26,Books,History,North,Eve Wilson,11,819.96,0.19,7337.91,4789.84,2548.07,CUST8238,ORD50584
2024-08-19,Sports,Tennis,South,David Brown,2,726.35,0.14,1242.56,570.37,672.19,CUST5481,ORD85359
2023-03-30,Home,Decor,West,Carol Davis,20,751.54,0.01,14857.64,9902.45,4955.19,CUST3807,ORD68304
2023-07-07,Sports,Soccer,North,Carol Davis,14,696.92,0.12,8542.29,5586.16,2956.13,CUST1344,ORD35020
2024-01-29,Home,Appliances,East,Alice Johnson,2,865.92,0.27,1271.54,552.7,718.84,CUST6102,ORD35944
2023-03-29,Clothing,Shoes,Central,Alice Johnson,6,839.57,0.12,4407.92,1933.09,2474.83,CUST4651,ORD43363
2024-04-08,Books,Science,West,Bob Smith,13,208.59,0.12,2395.91,1466.33,929.58,CUST1275,ORD42303
2024-06-19,Sports,Soccer,South,Bob Smith,6,626.07,0.17,3117.46,2154.04,963.42,CUST2367,ORD18007
2023-12-09,Clothing,Jacket,North,Eve Wilson,3,214.57,0.25,480.73,250.43,230.3,CUST6540,ORD96810
2024-12-05,Sports,Basketball,East,Carol Davis,14,793.39,0.17,9208.03,6082.61,3125.42,CUST7346,ORD31435
2024-12-28,Books,Biography,North,Eve Wilson,20,473.62,0.06,8861.77,4696.65,4165.11,CUST8717,ORD16155
2024-08-08,Sports,Basketball,Central,David Brown,20,916.62,0.04,17577.0,8719.81,8857.19,CUST9274,ORD94573
2024-02-08,Home,Appliances,North,Carol Davis,4,459.19,0.02,1807.88,936.24,871.64,CUST2603,ORD40904
2023-02-20,Home,Garden,Central,Alice Johnson,17,706.25,0.04,11549.21,7477.55,4071.66,CUST2835,ORD58370
2023-09-22,Clothing,Hat,South,Eve Wilson,9,404.55,0.14,3139.12,1579.48,1559.64,CUST8104,ORD70386
2024-11-05,Electronics,Camera,North,David Brown,12,116.05,0.26,1027.24,413.91,613.33,CUST1731,ORD13464
2023-06-18,Electronics,Phone,West,Carol Davis,19,395.92,0.08,6953.57,4400.41,2553.16,CUST4712,ORD45140
2023-07-07,Sports,Golf,South,David Brown,13,788.29,0.16,8645.4,5808.43,2836.97,CUST7978,ORD59549
2023-03-23,Electronics,Tablet,South,Alice Johnson,4,189.26,0.03,731.07,364.38,366.7,CUST2065,ORD11202
2024-12-05,Home,Appliances,East,Bob Smith,15,48.73,0.16,610.93,410.66,200.27,CUST3686,ORD81011
2023-08-28,Home,Appliances,North,Carol Davis,5,30.15,0.26,110.98,48.73,62.25,CUST9282,ORD65228
2024-08-14,Books,Science,East,Bob Smith,5,623.6,0.3,2197.49,1285.38,912.1,CUST1860,ORD29872
2024-03-26,Home,Appliances,South,Eve Wilson,7,757.25,0.06,4992.38,2116.93,2875.44,CUST8300,ORD81161
2023-05-10,Sports,Soccer,West,Eve Wilson,19,997.68,0.01,18830.01,9411.24,9418.77,CUST7216,ORD19871
2023-07-31,Clothing,Shoes,East,Carol Davis,12,496.03,0.07,5515.94,2884.03,2631.91,CUST7019,ORD56071
2023-09-17,Home,Garden,Central,Eve Wilson,4,453.39,0.22,1418.73,941.58,477.15,CUST1537,ORD67653
2023-11-08,Sports,Basketball,West,Bob Smith,20,507.33,0.22,7920.78,3535.79,4384.98,CUST1110,ORD31710
2023-06-21,Books,Science,East,Bob Smith,20,661.7,0.22,10259.15,4476.9,5782.25,CUST8858,ORD10391
2024-04-29,Clothing,Shoes,South,Carol Davis,2,227.99,0.07,422.13,269.14,152.99,CUST2745,ORD42118
2023-09-30,Clothing,T-Shirt,South,David Brown,2,72.11,0.23,110.72,68.36,42.36,CUST2443,ORD52308
2024-10-16,Clothing,T-Shirt,South,Carol Davis,16,461.55,0.27,5424.75,2716.98,2707.77,CUST8883,ORD40846
2024-07-13,Books,Biography,West,Carol Davis,18,166.75,0.28,2168.57,1396.51,772.06,CUST4563,ORD53986
2023-01-20,Clothing,Jeans,Central,Alice Johnson,14,171.69,0.07,2247.02,1295.74,951.28,CUST4144,ORD52718
2023-01-01,Clothing,Shoes,West,Eve Wilson,4,272.65,0.29,771.91,421.32,350.59,CUST2135,ORD87204
2023-01-01,Electronics,Phone,East,Bob Smith,13,902.27,0.21,9231.41,3874.82,5356.59,CUST9340,ORD98630
2023-06-13,Books,Science,East,David Brown,12,482.16,0.21,4568.32,2001.91,2566.41,CUST2204,ORD21409
2024-10-07,Electronics,Headphones,Central,Alice Johnson,1,789.38,0.23,608.37,360.74,247.63,CUST9787,ORD13784
2023-03-07,Home,Furniture,South,Eve Wilson,5,839.25,0.16,3522.22,2213.45,1308.76,CUST7975,ORD33621
2024-02-16,Books,Non-Fiction,East,Bob Smith,18,64.19,0.2,923.97,426.38,497.59,CUST2305,ORD65858
2023-12-16,Electronics,Laptop,North,Eve Wilson,11,745.87,0.21,6456.47,3625.94,2830.54,CUST1114,ORD36672
2024-02-25,Clothing,T-Shirt,Central,Eve Wilson,16,99.53,0.03,1547.88,738.06,809.82,CUST6303,ORD70401
2024-01-26,Home,Appliances,South,Carol Davis,6,986.31,0.02,5812.43,3176.13,2636.3,CUST2576,ORD82418
2023-08-16,Clothing,T-Shirt,East,Carol Davis,11,435.18,0.3,3353.57,1936.18,1417.39,CUST9672,ORD29230
2024-02-14,Home,Furniture,Central,Bob Smith,1,530.42,0.07,491.66,215.04,276.62,CUST2918,ORD43316
2024-10-15,Books,Non-Fiction,West,David Brown,6,327.08,0.02,1927.98,1129.4,798.58,CUST3283,ORD36252
2023-01-21,Clothing,Jeans,North,Carol Davis,10,136.92,0.14,1173.04,759.32,413.72,CUST7803,ORD16455
2024-04-15,Sports,Golf,North,David Brown,19,246.02,0.2,3736.71,2418.3,1318.41,CUST9880,ORD23617
2023-09-03,Electronics,Phone,North,Bob Smith,1,719.1,0.13,627.65,431.91,195.74,CUST9574,ORD11742
2024-09-26,Home,Furniture,Central,Alice Johnson,20,49.16,0.13,857.57,490.68,366.9,CUST7696,ORD76093
2024-10-15,Home,Furniture,South,Alice Johnson,17,239.09,0.18,3343.18,1411.78,1931.4,CUST1882,ORD91749
2024-04-12,Electronics,Camera,South,David Brown,9,695.85,0.04,6009.98,3341.65,2668.34,CUST8550,ORD43018
2023-10-19,Books,History,Central,Alice Johnson,17,79.29,0.21,1071.06,537.34,533.71,CUST6080,ORD49895
2024-02-23,Home,Appliances,South,Bob Smith,1,991.87,0.18,810.7,529.86,280.84,CUST3353,ORD97888
2023-02-12,Clothing,Jeans,East,Carol Davis,10,876.94,0.03,8507.47,5587.95,2919.52,CUST1650,ORD61129
2023-05-08,Books,Science,North,Alice Johnson,3,858.0,0.16,2158.22,1186.13,972.1,CUST6296,ORD22052
2023-07-31,Clothing,Shoes,South,Alice Johnson,14,847.79,0.12,10418.97,6239.1,4179.87,CUST4875,ORD15610
2024-08-13,Sports,Basketball,West,Alice Johnson,3,693.85,0.16,1738.72,1186.3,552.42,CUST1841,ORD18199
2024-04-06,Sports,Basketball,North,David Brown,1,952.5,0.08,871.91,579.53,292.39,CUST8850,ORD14677
2023-01-25,Books,History,West,Alice Johnson,10,11.7,0.2,93.79,46.8,46.99,CUST1222,ORD53368
2023-03-09,Electronics,Camera,Central,Carol Davis,12,826.17,0.01,9855.01,4888.25,4966.76,CUST6556,ORD36530
2024-07-21,Sports,Football,West,Bob Smith,18,400.37,0.23,5516.67,2964.01,2552.67,CUST3404,ORD18796
2023-01-25,Books,Fiction,West,Eve Wilson,18,893.9,0.16,13581.12,7879.69,5701.43,CUST1339,ORD69897
2023-11-16,Books,Biography,Central,Carol Davis,5,465.14,0.24,1769.32,996.56,772.76,CUST5625,ORD11277
2023-06-18,Clothing,Hat,West,Eve Wilson,20,76.97,0.17,1280.16,583.99,696.17,CUST5858,ORD72118
2023-01-27,Books,Non-Fiction,North,Alice Johnson,19,284.27,0.13,4692.62,2239.04,2453.58,CUST9092,ORD58070
2023-09-26,Electronics,Camera,West,Eve Wilson,16,885.28,0.29,10100.59,4661.11,5439.48,CUST1500,ORD92044
2023-12-10,Clothing,Jeans,West,Eve Wilson,12,744.15,0.14,7679.27,4822.47,2856.81,CUST8525,ORD17995
2024-06-28,Home,Garden,East,Alice Johnson,12,265.74,0.21,2515.03,1389.56,1125.47,CUST2739,ORD64551
2024-04-18,Clothing,T-Shirt,West,David Brown,8,673.1,0.01,5324.11,3576.54,1747.57,CUST1340,ORD24412
2023-11-21,Sports,Football,North,Eve Wilson,15,53.52,0.03,778.07,375.68,402.39,CUST7358,ORD30135
2023-03-31,Clothing,Jacket,North,David Brown,4,231.8,0.16,774.9,406.48,368.42,CUST1507,ORD72746
2023-08-15,Books,History,East,Bob Smith,11,629.12,0.2,5562.36,3227.13,2335.23,CUST8208,ORD85346
2024-01-26,Books,History,South,David Brown,4,659.72,0.02,2591.63,1251.73,1339.9,CUST6421,ORD67563
2023-04-19,Home,Appliances,South,Bob Smith,6,326.28,0.29,1385.8,819.46,566.34,CUST7243,ORD87264
2024-04-22,Home,Garden,Central,Eve Wilson,6,133.84,0.26,596.93,383.3,213.63,CUST2778,ORD87522
2023-05-14,Sports,Soccer,North,Alice Johnson,8,292.87,0.07,2183.05,956.94,1226.11,CUST1147,ORD20172
2024-02-09,Books,Biography,South,David Brown,7,572.14,0.27,2942.92,1894.4,1048.52,CUST4939,ORD85345
2023-08-13,Home,Kitchen,North,Bob Smith,17,98.61,0.05,1594.34,932.35,662.0,CUST1656,ORD60664
2023-06-11,Books,Non-Fiction,Central,David Brown,13,271.76,0.05,3362.94,1361.4,2001.53,CUST4795,ORD87957
2024-12-23,Clothing,Shoes,West,David Brown,18,140.11,0.18,2077.55,1251.36,826.19,CUST9007,ORD34220
2023-11-20,Clothing,Jeans,Central,Carol Davis,11,391.71,0.09,3899.68,1760.23,2139.44,CUST9685,ORD60974
2024-06-04,Home,Kitchen,South,Alice Johnson,14,301.73,0.23,3257.85,1811.23,1446.62,CUST7392,ORD80687
2024-03-22,Clothing,Hat,West,Carol Davis,17,67.61,0.11,1025.28,623.47,401.81,CUST4313,ORD68757
2024-01-19,Electronics,Camera,West,David Brown,18,148.54,0.01,2646.7,1373.6,1273.09,CUST9173,ORD31392
2024-11-26,Electronics,Headphones,West,Bob Smith,12,703.01,0.2,6787.59,2750.87,4036.72,CUST1213,ORD22412
2023-03-20,Sports,Tennis,West,Carol Davis,4,726.92,0.14,2506.27,1478.94,1027.33,CUST7666,ORD28952
2024-03-08,Sports,Basketball,North,Bob Smith,20,423.39,0.11,7576.66,4616.66,2960.0,CUST8143,ORD63446
2024-08-17,Electronics,Phone,West,Eve Wilson,15,801.99,0.03,11683.93,4878.26,6805.67,CUST1563,ORD61747
2023-10-26,Electronics,Phone,West,Carol Davis,6,336.52,0.12,1780.51,878.67,901.84,CUST8597,ORD70378
2023-03-16,Clothing,Hat,East,Eve Wilson,16,362.97,0.16,4856.03,2138.27,2717.76,CUST9656,ORD27789
2023-02-25,Clothing,Hat,West,Carol Davis,11,389.86,0.15,3649.31,2505.58,1143.73,CUST6830,ORD32005
2024-06-13,Home,Decor,South,Eve Wilson,19,864.19,0.19,13307.09,6121.37,7185.72,CUST1571,ORD74513
2023-10-26,Clothing,Shoes,Central,Eve Wilson,16,871.57,0.06,13079.53,8019.28,5060.25,CUST4112,ORD96524
2023-06-10,Books,Non-Fiction,East,David Brown,7,308.05,0.24,1648.78,983.28,665.5,CUST8502,ORD97050
2023-10-21,Sports,Football,North,Eve Wilson,6,334.22,0.11,1780.2,1136.41,643.79,CUST1738,ORD39389
2024-05-16,Home,Decor,Central,Carol Davis,8,344.94,0.1,2494.02,1185.82,1308.2,CUST2329,ORD77177
2023-04-26,Sports,Soccer,North,Bob Smith,8,592.22,0.17,3915.1,1980.4,1934.7,CUST6568,ORD15177
2024-01-06,Electronics,Headphones,North,Alice Johnson,13,693.52,0.13,7880.9,3444.11,4436.78,CUST2574,ORD86446
2023-05-29,Sports,Basketball,East,Alice Johnson,3,821.6,0.25,1837.87,788.97,1048.9,CUST1433,ORD65225
2024-06-28,Sports,Golf,North,Carol Davis,14,132.62,0.08,1711.77,968.64,743.13,CUST9949,ORD44684
2024-09-17,Clothing,Hat,East,Carol Davis,18,164.56,0.05,2809.71,1802.69,1007.02,CUST8318,ORD87095
2024-12-07,Electronics,Headphones,North,Carol Davis,7,773.98,0.17,4482.66,2899.45,1583.21,CUST3321,ORD69330
2023-05-17,Home,Decor,South,Eve Wilson,17,218.7,0.3,2614.9,1104.4,1510.5,CUST3370,ORD67839
2024-06-09,Sports,Golf,South,Carol Davis,13,924.57,0.06,11336.59,5059.8,6276.79,CUST7975,ORD44506
2023-02-24,Clothing,T-Shirt,West,Bob Smith,20,736.24,0.29,10414.65,5621.41,4793.24,CUST4438,ORD71301
2024-08-14,Clothing,Shoes,Central,Bob Smith,17,496.59,0.16,7108.91,3793.64,3315.28,CUST8872,ORD46964
2023-11-13,Electronics,Tablet,Central,Carol Davis,1,117.13,0.05,110.84,68.39,42.45,CUST3014,ORD16224
2024-10-27,Sports,Football,East,Eve Wilson,19,707.89,0.12,11797.01,6635.41,5161.6,CUST2704,ORD57930
2023-07-09,Books,Science,North,David Brown,10,556.62,0.28,4014.92,2446.35,1568.57,CUST8047,ORD62619
2023-10-03,Books,Fiction,North,David Brown,18,577.57,0.19,8428.12,3651.23,4776.88,CUST5296,ORD57716
2024-09-15,Sports,Golf,Central,Bob Smith,18,179.49,0.09,2927.38,1467.94,1459.44,CUST2953,ORD28703
2024-09-11,Clothing,Jeans,East,Eve Wilson,2,154.77,0.21,244.34,157.57,86.77,CUST2410,ORD72178
2024-05-01,Sports,Soccer,North,Carol Davis,12,920.89,0.12,9755.65,6694.0,3061.66,CUST2624,ORD90925
2024-11-26,Home,Kitchen,West,Alice Johnson,11,771.99,0.27,6239.83,2793.77,3446.06,CUST7709,ORD64724
2023-05-03,Home,Furniture,East,Bob Smith,6,356.28,0.01,2119.66,1452.56,667.1,CUST5091,ORD49546
2023-02-19,Home,Garden,East,Carol Davis,11,231.61,0.15,2172.93,1431.75,741.18,CUST4003,ORD52720
2024-11-06,Sports,Soccer,North,Eve Wilson,8,715.33,0.0,5701.39,3714.72,1986.67,CUST1817,ORD66374
2024-02-17,Books,Non-Fiction,East,Eve Wilson,18,106.65,0.13,1665.29,818.91,846.39,CUST3032,ORD30919
2023-04-20,Sports,Football,East,Bob Smith,14,722.02,0.01,10046.49,6222.12,3824.37,CUST7181,ORD71112
2024-08-08,Books,History,East,Alice Johnson,4,458.09,0.05,1744.56,930.64,813.91,CUST8196,ORD66545
2023-06-14,Home,Kitchen,North,David Brown,19,740.95,0.01,13867.5,5870.39,7997.1,CUST7600,ORD93488
2024-04-12,Clothing,T-Shirt,North,Carol Davis,13,675.74,0.03,8546.25,4227.87,4318.39,CUST9704,ORD70237
2024-12-05,Sports,Tennis,West,David Brown,5,846.05,0.18,3460.35,1582.45,1877.91,CUST6419,ORD79770
2024-07-13,Electronics,Phone,South,Carol Davis,10,977.63,0.17,8146.06,5519.55,2626.51,CUST2579,ORD90269
2024-02-01,Home,Furniture,North,David Brown,8,565.65,0.11,4019.24,2610.79,1408.45,CUST3316,ORD36300
2023-03-08,Sports,Football,West,Eve Wilson,11,687.2,0.17,6254.09,3967.61,2286.49,CUST7995,ORD13985
2023-01-26,Books,Fiction,East,Alice Johnson,12,538.33,0.23,4985.27,3214.15,1771.11,CUST2378,ORD48013
2023-03-29,Sports,Tennis,North,David Brown,12,359.28,0.3,3023.94,1964.72,1059.22,CUST1257,ORD25683
2024-10-24,Books,Non-Fiction,South,Bob Smith,6,490.76,0.25,2202.3,1328.55,873.74,CUST2734,ORD19802
2024-12-21,Clothing,Shoes,West,David Brown,18,87.66,0.25,1186.21,497.71,688.5,CUST3032,ORD84645
2024-06-20,Home,Garden,East,Alice Johnson,17,908.79,0.15,13088.24,8407.03,4681.21,CUST4304,ORD94159
2023-12-18,Books,Science,East,Eve Wilson,3,26.58,0.08,73.23,38.2,35.03,CUST1522,ORD76561
2023-07-07,Sports,Soccer,Central,Eve Wilson,7,753.46,0.19,4257.32,1967.58,2289.75,CUST2015,ORD68080
2023-05-12,Books,History,East,Eve Wilson,8,174.53,0.09,1276.24,733.98,542.26,CUST4083,ORD86841
2024-10-15,Electronics,Tablet,Central,Alice Johnson,3,632.82,0.29,1350.75,756.44,594.31,CUST3110,ORD29871
2024-05-06,Books,Biography,North,Carol Davis,9,27.05,0.12,213.64,126.64,87.0,CUST3970,ORD91947
2024-02-06,Electronics,Camera,West,Eve Wilson,13,52.36,0.29,481.62,193.04,288.58,CUST9383,ORD12529
2024-09-03,Home,Kitchen,East,David Brown,12,975.62,0.1,10566.37,5420.78,5145.6,CUST6215,ORD82048
2023-03-11,Home,Decor,West,Alice Johnson,9,953.18,0.08,7855.14,4921.97,2933.16,CUST7884,ORD88740
2024-12-23,Clothing,T-Shirt,South,Carol Davis,7,552.11,0.29,2738.79,1748.75,990.04,CUST6682,ORD53994
2024-09-02,Electronics,Phone,East,Bob Smith,3,83.87,0.28,180.65,86.73,93.92,CUST8259,ORD33694
2024-04-26,Electronics,Camera,South,Bob Smith,14,502.57,0.22,5501.19,3847.33,1653.86,CUST1026,ORD79667
2023-03-15,Clothing,Jeans,East,Eve Wilson,15,847.89,0.24,9663.07,5221.93,4441.14,CUST4969,ORD55513
2024-09-16,Electronics,Tablet,North,Carol Davis,7,685.23,0.21,3774.05,2586.84,1187.22,CUST4161,ORD48504
2023-01-03,Books,Science,South,Eve Wilson,15,381.88,0.09,5225.51,2697.04,2528.47,CUST1376,ORD87631
2024-06-13,Clothing,T-Shirt,Central,Eve Wilson,16,413.78,0.19,5377.64,3274.88,2102.75,CUST2442,ORD58549
2023-11-04,Home,Decor,East,Carol Davis,7,501.44,0.21,2781.56,1353.94,1427.62,CUST2403,ORD63110
2023-03-31,Clothing,Hat,North,Bob Smith,4,817.76,0.11,2898.47,1813.48,1084.99,CUST6912,ORD98513
2023-10-30,Sports,Soccer,Central,Bob Smith,6,612.29,0.09,3354.75,1784.9,1569.86,CUST6384,ORD21068
2023-12-05,Electronics,Tablet,South,Alice Johnson,5,282.63,0.18,1155.73,531.07,624.66,CUST7675,ORD29460
2023-05-21,Clothing,T-Shirt,South,Eve Wilson,19,649.84,0.12,10812.88,5622.21,5190.67,CUST4462,ORD19332
2023-01-10,Books,History,North,Carol Davis,1,727.44,0.05,693.87,472.84,221.03,CUST2169,ORD70849
2023-10-12,Books,History,North,Eve Wilson,16,705.65,0.03,10998.1,4949.87,6048.23,CUST6460,ORD36142
2024-08-19,Sports,Soccer,West,Eve Wilson,20,536.37,0.16,9002.58,4085.06,4917.52,CUST8783,ORD67037
2024-06-09,Books,History,West,Bob Smith,7,477.69,0.02,3292.94,1563.04,1729.89,CUST8356,ORD43563
2023-07-25,Home,Kitchen,West,Carol Davis,4,311.64,0.27,905.64,622.65,283.0,CUST4295,ORD83861
2024-12-16,Electronics,Phone,North,Carol Davis,13,570.63,0.19,5999.56,3452.53,2547.03,CUST9716,ORD39288
2024-11-23,Books,Science,East,Bob Smith,15,195.5,0.09,2656.45,1821.55,834.9,CUST4821,ORD41629
2023-02-23,Books,History,North,Eve Wilson,17,993.95,0.26,12570.57,7730.75,4839.82,CUST6163,ORD54187
2023-11-25,Home,Kitchen,East,Carol Davis,4,196.93,0.21,622.85,366.92,255.93,CUST1384,ORD31754
2024-05-20,Home,Garden,North,Eve Wilson,12,339.46,0.09,3697.58,1903.3,1794.28,CUST3706,ORD89345
2024-02-06,Home,Garden,South,David Brown,20,867.26,0.04,16736.87,10550.99,6185.87,CUST5567,ORD86099
2023-03-12,Home,Decor,East,Carol Davis,18,825.65,0.22,11524.35,6194.29,5330.06,CUST3381,ORD81067
2023-05-11,Electronics,Laptop,Central,Eve Wilson,8,598.25,0.16,4035.21,2481.34,1553.87,CUST1812,ORD13781
2024-06-24,Electronics,Phone,Central,David Brown,7,653.79,0.15,3883.95,2339.26,1544.68,CUST4563,ORD72647
2023-11-20,Electronics,Tablet,North,Carol Davis,8,298.76,0.19,1943.88,1312.99,630.89,CUST2351,ORD81865
2024-02-20,Books,Science,East,Alice Johnson,8,843.61,0.12,5907.96,2614.64,3293.32,CUST4861,ORD75481
2023-10-10,Sports,Football,East,Bob Smith,2,33.03,0.01,65.68,32.74,32.94,CUST1742,ORD50153
2024-09-04,Home,Garden,North,David Brown,8,328.97,0.16,2204.02,1326.01,878.01,CUST5180,ORD53256
2024-07-30,Books,Science,Central,Carol Davis,14,798.77,0.27,8120.34,4995.45,3124.89,CUST2983,ORD60103
2023-08-15,Home,Garden,East,David Brown,18,630.53,0.19,9187.98,6097.76,3090.22,CUST2971,ORD85299
2023-01-27,Clothing,Jeans,East,Bob Smith,5,377.03,0.27,1370.7,906.02,464.68,CUST2625,ORD22668
2024-05-22,Home,Garden,West,Bob Smith,16,166.57,0.21,2116.28,1418.96,697.32,CUST2560,ORD16965
2023-08-26,Sports,Tennis,North,Alice Johnson,9,619.82,0.08,5143.48,3540.89,1602.59,CUST9527,ORD30875
2023-01-14,Clothing,T-Shirt,North,David Brown,6,316.94,0.17,1578.98,686.75,892.23,CUST4407,ORD25557
2023-01-11,Clothing,Hat,South,Alice Johnson,19,712.65,0.17,11268.61,6934.51,4334.1,CUST9882,ORD70480
2023-11-12,Sports,Soccer,East,Eve Wilson,3,954.25,0.21,2275.3,1299.16,976.14,CUST4213,ORD96942
2023-07-05,Clothing,Jeans,West,Eve Wilson,20,527.06,0.25,7878.07,3668.42,4209.66,CUST4606,ORD81291
2023-09-22,Home,Decor,Central,Alice Johnson,2,438.07,0.14,756.48,468.52,287.96,CUST3822,ORD85888
2024-12-08,Home,Kitchen,East,Bob Smith,18,301.33,0.23,4184.47,2142.72,2041.75,CUST7116,ORD62939
2023-12-21,Electronics,Laptop,West,Alice Johnson,14,36.07,0.09,458.75,240.35,218.4,CUST7982,ORD17733
2023-06-29,Sports,Tennis,Central,Bob Smith,10,958.17,0.0,9580.63,6476.73,3103.91,CUST7550,ORD45741
2024-09-17,Sports,Golf,North,Alice Johnson,20,326.22,0.25,4870.0,2926.64,1943.36,CUST5565,ORD84592
2023-06-09,Books,Science,East,David Brown,20,515.19,0.17,8505.1,3413.11,5091.99,CUST9777,ORD38382
2024-03-24,Sports,Basketball,East,David Brown,10,213.6,0.05,2025.07,1350.28,674.79,CUST1093,ORD51931
2023-05-17,Sports,Football,East,Alice Johnson,12,72.26,0.12,759.56,360.51,399.05,CUST3344,ORD17905
2023-08-14,Sports,Football,North,Eve Wilson,8,972.83,0.0,7748.05,5050.33,2697.72,CUST8175,ORD10728
2023-12-05,Clothing,Shoes,North,Eve Wilson,20,393.52,0.17,6494.97,3295.66,3199.31,CUST7133,ORD86284
2023-10-27,Sports,Basketball,North,David Brown,12,281.6,0.24,2563.7,1192.96,1370.74,CUST8724,ORD26353
2023-11-26,Electronics,Headphones,West,Alice Johnson,9,734.31,0.18,5451.69,2768.28,2683.41,CUST2735,ORD24540
2024-12-06,Clothing,T-Shirt,Central,Carol Davis,11,822.53,0.21,7115.32,3460.57,3654.75,CUST9636,ORD96117
2024-07-21,Electronics,Camera,East,Alice Johnson,7,197.29,0.24,1050.57,732.63,317.94,CUST3628,ORD37430
2023-12-06,Sports,Soccer,West,Carol Davis,7,470.22,0.16,2776.6,1717.24,1059.35,CUST1508,ORD14300
2024-06-13,Home,Appliances,Central,Eve Wilson,4,544.46,0.16,1831.41,738.35,1093.06,CUST1431,ORD15087
2023-04-18,Sports,Football,West,David Brown,13,844.26,0.25,8199.39,3714.08,4485.31,CUST1916,ORD71505
2024-05-18,Sports,Soccer,East,David Brown,11,954.13,0.29,7414.13,5082.37,2331.76,CUST1017,ORD26460
2024-12-04,Books,Fiction,West,Carol Davis,20,464.31,0.09,8495.55,5045.41,3450.14,CUST6128,ORD24620
2024-05-14,Books,History,South,Eve Wilson,10,941.66,0.03,9144.05,4611.65,4532.4,CUST2774,ORD98082
2023-08-18,Sports,Basketball,Central,Eve Wilson,5,725.36,0.24,2743.23,1544.19,1199.04,CUST3646,ORD42504
2024-05-21,Home,Garden,South,Alice Johnson,18,960.06,0.24,13067.16,8743.5,4323.66,CUST2210,ORD30781
2024-05-08,Books,Fiction,North,David Brown,13,318.37,0.16,3461.19,1789.52,1671.67,CUST7595,ORD94395
2024-11-10,Clothing,Hat,West,Bob Smith,15,271.51,0.24,3087.63,1697.65,1389.98,CUST2669,ORD84322
2024-04-07,Books,History,South,Carol Davis,18,215.81,0.11,3449.6,1664.99,1784.62,CUST3397,ORD18673
2023-05-15,Clothing,Jacket,West,Eve Wilson,14,189.18,0.05,2507.08,1003.64,1503.44,CUST9833,ORD90122
2024-07-15,Home,Furniture,East,David Brown,12,81.1,0.13,847.07,388.67,458.4,CUST3336,ORD59292
2023-04-27,Electronics,Headphones,East,David Brown,8,350.16,0.26,2071.19,1369.58,701.61,CUST8913,ORD76268
2023-11-15,Electronics,Headphones,West,Carol Davis,19,917.42,0.06,16331.84,10348.79,5983.05,CUST5679,ORD78690
2024-04-11,Electronics,Laptop,East,Eve Wilson,12,98.95,0.2,954.31,422.87,531.44,CUST1613,ORD27699
2024-07-24,Sports,Golf,South,Bob Smith,16,274.11,0.24,3314.6,1668.93,1645.66,CUST7651,ORD62338
2023-10-28,Clothing,Jacket,Central,Eve Wilson,17,125.64,0.06,2006.78,814.54,1192.24,CUST2618,ORD99418
2023-07-27,Home,Appliances,Central,Eve Wilson,13,642.82,0.23,6457.15,3684.12,2773.03,CUST3397,ORD60587
2023-08-02,Books,History,West,Eve Wilson,13,472.78,0.26,4559.46,2217.5,2341.96,CUST2113,ORD41519
2023-11-28,Home,Appliances,North,David Brown,11,294.11,0.23,2506.78,1045.33,1461.45,CUST3813,ORD50075
2023-12-29,Sports,Football,East,Carol Davis,6,48.19,0.18,237.22,96.17,141.05,CUST5853,ORD78261
2024-07-24,Sports,Basketball,South,Carol Davis,16,473.1,0.04,7282.07,3563.03,3719.03,CUST1551,ORD62012
2023-12-27,Home,Furniture,East,David Brown,13,131.78,0.15,1457.5,595.85,861.65,CUST7298,ORD67641
2023-01-24,Books,Fiction,West,Bob Smith,1,209.12,0.19,168.45,97.7,70.75,CUST9247,ORD11512
2023-07-01,Books,Biography,Central,David Brown,9,969.9,0.09,7951.36,5371.86,2579.5,CUST1577,ORD29050
2024-07-13,Sports,Soccer,North,Carol Davis,3,742.59,0.25,1661.89,913.44,748.45,CUST9728,ORD21087
2024-02-09,Electronics,Headphones,South,Alice Johnson,19,806.38,0.21,12136.24,7660.22,4476.02,CUST2529,ORD95603
2023-03-24,Home,Appliances,West,David Brown,16,790.9,0.12,11107.97,6337.44,4770.53,CUST7519,ORD18800
2023-12-09,Home,Kitchen,South,Eve Wilson,4,312.39,0.22,979.82,524.4,455.42,CUST7950,ORD72520
2023-11-02,Home,Kitchen,North,Eve Wilson,9,863.0,0.27,5689.01,3197.56,2491.46,CUST7505,ORD88696
2023-07-20,Electronics,Camera,East,Alice Johnson,6,676.54,0.24,3072.74,1719.4,1353.35,CUST3071,ORD82666
2024-02-19,Sports,Basketball,Central,Eve Wilson,14,395.95,0.29,3915.81,2266.14,1649.67,CUST5632,ORD50841
2024-05-31,Clothing,T-Shirt,North,Bob Smith,14,30.63,0.02,418.42,259.69,158.73,CUST3687,ORD78381
2023-05-21,Electronics,Tablet,East,Alice Johnson,20,594.15,0.03,11582.48,7301.85,4280.63,CUST1071,ORD69258
2024-10-12,Clothing,Jacket,West,Carol Davis,4,766.57,0.18,2499.52,1156.67,1342.84,CUST8844,ORD76315
2023-06-28,Sports,Soccer,West,David Brown,16,529.62,0.19,6887.3,3932.07,2955.22,CUST4702,ORD26567
2024-12-28,Electronics,Phone,East,David Brown,5,83.69,0.01,414.53,268.02,146.52,CUST6930,ORD19091
2023-12-25,Electronics,Laptop,East,David Brown,20,162.82,0.01,3233.64,2162.93,1070.7,CUST2809,ORD47709
2023-11-17,Books,Science,South,David Brown,6,523.46,0.02,3089.47,1554.39,1535.08,CUST6874,ORD94212
2023-11-08,Electronics,Phone,South,Bob Smith,11,87.18,0.29,681.0,291.67,389.33,CUST4323,ORD52304
2023-05-06,Books,Biography,South,Bob Smith,7,523.57,0.22,2854.99,1268.99,1586.0,CUST6500,ORD27051
2024-11-02,Sports,Tennis,West,Eve Wilson,9,204.5,0.1,1665.4,977.76,687.65,CUST3999,ORD37798
2024-05-04,Clothing,Jeans,North,David Brown,5,696.13,0.2,2775.37,1127.07,1648.31,CUST5951,ORD69159
2023-09-11,Clothing,Jacket,North,David Brown,1,597.87,0.24,455.0,293.53,161.47,CUST4630,ORD87283
2023-06-08,Home,Decor,South,Bob Smith,3,146.24,0.23,336.54,138.55,197.99,CUST4942,ORD34050
2023-05-21,Books,History,West,David Brown,4,389.32,0.23,1192.88,700.44,492.44,CUST7619,ORD47923
2023-03-14,Sports,Basketball,North,Bob Smith,14,655.43,0.23,7061.64,4061.33,3000.32,CUST1604,ORD49408
2023-07-14,Sports,Soccer,South,Bob Smith,4,78.83,0.14,270.93,182.36,88.57,CUST6145,ORD64603
2024-03-05,Electronics,Laptop,East,Carol Davis,15,238.33,0.27,2606.59,1297.19,1309.4,CUST5085,ORD23407
2023-06-24,Electronics,Phone,Central,Alice Johnson,7,425.93,0.22,2325.87,953.31,1372.56,CUST1487,ORD53769
2023-04-13,Clothing,Jacket,Central,David Brown,1,348.35,0.07,324.38,138.47,185.9,CUST6984,ORD83266
2023-04-21,Clothing,Hat,East,Eve Wilson,8,436.29,0.23,2683.2,1424.2,1259.01,CUST5164,ORD36043
2023-02-20,Home,Garden,Central,Alice Johnson,14,365.19,0.13,4434.21,2149.24,2284.96,CUST1881,ORD94585
2024-08-17,Books,Fiction,Central,David Brown,18,568.73,0.17,8522.09,5404.24,3117.85,CUST2049,ORD80311
2023-09-10,Home,Kitchen,West,David Brown,8,534.86,0.06,4001.13,2199.53,1801.6,CUST1968,ORD14657
2024-09-20,Sports,Soccer,South,Eve Wilson,4,205.81,0.11,736.36,481.45,254.91,CUST2331,ORD51430
2024-11-24,Home,Garden,East,Alice Johnson,7,751.48,0.25,3965.32,2640.21,1325.11,CUST8427,ORD30838
2024-09-22,Clothing,T-Shirt,West,Bob Smith,20,43.19,0.02,844.74,512.94,331.8,CUST7179,ORD82958
2024-01-16,Electronics,Camera,Central,Carol Davis,5,298.98,0.01,1481.08,991.39,489.69,CUST3375,ORD37830
2023-08-27,Sports,Basketball,West,Eve Wilson,18,558.15,0.3,7050.54,3810.54,3239.99,CUST1859,ORD97834
2023-10-24,Sports,Tennis,West,Alice Johnson,2,652.07,0.27,945.68,588.38,357.31,CUST4354,ORD49009
2023-05-26,Clothing,Jacket,East,Eve Wilson,20,687.57,0.16,11534.41,7720.51,3813.9,CUST9053,ORD37845
2024-06-02,Clothing,Jacket,North,Bob Smith,7,63.23,0.27,324.83,186.49,138.34,CUST2988,ORD19340
2024-09-10,Home,Kitchen,East,Eve Wilson,16,508.22,0.08,7493.72,5033.81,2459.91,CUST1274,ORD57728
2024-01-16,Clothing,Jacket,West,Carol Davis,18,84.96,0.01,1516.05,793.89,722.16,CUST3507,ORD31310
2024-07-31,Books,Science,North,Bob Smith,10,127.18,0.2,1017.01,422.05,594.95,CUST5742,ORD73215
2024-04-01,Clothing,Jeans,Central,Alice Johnson,7,459.74,0.01,3196.58,2048.55,1148.03,CUST2584,ORD71068
2023-08-30,Home,Garden,West,Carol Davis,15,990.86,0.19,11995.13,7606.99,4388.14,CUST4101,ORD76948
2023-05-03,Sports,Football,West,Alice Johnson,17,683.13,0.17,9683.42,6389.22,3294.2,CUST2342,ORD92126
2024-04-14,Home,Appliances,North,Alice Johnson,12,245.56,0.09,2690.25,1114.49,1575.76,CUST1963,ORD39288
2024-07-06,Sports,Football,Central,David Brown,4,823.48,0.13,2855.72,1740.06,1115.66,CUST5771,ORD68718
2023-01-30,Home,Kitchen,North,Bob Smith,7,996.74,0.08,6445.43,3293.26,3152.17,CUST2529,ORD21331
2023-01-30,Books,Non-Fiction,Central,Alice Johnson,2,479.96,0.07,892.9,617.68,275.22,CUST2970,ORD78435
2024-03-30,Books,History,North,Carol Davis,16,437.36,0.23,5415.09,2458.49,2956.6,CUST1532,ORD47241
2024-11-04,Clothing,Hat,East,Alice Johnson,5,441.5,0.1,1976.65,1169.11,807.54,CUST1982,ORD25667
2024-05-08,Electronics,Tablet,East,Alice Johnson,13,813.16,0.07,9879.35,6416.54,3462.8,CUST3445,ORD81532
2024-01-27,Clothing,Shoes,Central,Alice Johnson,12,481.14,0.18,4734.96,2410.54,2324.42,CUST1045,ORD97714
2024-02-15,Home,Decor,North,Eve Wilson,19,794.77,0.15,12802.39,6768.8,6033.59,CUST2260,ORD15433
2023-01-29,Sports,Football,West,Bob Smith,12,546.33,0.05,6218.21,3197.16,3021.05,CUST4884,ORD81688
2023-06-15,Books,History,Central,David Brown,2,750.63,0.12,1326.21,595.98,730.23,CUST3509,ORD25122
2023-11-22,Clothing,T-Shirt,West,David Brown,20,499.86,0.21,7936.99,5480.81,2456.19,CUST5601,ORD12462
2024-03-23,Clothing,Jeans,East,David Brown,15,923.55,0.24,10486.3,6497.75,3988.55,CUST2944,ORD73852
2024-01-13,Sports,Tennis,West,Eve Wilson,1,511.5,0.28,370.49,249.78,120.71,CUST2474,ORD43486
2023-07-05,Sports,Golf,Central,Carol Davis,20,173.47,0.14,2972.3,2019.77,952.53,CUST4101,ORD10213
2024-10-11,Books,Science,South,Bob Smith,11,896.97,0.2,7912.99,4688.15,3224.84,CUST8589,ORD11330
2024-11-21,Electronics,Laptop,South,Bob Smith,16,835.69,0.12,11731.09,6897.55,4833.55,CUST4032,ORD60694
2024-10-21,Home,Decor,South,Alice Johnson,18,404.22,0.08,6726.1,3719.26,3006.84,CUST3127,ORD98978
2024-09-16,Sports,Basketball,Central,Alice Johnson,7,903.48,0.06,5965.72,3371.58,2594.14,CUST2998,ORD36590
2023-01-25,Electronics,Camera,Central,Carol Davis,4,476.77,0.27,1387.6,625.76,761.84,CUST8872,ORD60753
2024-05-17,Clothing,Hat,East,David Brown,3,622.6,0.08,1711.08,1181.1,529.98,CUST5879,ORD86897
2024-05-06,Electronics,Camera,East,Carol Davis,19,733.71,0.04,13327.47,5568.66,7758.81,CUST4046,ORD41428
2024-10-09,Sports,Tennis,Central,Carol Davis,14,230.43,0.25,2433.47,1643.77,789.7,CUST4988,ORD33992
2023-10-04,Books,History,East,David Brown,15,345.52,0.18,4235.48,2924.17,1311.31,CUST2569,ORD76909
2023-09-11,Books,Fiction,East,Carol Davis,9,900.76,0.28,5819.45,3566.06,2253.39,CUST5629,ORD95947
2023-07-22,Clothing,Shoes,Central,Eve Wilson,16,59.98,0.25,724.24,416.54,307.69,CUST4643,ORD61882
2024-02-23,Clothing,T-Shirt,South,Carol Davis,13,246.32,0.25,2414.79,1546.76,868.03,CUST3125,ORD13762
2023-05-01,Books,Non-Fiction,North,David Brown,13,910.26,0.26,8747.06,5561.34,3185.72,CUST3064,ORD51628
2023-06-24,Sports,Basketball,North,Alice Johnson,2,421.97,0.11,750.37,345.29,405.08,CUST9757,ORD97757
2024-10-12,Electronics,Phone,South,Bob Smith,9,754.86,0.24,5177.22,2376.82,2800.41,CUST7809,ORD74368
2024-10-04,Home,Decor,West,Alice Johnson,10,505.78,0.17,4194.61,2590.15,1604.46,CUST9933,ORD66423
2023-06-19,Electronics,Phone,South,David Brown,16,355.84,0.06,5377.38,3459.79,1917.59,CUST1780,ORD34215
2024-02-14,Books,Biography,West,Eve Wilson,18,525.4,0.22,7401.33,4825.92,2575.41,CUST2212,ORD11235
2023-06-19,Clothing,Shoes,South,Alice Johnson,10,147.86,0.04,1426.44,649.19,777.25,CUST1298,ORD25104
2024-04-26,Clothing,T-Shirt,South,David Brown,7,49.89,0.0,347.83,234.87,112.96,CUST3612,ORD46225
2024-09-02,Sports,Tennis,South,Bob Smith,19,372.74,0.03,6841.26,4758.2,2083.06,CUST7570,ORD94372
2024-02-17,Clothing,Hat,South,Alice Johnson,11,83.16,0.16,768.61,319.02,449.58,CUST4551,ORD41443
2024-03-20,Books,Biography,East,Alice Johnson,14,718.76,0.27,7313.71,3875.66,3438.05,CUST9217,ORD90487
2023-02-17,Electronics,Phone,North,Carol Davis,8,397.28,0.02,3115.81,2096.53,1019.28,CUST6804,ORD24722
2024-12-22,Books,Non-Fiction,South,Bob Smith,6,453.91,0.25,2032.86,1271.82,761.04,CUST2282,ORD96369
2024-07-02,Books,Non-Fiction,West,David Brown,5,352.93,0.21,1395.11,606.2,788.9,CUST6156,ORD14125
2024-10-24,Sports,Tennis,East,Alice Johnson,15,542.69,0.23,6289.76,3576.17,2713.6,CUST9542,ORD78939
2023-07-28,Books,History,South,Eve Wilson,12,76.32,0.01,906.19,443.49,462.71,CUST1680,ORD64562
2024-10-21,Electronics,Camera,East,Bob Smith,12,415.99,0.15,4248.09,2915.4,1332.68,CUST3992,ORD99785
2023-03-09,Electronics,Phone,Central,Bob Smith,5,531.56,0.12,2328.5,973.26,1355.23,CUST8383,ORD34782
2024-03-31,Sports,Tennis,Central,Eve Wilson,4,883.38,0.08,3268.41,1922.77,1345.64,CUST9242,ORD92943
2023-07-18,Electronics,Phone,East,David Brown,10,773.06,0.03,7508.04,4717.34,2790.7,CUST3431,ORD11447
2023-05-29,Home,Garden,North,Bob Smith,1,573.23,0.08,529.46,363.3,166.16,CUST2505,ORD99766
2023-10-18,Clothing,Hat,Central,David Brown,3,277.88,0.04,803.41,519.31,284.1,CUST7796,ORD79162
2024-01-22,Sports,Golf,Central,Carol Davis,7,819.44,0.15,4847.42,3034.01,1813.41,CUST5510,ORD31742
2024-08-09,Clothing,T-Shirt,Central,Bob Smith,19,973.88,0.1,16603.98,7325.49,9278.49,CUST6526,ORD13950
2024-08-01,Clothing,T-Shirt,Central,Alice Johnson,16,716.08,0.14,9858.57,5581.02,4277.55,CUST5490,ORD44530
2024-05-27,Home,Garden,South,Carol Davis,8,725.38,0.26,4287.99,2424.26,1863.72,CUST6127,ORD80212
2023-10-10,Books,History,North,Carol Davis,12,26.9,0.25,242.25,128.69,113.56,CUST4056,ORD66519
2024-01-02,Electronics,Laptop,South,Eve Wilson,9,296.01,0.07,2466.78,1433.74,1033.03,CUST3536,ORD81230
2023-12-23,Clothing,Shoes,North,David Brown,15,624.74,0.25,7043.52,4256.2,2787.32,CUST5898,ORD73696
2024-02-08,Clothing,Jacket,North,Eve Wilson,18,707.95,0.05,12098.59,5515.41,6583.19,CUST6468,ORD39175
2023-07-26,Books,History,South,Alice Johnson,13,396.01,0.14,4433.76,3011.97,1421.79,CUST9126,ORD62010
2023-11-12,Books,Fiction,Central,David Brown,2,541.51,0.19,880.43,437.82,442.61,CUST1745,ORD48076
2024-08-22,Clothing,Shoes,West,Alice Johnson,13,791.42,0.1,9308.6,5603.12,3705.49,CUST4264,ORD71298
2024-03-23,Clothing,Shoes,Central,Bob Smith,3,698.53,0.24,1591.16,1085.22,505.95,CUST7000,ORD61017
2023-06-19,Sports,Golf,West,David Brown,16,952.55,0.23,11663.91,4947.11,6716.8,CUST7545,ORD94136
2023-12-31,Sports,Soccer,North,Alice Johnson,17,120.9,0.19,1655.7,1005.48,650.22,CUST3906,ORD21866
2024-08-25,Clothing,Jeans,East,David Brown,5,294.03,0.08,1348.92,906.14,442.78,CUST7815,ORD84376
2024-04-28,Electronics,Laptop,West,Eve Wilson,17,948.42,0.11,14426.63,10072.51,4354.13,CUST6222,ORD72792
2024-08-02,Home,Appliances,East,Eve Wilson,11,776.57,0.27,6269.68,2532.77,3736.91,CUST4542,ORD39336
2023-01-28,Electronics,Camera,West,Carol Davis,5,155.09,0.04,747.41,396.53,350.88,CUST7818,ORD96311
2023-04-21,Sports,Basketball,South,Carol Davis,3,437.05,0.2,1048.4,432.72,615.68,CUST1190,ORD30942
2024-11-23,Home,Furniture,Central,Eve Wilson,8,530.1,0.07,3929.61,1796.3,2133.31,CUST2661,ORD40995
2023-11-05,Sports,Soccer,Central,Alice Johnson,6,717.94,0.21,3389.09,1778.22,1610.87,CUST3053,ORD62267
2023-01-27,Sports,Basketball,East,Alice Johnson,3,456.37,0.21,1082.07,643.52,438.55,CUST8091,ORD60512
2024-12-29,Home,Garden,West,Carol Davis,19,45.1,0.08,791.66,546.73,244.93,CUST6000,ORD25366
2024-06-29,Electronics,Laptop,West,Bob Smith,17,880.6,0.18,12301.18,6992.06,5309.12,CUST7905,ORD23352
2023-10-17,Home,Appliances,North,Carol Davis,13,198.22,0.14,2208.42,1238.76,969.66,CUST1381,ORD77936
2024-12-31,Sports,Golf,North,David Brown,14,963.31,0.3,9495.89,5311.7,4184.18,CUST5676,ORD89565
2023-03-28,Sports,Football,North,David Brown,4,536.44,0.03,2090.55,1298.07,792.48,CUST1368,ORD90965
2023-05-08,Home,Garden,North,Bob Smith,19,848.13,0.22,12501.51,7952.96,4548.55,CUST2999,ORD97842
2023-05-09,Clothing,Jeans,North,David Brown,6,684.36,0.21,3238.15,1932.68,1305.47,CUST1183,ORD91185
2023-02-12,Clothing,T-Shirt,South,Eve Wilson,1,270.32,0.12,238.78,129.68,109.1,CUST6605,ORD45583
2023-10-10,Electronics,Headphones,West,David Brown,8,200.3,0.01,1588.4,1099.57,488.82,CUST5836,ORD87601
2024-08-28,Home,Decor,East,Carol Davis,11,623.01,0.16,5739.66,3373.29,2366.37,CUST5475,ORD26835
2024-04-03,Sports,Tennis,North,Carol Davis,5,493.28,0.28,1775.23,825.62,949.61,CUST2214,ORD65770
2023-07-22,Electronics,Phone,North,Bob Smith,3,124.58,0.04,358.11,248.72,109.4,CUST5837,ORD32288
2024-02-10,Home,Decor,South,David Brown,8,376.37,0.25,2255.25,1525.3,729.95,CUST6921,ORD46906
2024-10-11,Books,Science,East,Alice Johnson,2,121.19,0.04,232.14,116.26,115.88,CUST7071,ORD93491
2024-09-02,Home,Decor,West,Carol Davis,8,989.69,0.18,6464.12,3079.37,3384.75,CUST6569,ORD46492
2023-02-22,Home,Decor,Central,Eve Wilson,9,329.04,0.23,2287.88,1040.77,1247.1,CUST5915,ORD35886
2024-01-29,Books,History,South,Alice Johnson,16,357.89,0.24,4335.03,2503.36,1831.66,CUST3050,ORD62543
2024-02-25,Electronics,Laptop,South,Eve Wilson,5,658.23,0.11,2934.56,1740.65,1193.91,CUST6189,ORD13177
2024-05-11,Clothing,Shoes,North,Eve Wilson,8,213.88,0.14,1463.44,969.48,493.96,CUST1246,ORD14304
2024-08-10,Books,Biography,West,Alice Johnson,18,654.87,0.09,10703.64,4283.33,6420.32,CUST5622,ORD61307
2023-09-18,Sports,Basketball,South,Carol Davis,8,133.86,0.24,816.12,528.0,288.12,CUST2008,ORD95672
2024-11-06,Sports,Tennis,West,Alice Johnson,10,827.12,0.22,6458.29,3050.06,3408.23,CUST3103,ORD36679
2024-04-27,Clothing,Jacket,Central,David Brown,11,250.21,0.11,2454.0,1147.42,1306.58,CUST9980,ORD77827
2024-02-04,Electronics,Phone,North,David Brown,17,549.72,0.24,7140.18,3289.36,3850.82,CUST1369,ORD44022
2024-04-28,Clothing,Hat,West,Carol Davis,12,381.4,0.16,3855.89,1953.03,1902.86,CUST1987,ORD23636
2024-10-24,Books,Non-Fiction,East,David Brown,3,896.01,0.06,2518.76,1189.84,1328.92,CUST2610,ORD17655
2023-12-18,Electronics,Headphones,North,David Brown,17,882.29,0.0,14963.99,6827.53,8136.45,CUST6216,ORD11504
2024-12-20,Books,Non-Fiction,North,Eve Wilson,9,178.12,0.15,1364.07,628.31,735.75,CUST3974,ORD11506
2024-05-30,Clothing,Jacket,West,Eve Wilson,16,176.54,0.08,2603.41,1081.69,1521.73,CUST5277,ORD16460
2023-11-22,Books,Fiction,Central,Bob Smith,6,568.32,0.09,3104.96,2108.96,996.01,CUST9379,ORD36882
2024-01-22,Electronics,Tablet,South,Alice Johnson,2,580.94,0.06,1093.48,660.1,433.38,CUST8161,ORD57229
2023-10-13,Books,History,West,Carol Davis,20,210.15,0.24,3190.25,1883.11,1307.13,CUST2581,ORD79268
2023-09-12,Home,Kitchen,South,Alice Johnson,19,926.82,0.14,15143.16,9911.54,5231.62,CUST7148,ORD62354
2023-06-02,Clothing,T-Shirt,East,Eve Wilson,1,640.88,0.25,481.98,207.39,274.59,CUST9665,ORD82451
2023-01-03,Electronics,Tablet,West,Carol Davis,12,444.12,0.27,3908.83,1753.88,2154.95,CUST2074,ORD65271
2023-01-10,Books,Non-Fiction,North,Alice Johnson,3,213.49,0.03,621.96,298.49,323.46,CUST1340,ORD44696
2023-07-23,Electronics,Camera,Central,Alice Johnson,9,948.21,0.26,6317.8,2863.0,3454.8,CUST8306,ORD44363
2024-12-30,Sports,Golf,Central,Eve Wilson,6,715.44,0.23,3311.29,2199.29,1111.99,CUST6133,ORD33408
2023-01-17,Home,Furniture,Central,Alice Johnson,2,697.29,0.2,1108.88,758.21,350.67,CUST4517,ORD55798
2024-03-17,Home,Garden,East,David Brown,5,901.5,0.18,3674.01,2296.22,1377.79,CUST2902,ORD82983
2023-01-14,Home,Appliances,West,Alice Johnson,6,44.65,0.07,248.75,139.76,108.99,CUST6779,ORD45695
2024-04-11,Books,Science,East,Bob Smith,11,330.34,0.0,3626.28,1928.73,1697.55,CUST2251,ORD46996
2023-09-06,Electronics,Camera,South,Bob Smith,17,63.51,0.03,1051.49,556.9,494.59,CUST6568,ORD81870
2023-07-07,Home,Kitchen,Central,Bob Smith,9,503.39,0.28,3276.67,1735.32,1541.36,CUST4027,ORD39408
2023-06-21,Clothing,Shoes,Central,Alice Johnson,9,584.05,0.12,4638.81,2856.54,1782.27,CUST2728,ORD44835
2023-01-17,Electronics,Camera,Central,Alice Johnson,13,486.25,0.03,6107.12,2519.66,3587.46,CUST7967,ORD46536
2024-12-22,Home,Decor,East,Alice Johnson,17,249.14,0.02,4136.1,2578.55,1557.55,CUST1150,ORD13523
2024-06-21,Electronics,Phone,West,Alice Johnson,19,930.61,0.25,13256.64,8559.28,4697.36,CUST7240,ORD67487
2023-12-01,Electronics,Tablet,South,Alice Johnson,14,921.72,0.1,11595.33,7052.19,4543.14,CUST2067,ORD86808
2023-07-08,Books,History,South,Eve Wilson,13,852.04,0.25,8281.37,3842.68,4438.69,CUST2951,ORD17271
2023-10-14,Electronics,Tablet,North,David Brown,7,470.21,0.04,3163.29,1895.4,1267.9,CUST2271,ORD23579
2024-02-06,Books,Biography,East,Bob Smith,12,847.91,0.08,9343.54,3956.02,5387.53,CUST9866,ORD75612
2024-07-19,Sports,Basketball,Central,Bob Smith,6,213.16,0.01,1260.44,695.81,564.63,CUST1790,ORD23277
2024-03-27,Clothing,Shoes,West,Eve Wilson,2,465.75,0.09,844.53,544.16,300.36,CUST1418,ORD92044
2023-05-03,Sports,Golf,North,Bob Smith,13,811.41,0.03,10190.36,6067.7,4122.66,CUST6214,ORD78217
2024-05-07,Books,History,West,Eve Wilson,9,610.42,0.18,4494.07,1860.28,2633.79,CUST3094,ORD29331
2023-05-04,Clothing,Jacket,East,Bob Smith,19,989.43,0.25,14019.9,9785.2,4234.71,CUST8363,ORD61189
2024-02-19,Home,Garden,Central,Bob Smith,7,980.68,0.22,5342.96,3704.6,1638.36,CUST8170,ORD76045
2024-05-28,Clothing,Shoes,Central,Eve Wilson,17,429.05,0.01,7242.92,4678.94,2563.98,CUST4279,ORD69443
2024-09-17,Clothing,Jeans,Central,David Brown,9,47.33,0.16,358.41,179.06,179.35,CUST5930,ORD51213
2023-04-26,Electronics,Laptop,West,Alice Johnson,8,395.74,0.13,2756.18,1242.53,1513.65,CUST6143,ORD54833
2023-07-15,Books,Non-Fiction,Central,Eve Wilson,13,87.86,0.25,858.7,600.82,257.88,CUST4287,ORD64741
2023-07-11,Clothing,Hat,Central,David Brown,19,809.6,0.02,15023.61,7169.01,7854.6,CUST6360,ORD54379
2023-10-28,Clothing,T-Shirt,East,Alice Johnson,11,589.63,0.28,4658.26,3178.04,1480.22,CUST4752,ORD37397
2024-11-07,Home,Furniture,South,David Brown,16,688.9,0.04,10619.44,5033.86,5585.58,CUST7357,ORD82883
2023-06-17,Electronics,Camera,South,David Brown,11,964.26,0.21,8339.52,5576.01,2763.51,CUST3668,ORD13909
2023-09-25,Clothing,T-Shirt,South,David Brown,6,15.01,0.03,87.51,58.88,28.63,CUST3219,ORD51994
2024-12-31,Clothing,T-Shirt,East,David Brown,15,438.85,0.14,5656.99,3033.38,2623.61,CUST8353,ORD96898
2024-04-16,Home,Decor,Central,Alice Johnson,19,639.44,0.02,11911.09,8303.76,3607.33,CUST8677,ORD12126
2024-07-06,Electronics,Phone,North,David Brown,3,931.12,0.2,2240.84,1413.22,827.62,CUST4408,ORD22545
2023-05-24,Electronics,Headphones,West,Carol Davis,2,347.83,0.15,589.25,408.64,180.61,CUST9574,ORD75760
2024-04-29,Electronics,Camera,West,Eve Wilson,11,70.97,0.07,728.9,440.22,288.67,CUST4707,ORD14492
2024-03-27,Clothing,Jeans,East,David Brown,7,907.68,0.1,5745.67,3352.77,2392.9,CUST7854,ORD42666
2024-04-10,Sports,Golf,West,Alice Johnson,20,173.25,0.07,3223.5,1540.52,1682.99,CUST3153,ORD33505
2023-11-30,Sports,Football,South,Carol Davis,11,474.05,0.13,4557.45,2105.41,2452.04,CUST8154,ORD70633
2024-01-15,Home,Furniture,Central,Carol Davis,9,477.75,0.29,3045.93,1856.03,1189.9,CUST7607,ORD42585
2024-02-20,Electronics,Phone,Central,Bob Smith,6,599.73,0.04,3464.18,1746.72,1717.47,CUST9782,ORD56714
2023-12-20,Sports,Football,East,Bob Smith,7,322.41,0.19,1819.49,1212.67,606.82,CUST1358,ORD40510
2024-07-17,Electronics,Tablet,East,Eve Wilson,5,345.56,0.27,1268.53,817.96,450.57,CUST2395,ORD51145
2024-01-26,Sports,Golf,West,Bob Smith,3,152.9,0.06,430.98,196.37,234.61,CUST9953,ORD55095
2023-03-20,Books,History,West,Bob Smith,15,712.78,0.18,8750.29,6086.88,2663.41,CUST1104,ORD36428
2024-06-08,Sports,Golf,South,Eve Wilson,13,244.14,0.13,2763.61,1867.89,895.72,CUST7351,ORD28913
2024-10-23,Clothing,Jacket,East,Eve Wilson,15,842.07,0.19,10202.13,4577.5,5624.63,CUST5770,ORD56931
2023-01-16,Home,Garden,South,Carol Davis,16,353.69,0.17,4681.97,2499.2,2182.76,CUST2291,ORD48484
2024-05-01,Books,Fiction,Central,Carol Davis,4,301.27,0.19,979.59,432.13,547.46,CUST1658,ORD82156
2024-10-05,Books,Science,West,David Brown,17,260.73,0.03,4303.95,2603.96,1699.98,CUST3324,ORD28499
2023-02-09,Electronics,Camera,East,Carol Davis,8,564.46,0.12,3985.75,2175.69,1810.05,CUST8446,ORD35988
2024-10-01,Electronics,Camera,South,David Brown,20,115.76,0.11,2067.03,1037.76,1029.27,CUST2138,ORD78163
2024-11-23,Home,Decor,South,David Brown,3,41.64,0.08,114.93,72.32,42.61,CUST1631,ORD19124
2024-10-18,Clothing,Jacket,West,Alice Johnson,16,594.4,0.27,6909.43,4597.96,2311.47,CUST6385,ORD95432
2024-11-25,Clothing,Shoes,South,Carol Davis,10,274.1,0.21,2152.57,1342.37,810.2,CUST5900,ORD14306
2023-08-16,Electronics,Laptop,Central,Bob Smith,8,162.97,0.3,913.61,371.11,542.5,CUST7767,ORD32403
2023-06-14,Electronics,Phone,East,Alice Johnson,13,262.66,0.2,2743.63,1268.32,1475.31,CUST2570,ORD93224
2024-11-13,Sports,Tennis,South,Carol Davis,7,77.83,0.19,442.0,271.29,170.71,CUST4338,ORD95249
2024-11-17,Sports,Golf,South,Eve Wilson,11,112.65,0.06,1162.23,474.24,687.99,CUST6511,ORD60290
2024-03-22,Electronics,Phone,North,David Brown,14,293.85,0.24,3122.15,1963.16,1158.99,CUST2464,ORD43830
2023-04-27,Clothing,Hat,East,Alice Johnson,2,476.04,0.16,799.08,522.15,276.93,CUST7089,ORD58672
2024-07-27,Electronics,Tablet,Central,Eve Wilson,20,657.28,0.24,9989.8,6602.8,3387.0,CUST6659,ORD52656
2023-03-29,Sports,Basketball,North,Bob Smith,5,315.52,0.17,1306.59,592.07,714.51,CUST4051,ORD86794
2023-12-21,Sports,Basketball,West,Carol Davis,5,547.21,0.14,2342.63,1264.81,1077.82,CUST5427,ORD13663
2024-10-08,Home,Kitchen,Central,Bob Smith,4,479.28,0.05,1820.76,750.09,1070.67,CUST4392,ORD87583
2023-04-26,Clothing,T-Shirt,North,Eve Wilson,11,215.19,0.19,1922.39,933.93,988.47,CUST6280,ORD78750
2024-05-20,Electronics,Camera,East,Eve Wilson,8,354.28,0.26,2103.79,1117.78,986.01,CUST5154,ORD31073
2023-03-08,Home,Appliances,East,David Brown,3,309.8,0.05,882.37,581.29,301.08,CUST2281,ORD77196
2023-06-05,Home,Decor,South,Alice Johnson,11,725.75,0.19,6443.76,3461.07,2982.69,CUST2757,ORD90671
2024-05-26,Clothing,Hat,West,Eve Wilson,19,882.61,0.27,12207.16,7307.12,4900.04,CUST2016,ORD52774
2023-08-11,Sports,Football,East,Alice Johnson,1,873.43,0.23,669.29,405.96,263.33,CUST1469,ORD81610
2023-11-25,Sports,Soccer,South,David Brown,16,743.54,0.3,8331.55,3504.89,4826.65,CUST3094,ORD82147
2024-02-14,Sports,Soccer,East,Carol Davis,2,739.5,0.1,1332.59,889.28,443.31,CUST6330,ORD32943
2024-05-31,Clothing,Hat,West,Alice Johnson,3,919.16,0.27,2007.13,1399.77,607.35,CUST3628,ORD65596
2024-08-25,Clothing,T-Shirt,Central,Carol Davis,20,813.47,0.04,15682.82,6610.1,9072.71,CUST4459,ORD57843
2023-07-08,Sports,Tennis,North,Alice Johnson,6,16.41,0.27,71.99,34.25,37.75,CUST1651,ORD25804
2024-09-22,Sports,Golf,Central,Carol Davis,18,587.32,0.19,8580.47,3629.81,4950.66,CUST8755,ORD75516
2024-02-24,Sports,Golf,Central,Carol Davis,16,587.19,0.18,7686.49,4780.74,2905.75,CUST3617,ORD86169
2024-02-06,Home,Decor,West,David Brown,4,98.45,0.06,371.66,212.57,159.09,CUST9764,ORD54704
2024-11-29,Electronics,Camera,East,Carol Davis,14,155.99,0.18,1797.05,1009.55,787.5,CUST2430,ORD89617
2024-05-16,Books,History,East,Eve Wilson,1,407.77,0.28,294.83,138.78,156.05,CUST9579,ORD59636
2023-01-07,Sports,Football,Central,Bob Smith,6,768.9,0.12,4072.96,2329.63,1743.33,CUST1680,ORD70245
2023-08-03,Home,Furniture,Central,Eve Wilson,3,486.62,0.16,1226.55,576.08,650.47,CUST1705,ORD24445
2023-12-03,Clothing,Hat,Central,Alice Johnson,4,863.27,0.03,3355.67,1360.27,1995.4,CUST2110,ORD59475
2023-04-13,Home,Garden,South,Eve Wilson,18,611.62,0.2,8780.86,4725.94,4054.92,CUST6626,ORD23567
2024-08-19,Electronics,Laptop,Central,David Brown,11,299.12,0.13,2852.21,1894.8,957.41,CUST8467,ORD94618
2024-08-06,Sports,Soccer,North,Alice Johnson,13,788.01,0.12,8969.01,5240.83,3728.19,CUST6314,ORD33073
2023-08-20,Books,Non-Fiction,East,Alice Johnson,14,356.78,0.04,4799.18,2720.37,2078.81,CUST2835,ORD49531
2024-01-02,Electronics,Laptop,Central,Carol Davis,19,611.71,0.29,8269.77,3785.4,4484.37,CUST4490,ORD95831
2024-10-04,Clothing,Shoes,Central,Alice Johnson,5,649.17,0.27,2369.98,1592.83,777.16,CUST1421,ORD37280
2024-08-22,Sports,Football,Central,Eve Wilson,20,913.25,0.05,17312.73,7795.49,9517.24,CUST5032,ORD16376
2024-10-19,Clothing,Jacket,East,Bob Smith,15,518.46,0.28,5615.87,2666.5,2949.37,CUST2435,ORD94045
2023-10-11,Books,Fiction,West,Carol Davis,19,512.87,0.17,8052.51,4638.44,3414.07,CUST9968,ORD53473
2024-10-06,Electronics,Camera,Central,Bob Smith,15,484.97,0.22,5647.95,2924.99,2722.96,CUST1763,ORD34553
2024-12-31,Electronics,Phone,South,David Brown,6,139.68,0.01,829.6,434.44,395.17,CUST4384,ORD38313
2024-02-09,Sports,Tennis,West,Carol Davis,17,58.42,0.14,857.07,398.54,458.53,CUST2480,ORD30821
2024-05-27,Electronics,Laptop,North,Eve Wilson,1,139.56,0.24,105.63,58.71,46.92,CUST9263,ORD69710
2023-08-30,Books,History,West,Alice Johnson,6,863.27,0.21,4088.57,2621.95,1466.62,CUST1040,ORD75225
2024-08-25,Clothing,Jeans,South,Alice Johnson,14,550.45,0.03,7455.19,4436.86,3018.33,CUST7364,ORD27911
2023-01-31,Books,Non-Fiction,Central,Alice Johnson,17,714.2,0.19,9885.07,5471.01,4414.07,CUST6482,ORD49316
2023-09-19,Home,Appliances,South,Eve Wilson,7,430.26,0.1,2698.11,1665.81,1032.3,CUST7514,ORD62398
2024-02-13,Books,Biography,West,Eve Wilson,16,527.33,0.08,7744.74,4737.11,3007.63,CUST7737,ORD67298
2023-04-14,Clothing,T-Shirt,West,Carol Davis,20,329.26,0.11,5860.73,2835.65,3025.08,CUST6124,ORD25449
2023-10-15,Books,Non-Fiction,North,Bob Smith,2,536.91,0.15,910.96,382.58,528.38,CUST4650,ORD99502
2023-10-17,Clothing,Jeans,North,Bob Smith,19,687.77,0.07,12158.63,6429.65,5728.98,CUST1360,ORD36965
2024-08-23,Sports,Tennis,South,Carol Davis,16,529.91,0.28,6072.15,3291.02,2781.13,CUST1103,ORD24104
2024-02-08,Clothing,Jacket,Central,Carol Davis,2,904.74,0.04,1739.22,1202.72,536.5,CUST3815,ORD93247
2024-01-21,Home,Appliances,South,Eve Wilson,13,933.17,0.29,8590.44,4798.92,3791.52,CUST3464,ORD54016
2023-03-10,Home,Furniture,Central,David Brown,1,122.14,0.28,87.72,56.31,31.41,CUST1136,ORD62982
2024-11-11,Electronics,Camera,West,Bob Smith,3,658.23,0.08,1817.51,746.88,1070.63,CUST9434,ORD68508
2023-05-15,Books,Science,Central,Alice Johnson,16,869.88,0.16,11730.77,5245.09,6485.68,CUST1702,ORD83460
2024-10-25,Electronics,Laptop,North,Carol Davis,2,402.0,0.15,681.13,385.96,295.17,CUST2293,ORD90531
2024-04-28,Sports,Soccer,North,Bob Smith,15,220.37,0.2,2658.81,1214.08,1444.73,CUST6165,ORD31309
2023-03-09,Clothing,Hat,North,Alice Johnson,13,885.02,0.05,10921.5,6890.38,4031.12,CUST1539,ORD52552
2023-01-17,Books,History,West,Bob Smith,2,711.45,0.1,1285.12,682.58,602.54,CUST8784,ORD84056
2024-03-03,Clothing,T-Shirt,West,David Brown,17,241.7,0.14,3546.23,1847.17,1699.07,CUST7960,ORD36128
2023-12-14,Books,Science,East,Alice Johnson,9,441.56,0.21,3126.2,1887.81,1238.39,CUST2849,ORD63248
2023-12-27,Sports,Golf,East,David Brown,11,85.75,0.29,673.07,317.49,355.59,CUST4194,ORD36058
2023-08-23,Sports,Football,Central,Eve Wilson,12,430.49,0.22,4006.03,2548.51,1457.52,CUST4189,ORD11760
2023-04-07,Books,History,Central,David Brown,9,817.58,0.17,6100.22,2690.49,3409.73,CUST6276,ORD66297
2023-06-23,Books,Fiction,North,Carol Davis,10,668.82,0.27,4865.66,2326.42,2539.24,CUST4620,ORD95621
2024-06-11,Home,Furniture,West,Eve Wilson,16,968.15,0.3,10918.02,5871.99,5046.03,CUST7282,ORD94090
2023-02-11,Sports,Tennis,South,Alice Johnson,15,785.34,0.13,10193.32,6084.53,4108.79,CUST7316,ORD53141
2024-08-17,Sports,Tennis,Central,Alice Johnson,12,499.03,0.2,4810.0,2190.88,2619.11,CUST4938,ORD23080
2024-08-13,Electronics,Tablet,Central,Bob Smith,2,133.44,0.27,194.59,89.75,104.85,CUST6866,ORD70891
2023-05-24,Clothing,Hat,North,David Brown,11,521.12,0.17,4784.32,3057.88,1726.44,CUST4668,ORD25781
2024-06-29,Home,Kitchen,East,Carol Davis,14,267.78,0.3,2641.18,1466.73,1174.45,CUST4475,ORD76975
2023-08-31,Sports,Soccer,North,Carol Davis,11,764.69,0.22,6581.2,4296.05,2285.14,CUST3511,ORD93660
2023-07-21,Clothing,Jeans,Central,Eve Wilson,14,492.69,0.21,5415.58,2241.33,3174.25,CUST1298,ORD42568
2024-06-02,Sports,Basketball,Central,David Brown,12,584.44,0.04,6708.74,3216.5,3492.24,CUST2934,ORD95235
2023-02-18,Books,Non-Fiction,West,Bob Smith,14,214.29,0.21,2376.2,1546.33,829.87,CUST4219,ORD36074
2023-07-31,Sports,Football,North,Eve Wilson,3,448.79,0.29,950.93,543.3,407.63,CUST5146,ORD62347
2024-02-07,Clothing,Shoes,South,Alice Johnson,5,911.91,0.02,4488.41,2683.47,1804.94,CUST4847,ORD88892
2023-11-01,Home,Kitchen,South,Bob Smith,16,53.35,0.19,691.38,320.47,370.91,CUST3979,ORD65824
2023-10-30,Home,Decor,South,Bob Smith,15,708.88,0.2,8486.62,4247.06,4239.57,CUST4393,ORD45634
2023-04-23,Clothing,Shoes,North,David Brown,7,160.2,0.01,1113.56,619.16,494.4,CUST5648,ORD63216
2023-01-13,Books,Science,North,David Brown,11,938.73,0.09,9353.76,3777.89,5575.87,CUST7024,ORD17627
2023-02-24,Sports,Basketball,North,David Brown,5,91.49,0.25,343.13,210.77,132.36,CUST9011,ORD54586
2024-06-28,Sports,Football,South,David Brown,2,885.72,0.27,1292.63,644.78,647.85,CUST4769,ORD82424
2024-10-17,Clothing,T-Shirt,East,Eve Wilson,14,130.51,0.06,1708.58,844.46,864.12,CUST3144,ORD14572
2024-02-23,Books,Science,West,David Brown,1,770.57,0.03,743.74,392.35,351.38,CUST7227,ORD75159
2024-03-12,Home,Garden,East,Carol Davis,12,468.87,0.04,5398.12,3638.69,1759.43,CUST5347,ORD20810
2024-04-22,Books,Non-Fiction,East,Eve Wilson,8,954.39,0.08,7028.12,3371.93,3656.2,CUST1203,ORD29380
2023-04-06,Home,Furniture,West,Bob Smith,7,77.73,0.01,539.16,273.08,266.08,CUST2889,ORD94171
2024-03-09,Home,Appliances,East,Carol Davis,5,180.91,0.23,692.41,419.83,272.58,CUST1792,ORD41212
2023-12-07,Home,Decor,East,Eve Wilson,14,652.6,0.14,7876.31,3652.74,4223.57,CUST7232,ORD12312
2024-07-14,Books,History,South,Eve Wilson,13,483.83,0.25,4702.62,3246.47,1456.15,CUST2050,ORD45390
2024-07-16,Clothing,Shoes,North,Carol Davis,10,471.83,0.25,3555.69,1921.72,1633.97,CUST7280,ORD85470
2024-02-09,Books,Science,Central,Alice Johnson,7,423.95,0.25,2228.54,1201.72,1026.82,CUST1374,ORD52257
2023-05-23,Books,Non-Fiction,West,Bob Smith,7,256.4,0.05,1707.86,980.86,727.0,CUST2872,ORD38699
2023-01-28,Sports,Tennis,West,Carol Davis,14,791.27,0.19,8939.84,4015.0,4924.83,CUST1515,ORD79402
2024-05-15,Sports,Basketball,South,Carol Davis,2,677.67,0.16,1132.03,464.62,667.42,CUST9087,ORD71778
2024-04-20,Sports,Football,South,Eve Wilson,4,664.44,0.26,1968.34,945.18,1023.16,CUST7958,ORD38106
2024-12-05,Books,History,West,Eve Wilson,12,394.86,0.2,3804.49,2001.48,1803.02,CUST6265,ORD70515
2023-06-15,Books,Biography,East,Carol Davis,16,139.29,0.21,1758.56,1100.66,657.89,CUST7158,ORD73627
2023-03-24,Sports,Soccer,West,Bob Smith,8,726.46,0.27,4215.64,2456.48,1759.16,CUST8168,ORD82108
2024-11-08,Clothing,Hat,South,Bob Smith,7,576.67,0.12,3536.21,1651.27,1884.94,CUST5599,ORD49546
2023-02-27,Clothing,Shoes,South,Bob Smith,18,106.65,0.08,1756.68,1046.19,710.48,CUST5812,ORD71676
2024-11-02,Clothing,Shoes,North,Alice Johnson,19,13.09,0.03,241.55,103.44,138.12,CUST1911,ORD69132
2024-03-28,Electronics,Phone,East,Alice Johnson,1,961.25,0.22,747.59,376.25,371.34,CUST2002,ORD12403
2024-10-29,Sports,Tennis,North,Eve Wilson,9,284.6,0.07,2392.92,1042.09,1350.84,CUST8143,ORD28633
2023-08-21,Books,Non-Fiction,West,Bob Smith,20,255.09,0.13,4432.55,2227.46,2205.09,CUST9069,ORD40061
2024-06-07,Clothing,T-Shirt,Central,Bob Smith,20,388.67,0.21,6112.15,3726.33,2385.83,CUST9540,ORD49951
2023-10-10,Clothing,Hat,West,Alice Johnson,15,949.64,0.14,12189.69,7344.36,4845.33,CUST3355,ORD90214
2024-05-31,Sports,Tennis,North,Alice Johnson,17,913.24,0.14,13403.14,7407.66,5995.48,CUST1982,ORD90266
2024-11-25,Clothing,Jacket,West,David Brown,10,68.31,0.18,557.49,231.2,326.3,CUST3380,ORD29560
2023-12-03,Sports,Soccer,East,David Brown,6,276.49,0.23,1280.23,758.87,521.35,CUST4184,ORD30034
2023-08-26,Clothing,Hat,Central,Alice Johnson,14,231.4,0.27,2360.46,1643.6,716.86,CUST6429,ORD85834
2023-08-02,Sports,Football,West,David Brown,4,189.88,0.29,542.9,266.02,276.88,CUST6984,ORD47145
2023-11-26,Books,Fiction,North,Eve Wilson,4,484.5,0.17,1599.13,920.45,678.68,CUST4724,ORD28535
2024-02-18,Clothing,Hat,North,Bob Smith,20,208.63,0.02,4088.57,2074.2,2014.37,CUST1612,ORD92499
2024-04-08,Electronics,Camera,Central,Bob Smith,4,344.18,0.27,998.81,597.75,401.07,CUST9232,ORD31539
2024-04-21,Books,Science,South,David Brown,10,311.82,0.23,2400.39,1562.54,837.85,CUST4551,ORD14755
2023-01-04,Electronics,Headphones,Central,Bob Smith,5,633.38,0.21,2510.49,1026.8,1483.69,CUST8693,ORD29335
2023-02-05,Sports,Soccer,Central,Eve Wilson,4,680.17,0.22,2111.45,1360.56,750.9,CUST2943,ORD15517
2024-11-03,Books,Non-Fiction,East,David Brown,8,405.05,0.09,2933.51,1495.69,1437.82,CUST3165,ORD63692
2023-11-26,Sports,Golf,South,David Brown,7,793.03,0.09,5041.38,2757.75,2283.63,CUST4561,ORD20691
2024-01-08,Electronics,Laptop,West,Alice Johnson,18,22.43,0.19,325.92,209.81,116.11,CUST8890,ORD94847
2023-09-19,Books,Science,East,David Brown,10,580.11,0.19,4711.27,2046.56,2664.71,CUST5524,ORD78486
2023-05-18,Electronics,Camera,East,Carol Davis,16,67.35,0.13,938.24,610.98,327.26,CUST8378,ORD75353
2024-02-02,Sports,Golf,West,Alice Johnson,5,408.34,0.07,1905.04,818.72,1086.33,CUST6267,ORD56615
2024-12-18,Books,Fiction,Central,Alice Johnson,1,273.41,0.05,258.63,139.64,118.99,CUST7613,ORD26361
2023-02-02,Clothing,Hat,East,Alice Johnson,16,115.96,0.06,1746.05,1208.6,537.44,CUST6930,ORD19139
2023-08-27,Sports,Golf,West,Eve Wilson,16,776.33,0.06,11711.94,6802.53,4909.4,CUST7487,ORD77463
2023-09-08,Electronics,Headphones,South,Alice Johnson,3,657.15,0.28,1424.71,659.27,765.44,CUST4701,ORD65095
2023-09-30,Sports,Golf,North,Alice Johnson,14,901.55,0.18,10333.01,6218.75,4114.27,CUST3501,ORD78654
2024-12-30,Electronics,Camera,West,Alice Johnson,6,28.53,0.09,155.22,98.96,56.26,CUST9519,ORD34922
2023-11-26,Home,Garden,Central,Eve Wilson,18,409.03,0.29,5238.98,2653.15,2585.83,CUST8349,ORD75779
2024-10-17,Clothing,Jeans,Central,Carol Davis,15,918.84,0.08,12666.0,7940.22,4725.79,CUST3252,ORD61709
2024-10-23,Clothing,Jacket,East,Carol Davis,2,244.06,0.0,487.82,196.51,291.31,CUST5367,ORD22415
2023-12-10,Clothing,Jeans,North,Alice Johnson,16,612.22,0.02,9619.06,5309.07,4309.98,CUST8045,ORD23192
2023-10-17,Home,Kitchen,North,Carol Davis,16,397.65,0.29,4545.48,1918.82,2626.66,CUST2695,ORD88759
2023-04-04,Books,Fiction,South,Bob Smith,11,630.76,0.28,5001.75,2937.36,2064.39,CUST4537,ORD91340
2024-11-07,Books,Non-Fiction,West,Bob Smith,3,732.91,0.17,1834.75,985.84,848.92,CUST8024,ORD16889
2024-02-08,Home,Furniture,West,Eve Wilson,7,500.04,0.12,3089.73,2041.6,1048.13,CUST5578,ORD63362
2024-09-21,Home,Kitchen,North,Carol Davis,13,392.88,0.08,4691.99,3169.71,1522.28,CUST2277,ORD81948
2023-11-10,Home,Kitchen,North,Alice Johnson,9,619.18,0.21,4427.84,2816.94,1610.89,CUST8665,ORD42907
2024-04-02,Sports,Golf,West,Bob Smith,7,997.19,0.27,5079.88,3309.36,1770.52,CUST3948,ORD74744
2024-02-20,Clothing,Shoes,North,Bob Smith,12,594.79,0.07,6628.01,2660.86,3967.15,CUST2321,ORD59364
2024-09-07,Books,Biography,East,Carol Davis,12,88.88,0.11,954.2,424.82,529.38,CUST5734,ORD25034
2024-06-23,Books,Biography,North,Eve Wilson,13,903.44,0.08,10807.76,6188.37,4619.39,CUST1902,ORD11521
2023-09-17,Books,History,North,Bob Smith,17,355.98,0.09,5507.85,3836.7,1671.15,CUST8436,ORD48779
2023-03-23,Home,Decor,East,Alice Johnson,4,946.46,0.05,3596.73,2217.85,1378.88,CUST9091,ORD95907
2023-06-30,Home,Kitchen,West,Bob Smith,18,836.18,0.12,13241.38,5842.48,7398.9,CUST7396,ORD33166
2024-10-27,Sports,Soccer,North,David Brown,17,999.96,0.11,15050.08,6190.0,8860.08,CUST7336,ORD20812
2024-12-12,Books,Biography,North,Alice Johnson,11,94.54,0.16,870.26,425.62,444.65,CUST7113,ORD68538
2023-04-10,Sports,Basketball,South,Eve Wilson,10,897.38,0.23,6919.41,4675.8,2243.61,CUST2898,ORD75151
2024-11-27,Sports,Golf,West,Alice Johnson,9,631.8,0.24,4340.57,2932.99,1407.57,CUST8949,ORD81056
2024-07-11,Home,Decor,South,David Brown,4,671.49,0.28,1943.17,910.64,1032.52,CUST2425,ORD56363
2024-03-31,Clothing,Shoes,West,Eve Wilson,4,871.11,0.25,2615.26,1292.94,1322.32,CUST9728,ORD37370
2024-04-18,Home,Appliances,North,David Brown,9,178.69,0.06,1509.28,668.79,840.49,CUST2469,ORD79224
2024-01-03,Home,Decor,South,Carol Davis,14,317.55,0.26,3302.07,1582.33,1719.74,CUST9999,ORD67574
2023-01-11,Home,Furniture,South,Carol Davis,6,30.67,0.23,140.79,67.36,73.43,CUST6968,ORD86956
2023-07-15,Clothing,Hat,East,Bob Smith,6,192.97,0.24,880.95,609.21,271.74,CUST1435,ORD92517
2024-04-12,Electronics,Tablet,West,Bob Smith,5,114.89,0.02,561.81,350.67,211.14,CUST5524,ORD94639
2023-07-15,Electronics,Laptop,Central,David Brown,8,346.02,0.14,2385.6,1454.77,930.83,CUST6901,ORD62444
2023-10-25,Sports,Soccer,West,David Brown,7,554.16,0.09,3536.02,1566.01,1970.02,CUST2548,ORD56767
2023-07-23,Electronics,Tablet,Central,Alice Johnson,20,167.2,0.1,3024.52,1727.32,1297.2,CUST7526,ORD86089
2024-09-29,Books,Fiction,East,Alice Johnson,12,150.5,0.02,1774.11,750.76,1023.34,CUST2466,ORD45563
2023-02-05,Clothing,T-Shirt,West,David Brown,19,996.86,0.1,17129.32,9414.46,7714.85,CUST3338,ORD56364
2024-05-20,Sports,Tennis,South,Alice Johnson,8,187.03,0.18,1227.78,645.76,582.02,CUST3140,ORD13738
2024-02-16,Home,Garden,South,David Brown,20,860.38,0.11,15399.86,7080.93,8318.93,CUST8068,ORD96575
2023-01-18,Sports,Tennis,Central,Alice Johnson,1,242.09,0.24,184.83,81.16,103.66,CUST2575,ORD71395
2023-06-13,Home,Appliances,Central,Bob Smith,9,805.27,0.05,6900.66,4359.95,2540.71,CUST9741,ORD92754
2024-05-30,Books,Non-Fiction,East,Bob Smith,8,801.33,0.29,4525.15,1923.51,2601.65,CUST9413,ORD25773
2024-07-03,Clothing,T-Shirt,South,Alice Johnson,5,155.54,0.19,626.67,256.88,369.79,CUST5572,ORD53172
2023-02-11,Books,Biography,West,Bob Smith,2,281.38,0.25,420.21,275.52,144.69,CUST1901,ORD77365
2024-10-30,Home,Kitchen,North,Alice Johnson,11,973.09,0.29,7642.78,5325.62,2317.16,CUST5495,ORD74839
2023-09-18,Sports,Basketball,West,Eve Wilson,6,669.71,0.14,3461.03,2349.04,1111.99,CUST8157,ORD76455
2024-04-17,Electronics,Tablet,West,Eve Wilson,11,411.54,0.04,4354.17,1847.51,2506.66,CUST2387,ORD99616
2023-10-02,Books,Non-Fiction,North,Eve Wilson,5,703.87,0.04,3362.76,1894.21,1468.55,CUST3029,ORD51947
2024-06-13,Books,Biography,Central,David Brown,16,205.3,0.29,2323.28,1228.49,1094.79,CUST2459,ORD22932
2024-11-04,Sports,Basketball,East,Alice Johnson,16,35.78,0.23,442.02,214.27,227.74,CUST1389,ORD52663
2023-04-25,Sports,Tennis,East,Carol Davis,16,513.45,0.0,8204.99,4438.76,3766.23,CUST5451,ORD23209
2023-06-11,Sports,Tennis,South,Carol Davis,11,906.2,0.26,7416.82,3049.19,4367.63,CUST9853,ORD86281
2023-04-01,Clothing,Hat,East,David Brown,17,583.67,0.0,9908.96,6031.97,3876.98,CUST9189,ORD97693
2024-03-19,Electronics,Tablet,West,Carol Davis,4,19.73,0.23,60.81,35.87,24.94,CUST3060,ORD38862
2024-10-26,Clothing,Shoes,South,Eve Wilson,18,534.16,0.24,7330.72,4121.24,3209.48,CUST3506,ORD33848
2024-08-22,Clothing,Hat,East,Carol Davis,19,791.92,0.15,12715.49,6089.43,6626.06,CUST7250,ORD84117
2024-07-30,Sports,Golf,Central,Alice Johnson,14,349.64,0.19,3973.94,1890.98,2082.96,CUST5947,ORD25361
2023-08-11,Books,History,South,David Brown,3,600.2,0.05,1703.12,1109.16,593.96,CUST3926,ORD14582
2024-02-24,Sports,Soccer,West,David Brown,13,157.47,0.24,1561.56,798.03,763.53,CUST5132,ORD17117
2023-05-04,Home,Kitchen,East,Bob Smith,11,763.1,0.18,6850.24,4012.02,2838.21,CUST6110,ORD59812
2023-06-09,Clothing,Hat,North,Eve Wilson,15,47.43,0.17,587.15,312.34,274.81,CUST5304,ORD76916
2024-11-28,Electronics,Laptop,East,David Brown,10,569.01,0.27,4132.75,1907.77,2224.98,CUST2650,ORD43202
2023-05-30,Sports,Football,North,Carol Davis,13,101.84,0.29,934.09,652.23,281.87,CUST5158,ORD97796
2024-12-05,Books,Biography,Central,Eve Wilson,13,502.67,0.08,6033.71,3865.8,2167.91,CUST7847,ORD88749
2024-06-30,Sports,Basketball,North,Bob Smith,7,814.81,0.22,4470.75,3104.07,1366.68,CUST5891,ORD88849
2023-01-21,Books,Science,West,Carol Davis,6,884.58,0.09,4826.45,2387.06,2439.39,CUST6036,ORD69445
2023-06-12,Books,Biography,West,Carol Davis,11,534.81,0.08,5424.29,3576.3,1847.99,CUST7085,ORD21540
2024-09-10,Home,Furniture,North,David Brown,3,432.35,0.16,1085.16,505.76,579.4,CUST8830,ORD46710
2023-02-14,Books,Fiction,North,Bob Smith,8,270.62,0.15,1848.22,759.72,1088.5,CUST4544,ORD93460
2024-04-06,Books,Fiction,South,David Brown,4,871.3,0.16,2943.78,1761.74,1182.04,CUST1699,ORD75105
2024-07-02,Books,Biography,North,Eve Wilson,8,323.67,0.22,2011.06,1199.17,811.89,CUST7225,ORD88811
2023-09-29,Books,Biography,North,Eve Wilson,9,806.05,0.04,6993.76,3576.16,3417.61,CUST6614,ORD67755
2023-07-16,Clothing,Shoes,South,Carol Davis,5,991.2,0.1,4453.04,2998.49,1454.55,CUST7578,ORD11419
2024-04-25,Sports,Tennis,Central,Eve Wilson,18,226.12,0.19,3306.93,2222.67,1084.26,CUST7952,ORD95421
2023-05-08,Books,Biography,North,Alice Johnson,5,301.64,0.13,1311.66,528.66,783.0,CUST3882,ORD97113
2023-11-07,Clothing,Jeans,Central,Carol Davis,8,438.47,0.06,3291.78,1803.9,1487.88,CUST8284,ORD16312
2024-08-20,Electronics,Headphones,West,Bob Smith,8,919.72,0.27,5361.34,2166.09,3195.25,CUST1367,ORD12799
2024-10-21,Home,Appliances,East,Eve Wilson,15,721.23,0.25,8130.1,4649.34,3480.76,CUST6571,ORD15537
2023-11-25,Sports,Tennis,East,Eve Wilson,4,65.4,0.27,190.27,81.63,108.63,CUST1301,ORD46213
2024-08-14,Clothing,Shoes,North,David Brown,3,857.12,0.2,2061.99,920.61,1141.38,CUST6563,ORD46947
2024-12-24,Sports,Tennis,West,Bob Smith,11,484.45,0.01,5294.47,3471.43,1823.04,CUST4624,ORD48506
2023-03-13,Sports,Golf,East,Bob Smith,16,375.36,0.24,4549.06,2747.91,1801.15,CUST6249,ORD60829
2023-02-05,Electronics,Phone,Central,Carol Davis,12,551.85,0.26,4906.75,2752.2,2154.55,CUST4789,ORD45371
2023-01-18,Books,Fiction,West,Alice Johnson,11,822.9,0.29,6441.55,2883.75,3557.8,CUST1002,ORD56570
2024-07-01,Sports,Tennis,Central,Eve Wilson,4,613.19,0.13,2134.81,1294.05,840.75,CUST1162,ORD41209
2024-04-17,Home,Appliances,South,David Brown,10,210.88,0.14,1820.53,748.35,1072.19,CUST9232,ORD87155
2024-02-05,Clothing,Hat,North,David Brown,4,924.74,0.22,2874.05,1299.48,1574.57,CUST5065,ORD16593
2023-09-30,Sports,Tennis,East,Eve Wilson,3,991.75,0.16,2499.38,1311.45,1187.92,CUST3535,ORD81729
2023-09-11,Books,Biography,Central,Carol Davis,3,821.25,0.17,2043.68,842.58,1201.1,CUST5492,ORD95020
2023-03-04,Books,Non-Fiction,East,Eve Wilson,17,568.8,0.19,7832.61,4471.78,3360.83,CUST7798,ORD66955
2023-03-02,Home,Decor,Central,Eve Wilson,8,222.31,0.22,1390.92,844.6,546.32,CUST9138,ORD42081
2023-01-12,Electronics,Camera,West,Carol Davis,17,837.59,0.17,11751.74,4717.15,7034.59,CUST6802,ORD82082
2024-10-12,Home,Furniture,East,Bob Smith,6,568.03,0.05,3252.76,2218.0,1034.75,CUST1018,ORD61169
2024-03-29,Books,Science,Central,Bob Smith,19,46.15,0.15,746.24,351.18,395.06,CUST8784,ORD31947
2023-11-15,Electronics,Phone,West,Bob Smith,10,755.6,0.25,5660.82,3858.45,1802.37,CUST2672,ORD58393
2023-01-04,Sports,Basketball,Central,Bob Smith,14,94.17,0.09,1204.72,827.7,377.02,CUST8331,ORD28727
2023-10-01,Home,Furniture,Central,Alice Johnson,20,383.57,0.27,5629.82,3347.02,2282.8,CUST3984,ORD91177
2023-07-27,Sports,Golf,East,Bob Smith,9,791.18,0.28,5126.75,2385.67,2741.07,CUST8891,ORD21111
2024-11-04,Electronics,Laptop,South,Eve Wilson,1,71.0,0.07,66.19,43.28,22.92,CUST5589,ORD52917
2023-11-24,Electronics,Tablet,West,Eve Wilson,20,710.44,0.29,10065.88,5654.71,4411.17,CUST6223,ORD96043
2023-03-11,Sports,Golf,Central,David Brown,17,624.32,0.01,10484.0,6498.31,3985.69,CUST2747,ORD11734
2023-03-17,Sports,Golf,North,Eve Wilson,19,736.22,0.14,11972.1,8208.0,3764.1,CUST9072,ORD39364
2024-10-12,Books,Fiction,Central,Alice Johnson,11,297.47,0.05,3113.55,1769.19,1344.36,CUST5933,ORD24762
2024-10-11,Sports,Golf,West,Bob Smith,5,395.05,0.08,1815.63,1258.34,557.29,CUST7874,ORD89370
2024-11-19,Electronics,Headphones,South,Carol Davis,6,967.24,0.08,5324.43,2442.73,2881.7,CUST6386,ORD30595
2023-09-22,Books,History,Central,Bob Smith,15,177.1,0.13,2314.41,1168.27,1146.14,CUST5305,ORD82364
2023-07-11,Clothing,T-Shirt,East,Alice Johnson,1,630.21,0.12,554.7,244.42,310.29,CUST1466,ORD82144
2023-05-22,Home,Decor,South,Alice Johnson,8,727.86,0.13,5043.67,2876.33,2167.34,CUST7122,ORD78300
2023-01-02,Clothing,T-Shirt,North,David Brown,6,594.2,0.15,3018.04,1669.06,1348.98,CUST6470,ORD28048
2024-03-17,Clothing,T-Shirt,Central,Carol Davis,1,285.32,0.04,275.19,132.02,143.17,CUST1250,ORD43463
2024-01-08,Electronics,Phone,East,Alice Johnson,3,117.2,0.12,308.43,166.3,142.13,CUST6204,ORD34807
2023-03-01,Home,Garden,West,Alice Johnson,5,631.61,0.07,2933.32,1307.13,1626.19,CUST5472,ORD55907
2024-07-17,Electronics,Phone,South,Alice Johnson,3,719.38,0.13,1885.0,1057.77,827.22,CUST7032,ORD42238
2024-09-07,Clothing,Jacket,South,Carol Davis,19,254.34,0.11,4280.62,2006.18,2274.45,CUST5127,ORD54191
2023-08-31,Sports,Football,East,Bob Smith,12,105.57,0.13,1102.66,523.43,579.23,CUST7206,ORD26472
2023-09-27,Books,Science,West,Carol Davis,8,822.14,0.03,6411.65,3467.23,2944.42,CUST7331,ORD96331
2023-07-08,Sports,Soccer,Central,Alice Johnson,11,799.77,0.02,8602.78,5688.18,2914.6,CUST6247,ORD14344
2023-12-09,Electronics,Phone,Central,Bob Smith,11,868.69,0.04,9185.44,4496.43,4689.01,CUST6963,ORD34089
2024-08-06,Books,History,Central,Carol Davis,9,881.72,0.29,5639.17,2379.35,3259.82,CUST6890,ORD41177
2024-11-19,Home,Appliances,East,Eve Wilson,1,609.6,0.02,597.69,269.14,328.55,CUST8233,ORD68997
2023-07-23,Home,Decor,Central,Carol Davis,15,665.15,0.26,7392.4,4950.74,2441.65,CUST1540,ORD29276
2023-08-02,Home,Decor,South,Eve Wilson,1,167.75,0.27,121.89,65.58,56.31,CUST4007,ORD94531
2023-06-21,Books,Fiction,West,David Brown,19,61.49,0.02,1142.96,522.78,620.18,CUST2581,ORD84547
2024-09-26,Books,Non-Fiction,West,Eve Wilson,6,14.79,0.24,67.68,41.42,26.26,CUST2381,ORD63804
2024-01-15,Electronics,Headphones,South,Carol Davis,8,194.0,0.18,1276.38,676.89,599.5,CUST9958,ORD44155
2024-08-06,Home,Garden,North,Alice Johnson,3,947.98,0.25,2130.9,863.48,1267.42,CUST1139,ORD69772
2023-11-19,Sports,Basketball,South,Carol Davis,9,303.56,0.18,2232.81,1558.6,674.21,CUST1105,ORD89443
2023-04-03,Clothing,Hat,North,David Brown,5,14.12,0.25,53.25,32.28,20.97,CUST3382,ORD21816
2024-03-28,Electronics,Phone,South,Carol Davis,7,616.27,0.03,4190.93,2454.91,1736.02,CUST3203,ORD58751
2023-08-10,Electronics,Headphones,East,Eve Wilson,2,368.96,0.03,718.51,403.9,314.61,CUST6754,ORD45073
2023-11-08,Home,Appliances,East,Eve Wilson,10,675.39,0.08,6227.11,3622.14,2604.97,CUST1192,ORD73518
2024-11-18,Electronics,Phone,Central,Bob Smith,19,985.73,0.19,15141.69,10524.31,4617.38,CUST4972,ORD49657
2024-10-31,Home,Garden,North,Eve Wilson,6,691.55,0.3,2909.67,1591.01,1318.67,CUST4123,ORD99787
2024-08-16,Electronics,Tablet,East,Carol Davis,18,447.63,0.0,8048.68,5259.14,2789.53,CUST2329,ORD87459
2023-03-19,Books,Non-Fiction,Central,David Brown,15,36.82,0.03,536.01,313.32,222.68,CUST2043,ORD85945
2024-02-28,Books,Science,West,Carol Davis,10,537.4,0.24,4088.03,2336.61,1751.42,CUST1156,ORD38673
2024-03-28,Clothing,Hat,East,Alice Johnson,9,531.61,0.13,4151.79,2597.88,1553.91,CUST3705,ORD86375
2024-02-20,Books,Biography,North,Carol Davis,10,937.31,0.04,9006.09,5434.32,3571.77,CUST1841,ORD68409
2024-08-14,Electronics,Laptop,South,Bob Smith,2,837.95,0.06,1580.56,1041.55,539.01,CUST1547,ORD43506
2023-09-17,Electronics,Camera,Central,Alice Johnson,18,27.66,0.05,471.27,223.48,247.8,CUST4397,ORD89072
2023-06-18,Books,History,Central,Alice Johnson,6,852.56,0.24,3896.6,1766.07,2130.52,CUST3281,ORD76992
2023-07-02,Clothing,Jacket,East,David Brown,6,989.45,0.27,4337.13,1893.32,2443.81,CUST8112,ORD58120
2024-07-05,Books,Fiction,Central,Bob Smith,3,796.8,0.04,2296.34,1212.74,1083.59,CUST6672,ORD30679
2023-10-24,Books,Non-Fiction,South,Carol Davis,15,278.53,0.26,3102.37,2002.04,1100.33,CUST5674,ORD56950
2023-07-27,Electronics,Phone,Central,Alice Johnson,5,466.48,0.13,2038.27,1176.73,861.54,CUST7402,ORD75486
2024-03-15,Sports,Basketball,West,Eve Wilson,13,355.16,0.11,4120.56,1802.23,2318.33,CUST5558,ORD77743
2023-04-03,Books,Fiction,South,David Brown,8,694.83,0.3,3897.12,1595.68,2301.44,CUST9155,ORD73658
2023-12-22,Electronics,Phone,Central,Alice Johnson,3,910.43,0.3,1924.64,1227.8,696.84,CUST4576,ORD73802
2023-04-18,Books,History,North,Eve Wilson,18,234.96,0.29,2985.24,1988.16,997.08,CUST7732,ORD71721
2024-08-08,Home,Decor,East,Alice Johnson,11,103.41,0.1,1021.48,515.84,505.63,CUST6510,ORD53731
2023-02-09,Clothing,Jacket,South,Carol Davis,11,15.79,0.03,168.02,69.97,98.05,CUST2907,ORD42407
2023-11-01,Electronics,Tablet,South,Bob Smith,14,258.81,0.08,3331.83,2066.9,1264.93,CUST1981,ORD48199
2024-08-14,Sports,Golf,South,Bob Smith,16,348.5,0.03,5387.02,2928.06,2458.96,CUST2404,ORD21051
2024-12-31,Clothing,Jacket,Central,David Brown,16,177.03,0.21,2239.39,1256.95,982.44,CUST7431,ORD53203
2024-07-16,Electronics,Headphones,East,David Brown,1,751.88,0.25,562.1,266.68,295.42,CUST6400,ORD14715
2023-06-11,Home,Kitchen,South,Eve Wilson,14,261.85,0.26,2697.86,1676.36,1021.51,CUST3606,ORD96792
2024-04-07,Clothing,Jacket,South,David Brown,10,303.92,0.3,2141.77,1352.02,789.74,CUST6125,ORD97302
2024-07-11,Home,Kitchen,South,Carol Davis,11,483.43,0.25,3993.53,1605.07,2388.46,CUST9367,ORD70650
2024-01-11,Books,Non-Fiction,West,Alice Johnson,15,599.61,0.1,8068.62,5632.13,2436.49,CUST9664,ORD75548
2024-08-29,Home,Decor,East,Alice Johnson,2,235.38,0.28,339.83,159.02,180.81,CUST9160,ORD73284
2024-04-14,Sports,Soccer,West,Carol Davis,5,307.74,0.3,1083.59,457.53,626.05,CUST8811,ORD84571
2024-11-05,Sports,Tennis,West,Alice Johnson,14,675.25,0.12,8358.86,3375.15,4983.71,CUST9432,ORD87346
2024-08-27,Sports,Soccer,West,Carol Davis,19,31.26,0.0,592.08,302.74,289.34,CUST7930,ORD51806
2023-11-11,Sports,Basketball,West,Bob Smith,5,215.64,0.03,1048.72,503.86,544.86,CUST6870,ORD81809
2024-02-24,Books,Biography,Central,David Brown,18,474.04,0.23,6552.62,4225.21,2327.42,CUST7068,ORD40815
2024-08-01,Home,Furniture,West,Carol Davis,12,380.08,0.12,4013.87,2704.92,1308.94,CUST4557,ORD97319
2024-08-30,Clothing,Jacket,North,Bob Smith,8,706.07,0.26,4178.29,2145.43,2032.86,CUST1926,ORD94637
2024-06-25,Home,Kitchen,East,Bob Smith,13,105.73,0.15,1169.2,776.48,392.73,CUST2776,ORD77196
2024-09-24,Books,History,North,David Brown,6,866.73,0.29,3715.07,2574.26,1140.81,CUST4998,ORD86877
2024-03-13,Sports,Football,South,Carol Davis,11,816.77,0.02,8841.03,5222.83,3618.2,CUST7620,ORD60131
2024-09-27,Sports,Basketball,North,Carol Davis,15,525.54,0.1,7071.55,4618.12,2453.44,CUST3281,ORD73613
2023-01-14,Clothing,Jacket,Central,Carol Davis,11,780.41,0.02,8434.84,4597.03,3837.8,CUST5039,ORD34280
2024-12-15,Clothing,Hat,Central,Carol Davis,12,487.73,0.27,4268.73,1983.93,2284.8,CUST8291,ORD12247
2023-06-21,Home,Garden,West,Carol Davis,12,664.31,0.03,7755.53,4625.72,3129.81,CUST8854,ORD22698
2023-12-13,Books,Science,West,Alice Johnson,13,483.22,0.24,4784.92,2299.29,2485.63,CUST7485,ORD52490
2024-03-23,Books,Fiction,Central,Eve Wilson,17,879.48,0.15,12764.56,6032.43,6732.13,CUST5693,ORD84666
2024-05-16,Clothing,Jacket,West,Alice Johnson,9,37.67,0.26,252.2,147.67,104.53,CUST2961,ORD61478
2023-04-06,Home,Decor,North,David Brown,20,758.31,0.23,11659.37,4827.95,6831.41,CUST4337,ORD51002
2024-05-12,Books,Fiction,Central,Bob Smith,10,690.23,0.08,6315.7,3363.34,2952.36,CUST6452,ORD69323
2023-07-01,Clothing,Jeans,South,Eve Wilson,15,473.76,0.19,5785.17,2509.13,3276.04,CUST4824,ORD78486
2023-05-06,Home,Appliances,West,Eve Wilson,9,418.55,0.01,3727.01,1788.24,1938.77,CUST1176,ORD74619
2023-03-14,Sports,Basketball,South,Eve Wilson,20,592.27,0.3,8330.86,3446.58,4884.29,CUST8968,ORD23941
2024-05-11,Clothing,Jeans,North,David Brown,19,99.49,0.27,1374.18,701.51,672.67,CUST2070,ORD42772
2024-06-16,Electronics,Phone,Central,Carol Davis,14,556.07,0.23,5997.5,2979.88,3017.62,CUST8582,ORD54674
2023-05-19,Home,Kitchen,East,Eve Wilson,18,839.51,0.26,11174.9,6389.99,4784.91,CUST8512,ORD23826
2024-02-15,Sports,Tennis,West,Carol Davis,19,553.23,0.2,8380.39,4622.33,3758.06,CUST4200,ORD64317
2023-08-04,Electronics,Phone,East,Carol Davis,13,409.08,0.04,5109.8,2263.63,2846.17,CUST6398,ORD42305
2023-09-13,Books,Science,South,Alice Johnson,13,737.16,0.07,8869.13,3674.8,5194.33,CUST8171,ORD43648
2024-09-07,Books,Biography,East,Carol Davis,3,56.35,0.25,127.17,68.0,59.17,CUST6411,ORD48425
2023-12-29,Books,Science,West,Carol Davis,4,719.54,0.22,2233.75,915.84,1317.91,CUST8840,ORD21918
2024-08-08,Books,Fiction,West,Alice Johnson,10,579.59,0.26,4264.43,2095.61,2168.82,CUST8348,ORD16379
2024-01-27,Clothing,Jeans,East,Carol Davis,1,808.35,0.15,683.47,370.69,312.79,CUST7587,ORD18757
2023-12-26,Sports,Golf,North,Alice Johnson,20,549.43,0.03,10689.89,6372.44,4317.45,CUST9443,ORD22130
2023-04-16,Clothing,Shoes,West,David Brown,1,267.77,0.05,254.76,141.91,112.85,CUST9666,ORD98556
2023-05-15,Electronics,Laptop,East,Carol Davis,17,634.5,0.11,9564.63,4468.29,5096.35,CUST3984,ORD22910
2024-09-10,Electronics,Headphones,Central,David Brown,10,174.14,0.07,1625.48,1094.75,530.74,CUST6825,ORD86847
2024-08-08,Electronics,Headphones,West,Eve Wilson,4,129.89,0.18,428.18,229.91,198.27,CUST5953,ORD89368
2023-11-08,Home,Furniture,Central,Alice Johnson,8,281.98,0.1,2027.47,1123.79,903.68,CUST9708,ORD42132
2024-02-28,Electronics,Tablet,West,David Brown,18,319.65,0.05,5488.66,2786.05,2702.6,CUST1787,ORD84718
2024-10-18,Electronics,Camera,West,Alice Johnson,16,818.12,0.25,9877.15,5902.22,3974.92,CUST6721,ORD21805
2024-02-15,Sports,Golf,Central,Alice Johnson,18,71.6,0.02,1258.3,562.86,695.44,CUST5959,ORD71931
2023-12-18,Books,Fiction,West,David Brown,1,397.13,0.19,322.1,148.52,173.57,CUST3770,ORD49664
2023-05-14,Books,History,Central,Eve Wilson,1,633.36,0.24,482.07,279.01,203.05,CUST2423,ORD27820
2024-03-17,Electronics,Laptop,East,Carol Davis,14,926.77,0.06,12162.27,5839.74,6322.53,CUST8571,ORD91050
2023-12-07,Books,Biography,North,Alice Johnson,10,805.51,0.28,5797.92,2598.78,3199.15,CUST2854,ORD96163
2024-10-01,Electronics,Tablet,South,Eve Wilson,5,203.96,0.23,790.26,365.69,424.57,CUST4485,ORD17928
2024-03-22,Clothing,Jacket,Central,David Brown,19,658.83,0.15,10669.09,7317.67,3351.42,CUST7404,ORD36548
2024-10-23,Sports,Soccer,Central,Eve Wilson,9,730.48,0.01,6534.58,4458.73,2075.85,CUST3566,ORD70833
2023-01-20,Clothing,Hat,North,Eve Wilson,8,324.7,0.3,1825.53,1050.58,774.95,CUST6185,ORD83999
2024-07-29,Electronics,Phone,East,David Brown,16,863.54,0.09,12536.12,6438.51,6097.61,CUST1381,ORD61642
2024-03-02,Sports,Tennis,West,Eve Wilson,5,974.25,0.12,4296.15,2098.66,2197.49,CUST7688,ORD44433
2024-01-27,Sports,Football,North,David Brown,2,355.36,0.2,565.33,235.98,329.35,CUST9622,ORD41628
2024-01-15,Electronics,Tablet,North,Eve Wilson,17,508.72,0.08,7996.45,3241.05,4755.39,CUST9584,ORD61943
2024-10-31,Clothing,Hat,North,Eve Wilson,2,886.28,0.21,1407.87,649.45,758.42,CUST7067,ORD82304
2023-03-31,Electronics,Laptop,Central,Eve Wilson,3,371.0,0.28,800.42,408.28,392.14,CUST4626,ORD98272
2024-09-05,Home,Decor,East,Alice Johnson,14,705.99,0.27,7254.09,4711.7,2542.39,CUST4374,ORD88644
2023-06-28,Books,History,East,David Brown,9,49.37,0.02,434.49,281.2,153.29,CUST8168,ORD43383
2023-02-18,Home,Appliances,Central,Alice Johnson,9,569.39,0.02,5024.75,3269.23,1755.52,CUST4952,ORD87521
2024-09-16,Sports,Tennis,Central,Alice Johnson,14,759.12,0.15,9070.97,4778.59,4292.37,CUST5032,ORD90798
2023-01-28,Books,Non-Fiction,Central,Carol Davis,3,973.2,0.26,2163.31,988.05,1175.26,CUST8969,ORD82821
2024-09-30,Electronics,Phone,Central,Eve Wilson,16,291.16,0.27,3399.74,2045.01,1354.74,CUST6706,ORD22240
2023-12-24,Clothing,Hat,South,Carol Davis,7,950.16,0.24,5077.17,2590.96,2486.21,CUST7920,ORD12117
2023-05-17,Clothing,T-Shirt,Central,Alice Johnson,14,881.57,0.11,11002.0,6078.92,4923.08,CUST5856,ORD55526
2024-04-16,Books,History,Central,Bob Smith,10,471.94,0.16,3969.06,2540.63,1428.43,CUST8985,ORD58849
2023-11-21,Sports,Tennis,South,Eve Wilson,8,679.96,0.21,4310.08,2523.38,1786.69,CUST7631,ORD92116
2023-05-27,Home,Kitchen,North,Eve Wilson,3,847.55,0.13,2205.71,1388.31,817.4,CUST4142,ORD81174
2024-06-01,Clothing,Shoes,North,Bob Smith,13,117.22,0.07,1417.67,613.59,804.08,CUST2761,ORD10806
2023-07-26,Electronics,Headphones,North,Bob Smith,5,178.83,0.23,686.83,428.19,258.64,CUST7594,ORD27379
2023-11-19,Electronics,Camera,South,Alice Johnson,7,735.92,0.01,5082.87,3194.41,1888.46,CUST1092,ORD88890
2024-09-08,Clothing,Jeans,South,Bob Smith,1,948.27,0.22,737.38,393.28,344.1,CUST9969,ORD41098
2023-06-07,Clothing,T-Shirt,East,Carol Davis,14,678.65,0.02,9273.78,5039.54,4234.25,CUST7698,ORD34162
2024-11-10,Clothing,Shoes,East,Carol Davis,8,994.43,0.03,7707.53,4946.23,2761.3,CUST9216,ORD36225
2023-06-06,Clothing,Jeans,South,Carol Davis,15,127.12,0.14,1636.66,752.79,883.87,CUST5037,ORD44430
2024-09-04,Books,History,East,Carol Davis,1,157.2,0.15,133.43,71.02,62.41,CUST2030,ORD36894
2024-12-03,Sports,Basketball,North,Carol Davis,18,132.52,0.14,2050.43,1375.95,674.48,CUST4397,ORD95762
2024-01-19,Books,Fiction,West,Eve Wilson,17,575.74,0.16,8197.37,5421.14,2776.23,CUST8978,ORD58876
2024-04-01,Sports,Golf,South,Alice Johnson,4,374.76,0.22,1173.68,734.92,438.76,CUST9733,ORD38446
2023-03-06,Books,History,Central,David Brown,13,169.95,0.02,2164.64,1112.4,1052.24,CUST9031,ORD73960
2023-03-05,Home,Kitchen,South,Carol Davis,16,958.92,0.22,11923.94,5285.09,6638.85,CUST1508,ORD76852
2023-06-28,Books,Biography,North,Carol Davis,18,11.66,0.25,157.4,94.7,62.7,CUST3458,ORD36776
2023-06-16,Home,Furniture,West,Bob Smith,15,877.57,0.1,11890.81,6995.5,4895.31,CUST2043,ORD19417
2024-04-24,Sports,Golf,South,Eve Wilson,20,884.19,0.05,16796.08,9403.97,7392.11,CUST7006,ORD16318
2023-11-09,Home,Appliances,East,Alice Johnson,5,728.1,0.25,2729.51,1637.87,1091.64,CUST6231,ORD13142
2023-06-14,Clothing,Shoes,Central,David Brown,11,34.36,0.15,321.3,172.36,148.95,CUST9196,ORD41041
2024-03-20,Clothing,T-Shirt,East,Alice Johnson,15,75.44,0.21,892.21,379.33,512.88,CUST4531,ORD48364
2024-12-05,Electronics,Headphones,Central,Alice Johnson,6,419.94,0.19,2031.19,923.88,1107.31,CUST8612,ORD30125
2024-04-30,Sports,Soccer,West,Carol Davis,4,222.71,0.16,751.15,401.78,349.37,CUST5664,ORD79649
2023-10-11,Clothing,Hat,North,Bob Smith,3,317.69,0.11,847.87,457.94,389.93,CUST7213,ORD37349
2024-01-09,Sports,Golf,North,David Brown,3,283.17,0.22,659.57,302.01,357.56,CUST9998,ORD73676
2024-04-21,Home,Appliances,East,Eve Wilson,7,847.44,0.03,5727.94,3094.37,2633.58,CUST1480,ORD31434
2023-08-01,Books,Non-Fiction,South,Eve Wilson,19,111.98,0.01,2115.39,926.11,1189.28,CUST3273,ORD26328
2024-09-29,Sports,Soccer,North,Eve Wilson,20,507.33,0.04,9719.96,4725.6,4994.36,CUST1516,ORD16089
2023-06-17,Clothing,T-Shirt,East,Bob Smith,1,514.34,0.04,493.24,265.12,228.11,CUST2182,ORD90055
2024-03-14,Electronics,Phone,Central,Carol Davis,20,679.87,0.27,9922.17,6426.3,3495.87,CUST4076,ORD67650
2024-08-11,Electronics,Tablet,East,Alice Johnson,6,783.18,0.16,3954.08,1749.6,2204.48,CUST1942,ORD40804
2023-05-31,Books,History,Central,Bob Smith,9,236.18,0.04,2037.72,1358.13,679.58,CUST1330,ORD98756
2023-06-05,Home,Garden,North,Alice Johnson,19,230.53,0.16,3680.17,1863.45,1816.72,CUST7847,ORD82093
2023-04-21,Sports,Tennis,East,Carol Davis,14,314.23,0.24,3351.01,1551.25,1799.76,CUST1348,ORD63268
2024-06-05,Books,History,South,Carol Davis,14,199.4,0.27,2030.54,986.58,1043.96,CUST7031,ORD29769
2023-06-09,Books,History,East,Alice Johnson,14,997.56,0.21,11091.13,5704.45,5386.68,CUST7563,ORD35336
2023-06-19,Sports,Basketball,South,David Brown,6,169.29,0.12,889.13,435.46,453.67,CUST3687,ORD70970
2023-02-22,Sports,Basketball,North,David Brown,11,389.97,0.17,3560.4,2043.4,1517.01,CUST3487,ORD94340
2024-10-24,Books,Non-Fiction,Central,Carol Davis,17,856.37,0.05,13899.61,7149.99,6749.62,CUST4478,ORD21948
2023-03-11,Sports,Tennis,West,Eve Wilson,7,313.48,0.23,1693.5,1140.27,553.22,CUST4757,ORD27118
2023-12-22,Clothing,Hat,Central,David Brown,5,95.07,0.09,431.99,176.34,255.64,CUST7618,ORD25806
2023-07-30,Home,Appliances,West,Carol Davis,4,498.81,0.05,1895.63,1274.97,620.66,CUST8725,ORD74819
2024-03-05,Electronics,Laptop,West,Alice Johnson,11,543.41,0.06,5628.97,2614.78,3014.2,CUST6274,ORD10754
2024-06-10,Electronics,Headphones,South,David Brown,12,688.15,0.1,7397.53,4944.13,2453.41,CUST7515,ORD99439
2024-08-11,Home,Decor,North,David Brown,5,571.54,0.11,2530.86,1665.41,865.45,CUST5047,ORD93923
2023-02-18,Books,Biography,East,Carol Davis,20,989.02,0.12,17443.61,8986.39,8457.22,CUST6946,ORD65016
2023-10-30,Sports,Golf,North,Bob Smith,7,149.09,0.25,779.74,354.55,425.19,CUST3421,ORD44217
2023-08-28,Electronics,Phone,South,David Brown,16,983.19,0.03,15298.88,7281.43,8017.45,CUST6564,ORD84933
2023-06-30,Books,Biography,Central,David Brown,3,114.72,0.21,273.05,177.29,95.76,CUST7886,ORD82321
2023-12-23,Electronics,Phone,Central,David Brown,18,308.68,0.19,4493.79,2787.12,1706.67,CUST6387,ORD51194
2023-11-30,Home,Furniture,Central,David Brown,18,278.71,0.06,4716.71,2322.74,2393.96,CUST2165,ORD83180
2024-01-31,Clothing,Shoes,West,David Brown,20,853.15,0.17,14126.55,7914.55,6212.0,CUST7755,ORD96737
2023-06-07,Home,Furniture,West,Carol Davis,14,741.2,0.13,9006.43,4495.4,4511.03,CUST9243,ORD74114
2024-07-28,Clothing,Hat,South,Bob Smith,14,532.41,0.06,7029.09,4402.75,2626.34,CUST3958,ORD60644
2023-01-28,Books,Fiction,East,Eve Wilson,18,327.78,0.25,4428.6,2103.92,2324.68,CUST6940,ORD48036
2023-12-01,Home,Furniture,South,Eve Wilson,18,785.12,0.1,12754.31,6855.21,5899.1,CUST2521,ORD97073
2024-01-16,Home,Furniture,North,Carol Davis,17,310.65,0.04,5082.47,3238.75,1843.71,CUST2736,ORD25831
2023-07-26,Books,Fiction,West,David Brown,10,821.99,0.24,6257.78,3089.53,3168.25,CUST2076,ORD13766
2024-05-20,Home,Furniture,North,Alice Johnson,2,517.65,0.23,794.91,522.87,272.04,CUST8160,ORD57990
2024-04-01,Clothing,T-Shirt,South,Carol Davis,14,730.94,0.3,7193.79,4407.93,2785.86,CUST2735,ORD26578
2024-07-23,Home,Furniture,West,Carol Davis,18,981.55,0.04,17029.97,8674.14,8355.83,CUST5536,ORD97214
2024-11-29,Clothing,Jacket,East,David Brown,17,571.14,0.26,7210.9,4522.98,2687.93,CUST1347,ORD30778
2023-10-01,Home,Decor,East,Eve Wilson,20,78.76,0.11,1400.08,959.51,440.58,CUST5864,ORD32501
2023-08-09,Electronics,Headphones,East,Bob Smith,1,286.36,0.17,238.71,120.35,118.37,CUST2213,ORD89122
2024-03-29,Sports,Tennis,Central,Carol Davis,11,562.93,0.18,5060.61,2846.78,2213.83,CUST6701,ORD44009
2024-08-04,Electronics,Phone,South,David Brown,15,968.52,0.29,10292.69,5199.56,5093.14,CUST9315,ORD35981
2023-09-17,Home,Garden,South,Eve Wilson,14,953.54,0.21,10587.12,7217.1,3370.03,CUST7179,ORD34002
2023-08-12,Sports,Soccer,East,David Brown,6,324.23,0.28,1397.42,670.81,726.61,CUST9516,ORD22759
2024-01-02,Electronics,Headphones,East,Bob Smith,10,714.58,0.02,6994.1,3588.36,3405.74,CUST3853,ORD80898
2024-04-27,Home,Appliances,South,David Brown,20,175.43,0.14,3028.48,2065.48,962.99,CUST1613,ORD71146
2023-03-11,Home,Kitchen,East,Bob Smith,6,193.42,0.23,889.58,563.99,325.59,CUST7933,ORD52016
2024-08-11,Home,Garden,East,Alice Johnson,6,749.01,0.11,3980.67,2257.48,1723.19,CUST4351,ORD43097
2024-03-01,Clothing,Jeans,Central,Bob Smith,16,505.48,0.22,6336.49,3008.71,3327.78,CUST8824,ORD51429
2023-05-20,Sports,Basketball,West,Alice Johnson,5,773.01,0.02,3780.93,1822.98,1957.95,CUST8882,ORD48455
2023-02-13,Clothing,Jeans,Central,David Brown,4,600.59,0.19,1944.57,1084.2,860.37,CUST1725,ORD25731
2024-09-07,Clothing,T-Shirt,South,Carol Davis,18,657.12,0.18,9749.41,5814.94,3934.47,CUST5289,ORD94019
2024-08-11,Books,Fiction,West,Eve Wilson,19,27.6,0.19,423.41,268.12,155.28,CUST6117,ORD59835
2023-08-21,Home,Decor,Central,Eve Wilson,17,87.7,0.16,1251.42,578.68,672.74,CUST7020,ORD78973
2024-04-20,Sports,Football,East,Alice Johnson,5,392.82,0.02,1918.94,769.74,1149.2,CUST2134,ORD13328
2023-12-16,Electronics,Laptop,Central,David Brown,10,118.52,0.28,856.44,565.71,290.73,CUST2842,ORD62603
2023-05-27,Clothing,Jeans,North,Carol Davis,14,997.1,0.21,10968.49,6215.25,4753.24,CUST5277,ORD53602
2024-05-13,Books,Science,North,Carol Davis,3,746.81,0.28,1612.19,894.46,717.73,CUST2992,ORD10496
2024-03-21,Clothing,Jacket,Central,Carol Davis,7,385.73,0.03,2615.17,1784.17,831.0,CUST9841,ORD88253
2024-03-07,Electronics,Tablet,South,Eve Wilson,7,52.69,0.19,300.05,156.66,143.39,CUST7149,ORD92266
2024-02-13,Clothing,Jacket,West,David Brown,2,580.18,0.09,1061.65,498.51,563.13,CUST6359,ORD44304
2024-10-10,Electronics,Tablet,East,Bob Smith,16,692.01,0.03,10714.89,5635.45,5079.44,CUST7374,ORD24176
2023-07-26,Home,Garden,West,Carol Davis,16,250.32,0.13,3466.52,2302.82,1163.7,CUST9633,ORD34028
2024-04-19,Electronics,Phone,Central,Alice Johnson,13,614.22,0.05,7574.9,4201.32,3373.58,CUST6667,ORD99982
2024-06-18,Electronics,Laptop,East,Bob Smith,6,658.2,0.14,3395.25,1727.31,1667.94,CUST9250,ORD14403
2023-08-01,Sports,Golf,Central,Carol Davis,19,476.14,0.17,7467.72,3322.72,4145.01,CUST2936,ORD17156
2024-03-07,Sports,Soccer,East,Alice Johnson,1,262.32,0.24,199.24,139.1,60.14,CUST5710,ORD81438
2024-07-31,Sports,Basketball,East,Bob Smith,2,73.22,0.3,103.0,43.32,59.68,CUST3144,ORD83885
2023-05-28,Home,Furniture,North,Carol Davis,9,979.09,0.2,7080.28,4130.23,2950.05,CUST3462,ORD44638
2024-04-22,Electronics,Phone,West,Alice Johnson,12,607.81,0.14,6298.14,4168.86,2129.27,CUST7513,ORD28419
2024-01-28,Electronics,Tablet,South,Carol Davis,6,386.25,0.13,2021.1,1380.35,640.75,CUST2663,ORD20139
2023-04-06,Clothing,T-Shirt,East,Bob Smith,10,464.49,0.17,3833.9,1540.26,2293.64,CUST9140,ORD39727
2023-02-09,Electronics,Headphones,East,David Brown,15,74.68,0.04,1079.54,478.86,600.69,CUST2414,ORD43532
2024-01-06,Sports,Football,East,Carol Davis,4,116.37,0.2,373.36,170.85,202.5,CUST9763,ORD24407
2023-10-09,Sports,Tennis,North,David Brown,20,690.24,0.08,12648.42,6823.35,5825.07,CUST8062,ORD44622
2024-12-16,Clothing,T-Shirt,South,Alice Johnson,10,885.65,0.25,6657.87,4539.31,2118.56,CUST8534,ORD82528
2024-11-16,Sports,Football,Central,Eve Wilson,6,414.6,0.02,2426.24,1004.02,1422.22,CUST8544,ORD85492
2023-02-06,Clothing,Jeans,West,Alice Johnson,2,953.26,0.15,1629.44,796.27,833.17,CUST1136,ORD87958
2023-05-27,Electronics,Laptop,South,Eve Wilson,12,612.49,0.04,7068.67,3754.67,3314.0,CUST4537,ORD75282
2023-02-16,Books,Science,Central,Alice Johnson,7,823.02,0.17,4764.89,2925.53,1839.35,CUST8315,ORD20488
2024-06-09,Clothing,T-Shirt,Central,Carol Davis,16,198.81,0.06,3004.25,1691.42,1312.83,CUST3100,ORD84658
2024-09-26,Home,Furniture,East,Bob Smith,16,108.43,0.18,1421.73,881.81,539.92,CUST8132,ORD38381
2024-09-09,Sports,Basketball,East,Bob Smith,5,685.84,0.08,3166.51,1519.85,1646.66,CUST7382,ORD78282
2023-12-31,Home,Appliances,South,Alice Johnson,20,821.98,0.01,16302.26,6907.98,9394.29,CUST8647,ORD25930
2023-10-19,Clothing,Jacket,Central,Eve Wilson,2,21.99,0.17,36.59,21.73,14.86,CUST4470,ORD52072
2024-06-12,Clothing,Jeans,South,Carol Davis,18,323.24,0.13,5086.8,3216.02,1870.78,CUST2998,ORD29624
2023-08-02,Clothing,Shoes,West,Alice Johnson,18,65.25,0.02,1152.96,668.25,484.71,CUST9991,ORD86798
2023-12-23,Books,Biography,West,Bob Smith,15,418.28,0.25,4696.6,2999.9,1696.7,CUST8855,ORD68476
2023-06-10,Sports,Golf,West,Carol Davis,9,538.4,0.16,4062.25,1779.94,2282.31,CUST5314,ORD48922
2024-11-13,Electronics,Camera,West,Alice Johnson,9,204.06,0.23,1422.99,982.74,440.25,CUST7722,ORD69634
2023-04-09,Electronics,Phone,West,Carol Davis,11,88.01,0.03,943.9,483.38,460.52,CUST1807,ORD96486
2024-11-07,Clothing,Hat,South,Bob Smith,8,539.73,0.02,4221.99,1833.62,2388.37,CUST1871,ORD10047
2024-07-18,Clothing,Jeans,East,David Brown,11,380.11,0.09,3806.7,2067.04,1739.65,CUST9148,ORD78985
2024-07-11,Sports,Golf,Central,Eve Wilson,6,717.79,0.0,4296.37,2569.47,1726.9,CUST9932,ORD62461
2024-03-05,Electronics,Tablet,Central,Eve Wilson,15,490.17,0.01,7291.89,4848.26,2443.63,CUST8545,ORD52560
2024-06-14,Home,Garden,West,David Brown,8,358.53,0.03,2770.53,1801.18,969.35,CUST1233,ORD63264
2023-09-25,Electronics,Tablet,East,Alice Johnson,20,207.12,0.02,4057.97,2059.81,1998.16,CUST5206,ORD96761
2024-01-05,Clothing,Jeans,South,Eve Wilson,17,650.56,0.12,9691.44,4793.81,4897.63,CUST8531,ORD92417
2023-12-12,Clothing,T-Shirt,North,David Brown,18,779.21,0.27,10300.77,7055.98,3244.79,CUST5783,ORD57159
2024-12-09,Home,Kitchen,West,Carol Davis,18,520.35,0.14,8009.65,3775.5,4234.16,CUST9083,ORD26265
2023-12-03,Home,Garden,East,David Brown,14,809.41,0.03,11015.44,5825.62,5189.83,CUST1123,ORD92242
2023-11-13,Clothing,Hat,Central,David Brown,15,19.37,0.04,278.45,156.69,121.76,CUST8264,ORD59564
2024-09-18,Sports,Tennis,East,Carol Davis,3,792.94,0.29,1685.1,1068.85,616.25,CUST4140,ORD30478
2024-12-20,Electronics,Camera,West,Eve Wilson,17,429.83,0.28,5296.72,2171.28,3125.43,CUST8264,ORD24631
2024-11-22,Sports,Golf,Central,Carol Davis,10,717.31,0.17,5968.72,3257.56,2711.16,CUST8929,ORD17105
2024-10-26,Books,Biography,East,Bob Smith,20,997.34,0.1,17938.47,9320.06,8618.42,CUST7406,ORD84905
2024-08-04,Books,Non-Fiction,South,Carol Davis,7,909.57,0.16,5378.0,3203.51,2174.49,CUST1691,ORD81136
2024-11-01,Clothing,Shoes,South,Carol Davis,15,509.96,0.24,5837.23,3065.62,2771.61,CUST4768,ORD89398
2024-09-28,Electronics,Laptop,South,Alice Johnson,5,479.37,0.26,1765.9,1159.98,605.92,CUST4523,ORD70763
2024-10-21,Clothing,Hat,East,Bob Smith,19,564.32,0.14,9222.02,5549.65,3672.36,CUST1540,ORD61590
2023-09-20,Home,Decor,West,Carol Davis,13,49.23,0.23,490.23,231.95,258.29,CUST5584,ORD69532
2024-04-25,Home,Decor,West,Alice Johnson,1,167.05,0.29,119.15,61.02,58.12,CUST6826,ORD26805
2024-08-04,Books,Science,Central,Eve Wilson,20,330.64,0.22,5181.25,2977.73,2203.52,CUST4913,ORD41772
2024-11-29,Home,Kitchen,West,Carol Davis,8,280.21,0.05,2138.61,1148.33,990.28,CUST2730,ORD10852
2024-10-26,Books,Non-Fiction,North,Bob Smith,3,983.36,0.07,2749.77,1221.37,1528.4,CUST1031,ORD28566
2023-03-28,Electronics,Headphones,Central,Eve Wilson,9,99.09,0.11,795.1,532.16,262.94,CUST2095,ORD76781
2023-04-26,Books,Non-Fiction,North,Alice Johnson,1,663.53,0.26,488.03,327.76,160.27,CUST3749,ORD71362
2023-07-24,Electronics,Phone,North,Carol Davis,20,81.7,0.04,1565.6,987.25,578.35,CUST2919,ORD26809
2023-07-12,Sports,Tennis,East,Eve Wilson,13,227.97,0.28,2133.22,1072.4,1060.82,CUST2717,ORD48492
2023-07-13,Electronics,Phone,Central,Carol Davis,9,526.42,0.15,4012.71,2555.07,1457.64,CUST6037,ORD56245
2024-09-30,Sports,Basketball,Central,Alice Johnson,9,616.22,0.15,4726.7,2311.55,2415.15,CUST8263,ORD58947
2024-03-16,Sports,Football,North,Carol Davis,6,765.35,0.18,3769.84,1834.23,1935.61,CUST2481,ORD83311
2024-11-11,Sports,Tennis,Central,Bob Smith,10,393.97,0.03,3811.74,1730.57,2081.17,CUST1446,ORD31439
2024-07-19,Electronics,Camera,Central,Eve Wilson,2,148.49,0.27,215.47,121.39,94.08,CUST8928,ORD57605
2024-11-10,Electronics,Headphones,West,David Brown,1,552.92,0.28,400.63,270.77,129.86,CUST3474,ORD63450
2024-11-02,Clothing,Jacket,Central,Alice Johnson,16,49.55,0.1,715.57,497.56,218.02,CUST3269,ORD57321
2023-07-18,Sports,Tennis,West,David Brown,7,738.5,0.3,3623.41,2498.71,1124.7,CUST4316,ORD30296
2024-11-09,Electronics,Camera,South,Bob Smith,3,562.03,0.19,1368.48,873.86,494.62,CUST9248,ORD34110
2024-12-03,Sports,Soccer,South,Bob Smith,19,256.8,0.18,3998.3,2001.06,1997.24,CUST5185,ORD65197
2023-05-07,Electronics,Laptop,North,Alice Johnson,9,285.75,0.23,1969.1,1244.37,724.73,CUST3150,ORD53393
2023-10-19,Books,Biography,West,Carol Davis,8,768.49,0.09,5615.02,3219.26,2395.76,CUST9789,ORD82283
2024-08-27,Sports,Soccer,Central,Alice Johnson,19,755.23,0.21,11287.83,6813.17,4474.67,CUST1773,ORD94190
2024-09-19,Books,Fiction,South,Eve Wilson,2,705.13,0.28,1020.8,531.88,488.92,CUST5425,ORD10578
2024-04-24,Sports,Soccer,East,Bob Smith,3,749.67,0.06,2123.29,1395.73,727.56,CUST8742,ORD58956
2024-02-28,Home,Kitchen,South,Alice Johnson,15,534.25,0.1,7183.3,4178.09,3005.21,CUST2141,ORD95609
2024-12-05,Clothing,T-Shirt,South,Eve Wilson,4,713.76,0.22,2239.3,1086.72,1152.57,CUST9651,ORD71686
2023-03-16,Electronics,Tablet,Central,Bob Smith,10,814.4,0.13,7044.83,4784.55,2260.29,CUST1591,ORD16016
2023-07-08,Clothing,Shoes,West,Eve Wilson,2,787.41,0.09,1439.94,906.33,533.61,CUST3552,ORD94023
2024-09-30,Electronics,Headphones,South,Carol Davis,20,178.63,0.08,3295.13,2052.84,1242.29,CUST7029,ORD64303
2024-06-05,Electronics,Tablet,North,Carol Davis,17,695.97,0.28,8479.33,3545.78,4933.55,CUST3095,ORD54862
2023-05-17,Sports,Soccer,North,Eve Wilson,17,403.1,0.3,4820.71,3265.87,1554.84,CUST9864,ORD55025
2023-11-01,Sports,Soccer,West,Alice Johnson,4,563.66,0.14,1937.09,964.81,972.28,CUST8579,ORD33397
2023-08-11,Home,Decor,South,Carol Davis,10,610.24,0.28,4421.83,3004.99,1416.84,CUST4567,ORD60399
2024-09-18,Sports,Soccer,South,David Brown,1,403.19,0.17,334.92,222.96,111.95,CUST2371,ORD82600
2023-05-01,Home,Furniture,East,Eve Wilson,13,739.31,0.13,8397.95,4198.24,4199.71,CUST6212,ORD94084
2023-09-30,Electronics,Laptop,East,Carol Davis,7,445.4,0.26,2310.24,997.67,1312.57,CUST7526,ORD51138
2024-08-21,Electronics,Headphones,East,Eve Wilson,9,117.43,0.17,872.85,426.36,446.49,CUST5199,ORD21161
2024-09-05,Home,Kitchen,North,Carol Davis,20,624.64,0.19,10096.91,5795.43,4301.48,CUST9942,ORD77622
2023-05-05,Home,Garden,West,Eve Wilson,14,69.72,0.24,745.65,303.67,441.98,CUST2265,ORD31572
2023-08-31,Clothing,T-Shirt,North,Alice Johnson,18,852.83,0.06,14371.09,9367.35,5003.73,CUST7763,ORD87740
2023-09-05,Electronics,Tablet,South,Alice Johnson,7,101.61,0.28,512.37,251.88,260.48,CUST4931,ORD43264
2024-01-07,Home,Appliances,South,Carol Davis,12,245.13,0.26,2177.42,1446.02,731.4,CUST6921,ORD78091
2023-12-03,Clothing,Hat,East,David Brown,16,560.45,0.07,8299.23,3335.89,4963.34,CUST8170,ORD39028
2023-01-29,Clothing,Jacket,West,David Brown,12,150.23,0.11,1599.46,780.1,819.35,CUST3504,ORD11706
2024-08-17,Books,Non-Fiction,North,Carol Davis,12,854.43,0.3,7221.25,4856.11,2365.15,CUST8347,ORD88659
2023-05-06,Home,Kitchen,Central,Carol Davis,5,448.83,0.16,1887.82,913.06,974.75,CUST5015,ORD98987
2023-02-04,Electronics,Laptop,East,Carol Davis,2,279.59,0.0,556.51,307.89,248.61,CUST1888,ORD16165
2023-01-08,Electronics,Headphones,East,Carol Davis,15,539.47,0.24,6175.85,4288.15,1887.7,CUST7298,ORD94668
2024-03-07,Electronics,Phone,West,Carol Davis,19,637.04,0.06,11349.04,7026.96,4322.07,CUST9381,ORD81209
2024-04-11,Clothing,Jeans,South,David Brown,8,289.13,0.06,2182.12,1075.23,1106.9,CUST6655,ORD11690
2023-04-30,Books,Biography,South,Eve Wilson,6,881.31,0.02,5207.33,2525.43,2681.91,CUST7035,ORD54085
2024-07-28,Clothing,Shoes,Central,Eve Wilson,5,163.55,0.07,757.33,461.94,295.39,CUST1727,ORD83454
2024-05-09,Clothing,Hat,West,David Brown,10,909.8,0.21,7175.0,3504.64,3670.36,CUST3295,ORD11686
2024-07-09,Electronics,Tablet,North,Bob Smith,10,929.46,0.11,8243.78,3938.68,4305.11,CUST2625,ORD18258
2023-05-25,Books,Fiction,West,Eve Wilson,18,98.57,0.23,1373.48,726.82,646.66,CUST1455,ORD86668
2023-03-02,Sports,Soccer,West,Carol Davis,7,500.01,0.13,3051.29,1742.08,1309.22,CUST1007,ORD59801
2023-05-30,Clothing,Jacket,North,Alice Johnson,19,229.46,0.13,3784.2,2564.85,1219.35,CUST2762,ORD63814
2023-09-27,Sports,Football,East,David Brown,8,63.9,0.18,418.42,260.25,158.18,CUST9897,ORD31644
2024-06-03,Sports,Golf,East,Bob Smith,11,85.82,0.04,905.27,474.99,430.28,CUST5278,ORD62786
2024-12-20,Clothing,Shoes,West,Carol Davis,1,351.83,0.05,334.54,196.68,137.86,CUST9434,ORD72896
2023-12-08,Electronics,Tablet,Central,Alice Johnson,15,467.36,0.21,5520.94,3635.48,1885.46,CUST6833,ORD53023
2023-06-16,Clothing,T-Shirt,South,David Brown,4,32.5,0.13,113.34,51.28,62.06,CUST6904,ORD96571
2024-02-29,Sports,Tennis,Central,Alice Johnson,10,615.86,0.06,5782.71,3897.74,1884.97,CUST8562,ORD17615
2023-08-18,Electronics,Tablet,North,Alice Johnson,9,998.9,0.29,6361.68,3488.46,2873.22,CUST2587,ORD53755
2023-06-19,Electronics,Camera,North,Eve Wilson,17,588.96,0.15,8460.39,3993.07,4467.33,CUST2706,ORD49246
2023-09-04,Books,Fiction,Central,Bob Smith,10,757.08,0.19,6107.1,3182.58,2924.52,CUST8760,ORD96432
2024-11-14,Books,History,West,Alice Johnson,10,494.91,0.18,4082.64,1675.52,2407.13,CUST2170,ORD70464
2024-03-29,Sports,Tennis,South,David Brown,20,228.86,0.23,3512.15,1792.79,1719.37,CUST9103,ORD15696
2024-04-25,Home,Kitchen,North,Alice Johnson,12,154.47,0.13,1606.99,1088.26,518.73,CUST9131,ORD44011
2023-05-16,Electronics,Laptop,South,Eve Wilson,7,144.12,0.12,885.45,592.73,292.72,CUST7236,ORD87161
2023-03-22,Sports,Tennis,East,Eve Wilson,7,526.96,0.22,2892.48,1826.46,1066.02,CUST3878,ORD74874
2024-03-31,Home,Appliances,East,Bob Smith,13,355.72,0.28,3317.98,2025.66,1292.32,CUST2974,ORD34366
2023-05-08,Books,Fiction,North,Bob Smith,19,189.75,0.1,3253.14,1351.31,1901.83,CUST4407,ORD22840
2023-01-25,Electronics,Camera,East,Bob Smith,17,300.79,0.02,5014.83,3299.66,1715.16,CUST4978,ORD56299
2024-10-18,Clothing,Shoes,North,Carol Davis,18,231.14,0.19,3354.55,2142.87,1211.68,CUST6464,ORD45139
2023-03-05,Electronics,Headphones,South,Alice Johnson,16,91.17,0.28,1051.07,615.01,436.05,CUST6479,ORD46186
2023-10-05,Books,Non-Fiction,East,Eve Wilson,8,568.59,0.29,3251.0,2041.33,1209.67,CUST2515,ORD60889
2024-06-04,Sports,Golf,South,Carol Davis,3,340.4,0.11,910.33,599.04,311.28,CUST7442,ORD49500
2023-04-28,Clothing,T-Shirt,West,Carol Davis,6,297.78,0.26,1317.33,818.64,498.69,CUST7624,ORD74974
2023-08-09,Clothing,Hat,Central,Bob Smith,17,573.52,0.1,8792.71,5435.7,3357.01,CUST5848,ORD68485
2023-05-02,Sports,Football,South,Carol Davis,17,313.87,0.15,4535.97,2803.07,1732.9,CUST8967,ORD26159
2023-12-14,Sports,Golf,North,Carol Davis,1,289.96,0.22,225.83,108.64,117.19,CUST6398,ORD98090
2023-08-03,Sports,Soccer,South,Eve Wilson,8,435.46,0.16,2910.6,1867.01,1043.59,CUST2804,ORD17527
2024-02-10,Books,Fiction,East,Alice Johnson,15,220.66,0.08,3045.1,1479.71,1565.39,CUST3867,ORD32925
2023-07-06,Clothing,Shoes,East,Alice Johnson,17,476.16,0.29,5715.31,3609.22,2106.1,CUST8063,ORD58488
2024-11-23,Home,Decor,South,David Brown,4,385.17,0.2,1225.57,708.24,517.32,CUST9133,ORD84016
2024-06-23,Home,Furniture,South,Carol Davis,15,31.06,0.23,359.34,233.19,126.14,CUST5956,ORD59932
2024-02-02,Clothing,Jacket,North,Carol Davis,20,971.85,0.26,14449.07,6567.16,7881.91,CUST3321,ORD69374
2024-02-03,Books,Science,Central,Bob Smith,16,410.28,0.09,5962.94,3158.49,2804.45,CUST4288,ORD27610
2024-06-28,Home,Kitchen,Central,David Brown,20,358.33,0.26,5301.27,2690.15,2611.12,CUST6175,ORD76674
2024-12-04,Electronics,Camera,East,Eve Wilson,20,599.15,0.17,9979.21,4590.01,5389.19,CUST3855,ORD70862
2024-10-13,Sports,Tennis,Central,Bob Smith,16,777.99,0.16,10432.05,5831.83,4600.22,CUST4019,ORD38157
2023-10-14,Sports,Basketball,West,Alice Johnson,9,36.7,0.15,279.99,164.89,115.1,CUST7218,ORD47314
2024-09-30,Home,Decor,East,Bob Smith,12,57.91,0.27,505.99,229.94,276.05,CUST9328,ORD66235
2024-12-19,Books,Biography,South,Bob Smith,11,633.54,0.07,6514.23,4070.62,2443.61,CUST2843,ORD66201
2023-08-09,Clothing,Hat,North,Eve Wilson,19,314.84,0.11,5322.57,2781.51,2541.06,CUST7958,ORD34095
2023-07-04,Home,Furniture,South,Bob Smith,11,311.12,0.12,3024.21,1337.7,1686.51,CUST4564,ORD84212
2023-06-20,Books,Fiction,North,David Brown,7,516.84,0.24,2758.57,1395.92,1362.65,CUST2037,ORD80410
2023-06-26,Electronics,Headphones,East,Carol Davis,13,180.67,0.25,1750.96,1208.23,542.73,CUST9313,ORD59936
2023-02-15,Books,Biography,North,David Brown,20,538.3,0.02,10518.7,5374.41,5144.29,CUST9690,ORD63890
2023-08-22,Electronics,Headphones,West,David Brown,2,262.56,0.28,379.1,174.42,204.68,CUST9685,ORD59053
2023-07-28,Sports,Golf,Central,Bob Smith,6,122.39,0.17,607.0,392.66,214.35,CUST5999,ORD33551
2024-01-02,Sports,Golf,East,Alice Johnson,19,601.44,0.11,10137.33,5210.13,4927.2,CUST6891,ORD74416
2024-01-16,Home,Decor,Central,Eve Wilson,10,476.2,0.23,3650.63,1783.89,1866.74,CUST5415,ORD31949
2023-06-02,Books,History,South,Eve Wilson,8,421.47,0.3,2363.57,1328.03,1035.54,CUST9346,ORD98044
2024-07-29,Books,History,North,Eve Wilson,20,433.2,0.15,7351.27,3669.84,3681.42,CUST8079,ORD46951
2024-10-15,Clothing,Hat,West,Alice Johnson,14,347.08,0.28,3499.45,2165.05,1334.4,CUST6599,ORD55471
2023-06-03,Clothing,Hat,North,Carol Davis,9,338.31,0.01,3028.42,1764.28,1264.14,CUST7416,ORD90433
2023-07-20,Home,Appliances,Central,Alice Johnson,4,715.41,0.07,2667.27,1327.48,1339.79,CUST5447,ORD92156
2023-01-16,Electronics,Headphones,West,Bob Smith,6,403.63,0.14,2084.37,1084.57,999.79,CUST4980,ORD68886
2023-09-15,Clothing,Jeans,East,Bob Smith,1,847.09,0.23,648.19,336.36,311.82,CUST6119,ORD97570
2024-07-16,Electronics,Laptop,South,Carol Davis,6,292.64,0.1,1576.78,1067.04,509.74,CUST5096,ORD16036
2024-11-17,Books,Fiction,West,Eve Wilson,14,872.47,0.15,10352.79,5326.76,5026.03,CUST1393,ORD48096
2024-11-04,Books,Biography,East,David Brown,15,229.79,0.14,2956.46,1267.56,1688.9,CUST9707,ORD82638
2023-09-30,Books,Science,West,Carol Davis,19,497.83,0.29,6707.88,4683.25,2024.63,CUST7221,ORD57727
2024-10-11,Books,Biography,East,Bob Smith,16,248.82,0.03,3849.36,1768.32,2081.04,CUST9819,ORD44041
2023-04-20,Electronics,Laptop,Central,Carol Davis,15,723.09,0.03,10488.6,5122.67,5365.93,CUST5772,ORD11182
2023-11-16,Books,Biography,North,David Brown,19,800.48,0.1,13760.81,6677.79,7083.02,CUST4392,ORD12811
2023-11-30,Clothing,Hat,Central,Bob Smith,14,731.78,0.08,9452.79,5736.86,3715.93,CUST4206,ORD41186
2023-03-05,Clothing,Hat,Central,Eve Wilson,20,653.83,0.21,10337.56,6331.58,4005.98,CUST8922,ORD45693
2023-01-23,Books,Fiction,Central,Carol Davis,1,176.49,0.07,163.88,84.51,79.37,CUST7167,ORD70037
2023-10-24,Electronics,Laptop,West,David Brown,3,518.74,0.01,1544.66,1041.29,503.37,CUST8683,ORD40639
2023-07-15,Electronics,Headphones,Central,Eve Wilson,14,46.49,0.07,602.39,248.06,354.33,CUST9212,ORD62471
2023-08-24,Books,Non-Fiction,West,Eve Wilson,20,945.49,0.3,13327.97,5646.39,7681.58,CUST5138,ORD24219
2024-03-20,Sports,Golf,South,Alice Johnson,3,625.61,0.19,1525.77,1042.57,483.2,CUST6545,ORD17109
2023-10-22,Sports,Tennis,West,Alice Johnson,13,363.29,0.29,3351.43,2268.19,1083.24,CUST3002,ORD44198
2023-05-25,Books,History,North,Bob Smith,9,350.96,0.26,2322.04,1472.31,849.73,CUST1139,ORD69135
2023-05-12,Clothing,Jeans,Central,Eve Wilson,1,165.23,0.23,126.59,84.39,42.2,CUST5077,ORD35000
2024-08-13,Electronics,Laptop,Central,Eve Wilson,1,215.38,0.19,173.54,102.94,70.61,CUST1251,ORD45814
2024-01-07,Sports,Basketball,East,Alice Johnson,10,240.4,0.12,2105.3,1347.32,757.98,CUST2765,ORD62280
2023-12-03,Sports,Tennis,Central,Bob Smith,14,192.3,0.15,2290.98,1421.22,869.77,CUST3436,ORD37069
2023-12-02,Home,Appliances,West,Bob Smith,20,984.58,0.26,14547.7,9404.16,5143.54,CUST3894,ORD28089
2024-02-29,Clothing,Jeans,East,Carol Davis,1,940.76,0.2,756.82,303.27,453.55,CUST4105,ORD87483
2023-11-21,Electronics,Tablet,South,Eve Wilson,8,709.27,0.01,5634.14,2393.62,3240.52,CUST5447,ORD81777
2023-10-20,Sports,Golf,Central,Alice Johnson,5,92.17,0.27,334.33,229.08,105.24,CUST2507,ORD49887
2023-06-12,Books,Biography,West,Carol Davis,10,367.09,0.16,3075.04,1658.22,1416.82,CUST9481,ORD42184
2023-07-31,Home,Garden,South,Alice Johnson,5,966.37,0.07,4501.93,2515.11,1986.82,CUST9945,ORD34902
2024-07-16,Sports,Basketball,West,Bob Smith,10,71.78,0.23,555.58,352.13,203.45,CUST1350,ORD52033
2024-12-31,Clothing,T-Shirt,South,Carol Davis,15,399.57,0.02,5895.03,3107.72,2787.3,CUST8793,ORD24566
2023-12-05,Electronics,Headphones,West,Eve Wilson,13,296.91,0.22,2997.88,1964.58,1033.29,CUST5001,ORD76932
2024-04-17,Books,Fiction,South,Alice Johnson,6,958.66,0.16,4859.99,2773.9,2086.09,CUST6416,ORD82051
2023-01-20,Electronics,Phone,North,Bob Smith,16,323.87,0.04,4958.88,2490.05,2468.83,CUST3607,ORD79359
2024-01-26,Books,Non-Fiction,North,Carol Davis,9,238.81,0.08,1982.43,1309.87,672.56,CUST9278,ORD72549
2023-09-01,Electronics,Laptop,South,Bob Smith,12,715.46,0.08,7866.19,4958.84,2907.36,CUST6487,ORD43096
2023-09-03,Clothing,Shoes,North,Carol Davis,17,217.29,0.05,3520.21,1789.19,1731.01,CUST3775,ORD65674
2023-10-14,Sports,Tennis,South,Alice Johnson,3,701.97,0.25,1588.14,1022.92,565.22,CUST5280,ORD56868
2023-12-16,Home,Furniture,South,Alice Johnson,12,339.85,0.24,3085.52,1282.46,1803.05,CUST8949,ORD10908
2023-01-11,Home,Appliances,North,Carol Davis,1,838.29,0.1,752.51,504.31,248.19,CUST4409,ORD36216
2023-04-24,Home,Appliances,East,Alice Johnson,7,565.75,0.04,3813.08,2313.48,1499.6,CUST9056,ORD62950
2024-03-02,Home,Garden,East,Alice Johnson,9,907.15,0.09,7392.08,3106.84,4285.25,CUST8934,ORD14554
2023-11-28,Books,History,East,Carol Davis,12,760.07,0.19,7365.64,4840.62,2525.02,CUST4114,ORD22687
2024-05-08,Sports,Soccer,South,David Brown,10,479.73,0.16,4052.97,2687.97,1365.0,CUST2537,ORD10905
2024-10-19,Electronics,Laptop,Central,Eve Wilson,16,387.43,0.3,4353.02,1977.56,2375.46,CUST5785,ORD72427
2024-10-22,Home,Decor,East,David Brown,7,199.03,0.09,1264.29,863.67,400.62,CUST8979,ORD56260
2024-07-29,Electronics,Laptop,Central,Eve Wilson,5,808.49,0.2,3253.59,1521.13,1732.46,CUST5997,ORD14757
2024-08-21,Clothing,Shoes,East,David Brown,1,568.52,0.29,406.29,249.95,156.34,CUST1627,ORD35462
2023-02-01,Sports,Soccer,East,David Brown,11,219.87,0.28,1736.95,1099.68,637.27,CUST5747,ORD30988
2024-05-06,Sports,Soccer,Central,Alice Johnson,12,917.64,0.21,8728.44,4768.92,3959.53,CUST3760,ORD31324
2023-01-14,Books,Biography,South,Carol Davis,14,932.51,0.26,9721.93,4879.62,4842.3,CUST5930,ORD60056
2023-02-27,Books,Fiction,South,David Brown,17,394.98,0.18,5523.07,3729.8,1793.27,CUST7621,ORD69108
2023-09-04,Electronics,Phone,North,Bob Smith,20,930.02,0.25,13923.7,8661.6,5262.11,CUST6375,ORD16981
2023-06-10,Electronics,Laptop,Central,Carol Davis,3,477.39,0.18,1174.27,721.68,452.59,CUST8534,ORD90018
2023-04-05,Electronics,Laptop,East,Eve Wilson,20,499.36,0.28,7152.9,4347.58,2805.32,CUST4424,ORD70780
2023-09-11,Books,Non-Fiction,East,Bob Smith,7,172.79,0.25,903.86,424.73,479.13,CUST4359,ORD97274
2023-03-27,Home,Garden,West,Bob Smith,7,658.75,0.08,4233.39,2546.07,1687.32,CUST1015,ORD46948
2024-05-09,Home,Decor,North,Alice Johnson,17,481.17,0.13,7151.38,4306.49,2844.89,CUST6626,ORD45570
2024-06-19,Books,Science,Central,Alice Johnson,5,103.35,0.05,493.17,208.57,284.61,CUST2922,ORD63616
2024-03-02,Electronics,Camera,East,Bob Smith,14,767.18,0.06,10088.48,4629.69,5458.78,CUST4806,ORD88391
2024-11-17,Clothing,Jeans,North,Bob Smith,20,133.11,0.25,1984.58,1297.1,687.49,CUST3925,ORD29570
2023-12-29,Clothing,Jacket,South,David Brown,12,751.41,0.07,8402.96,4357.81,4045.14,CUST8823,ORD68754
2024-08-09,Electronics,Tablet,East,Alice Johnson,5,317.04,0.04,1520.21,931.04,589.17,CUST1199,ORD41825
2024-11-10,Clothing,T-Shirt,Central,Carol Davis,9,300.04,0.12,2378.69,1557.19,821.51,CUST8031,ORD47587
2024-05-26,Electronics,Camera,North,Eve Wilson,16,242.39,0.3,2729.23,1669.65,1059.58,CUST4404,ORD43544
2024-01-12,Sports,Football,South,Bob Smith,8,71.3,0.2,458.57,290.17,168.4,CUST3637,ORD71206
2023-06-22,Home,Appliances,South,Eve Wilson,11,487.62,0.19,4337.85,3032.74,1305.11,CUST3326,ORD54966
2024-08-23,Home,Furniture,East,Carol Davis,12,26.7,0.22,248.55,136.48,112.07,CUST8670,ORD64025
2024-08-15,Electronics,Phone,East,Carol Davis,2,868.2,0.02,1704.55,1011.1,693.45,CUST9188,ORD21849
2023-10-31,Home,Furniture,Central,Eve Wilson,11,808.5,0.24,6720.26,2764.15,3956.11,CUST7632,ORD66828
2024-02-14,Home,Garden,East,Alice Johnson,7,53.08,0.13,321.97,153.75,168.23,CUST9659,ORD49591
2023-05-27,Sports,Football,East,Eve Wilson,14,212.64,0.03,2889.73,1859.1,1030.62,CUST2813,ORD83460
2023-01-14,Books,Non-Fiction,North,Eve Wilson,6,829.2,0.19,4045.63,2761.61,1284.02,CUST4685,ORD80493
2023-11-11,Books,History,South,Eve Wilson,14,441.3,0.12,5430.25,2718.99,2711.26,CUST6705,ORD61743
2023-02-16,Sports,Football,Central,Eve Wilson,16,12.25,0.18,161.37,108.57,52.8,CUST6646,ORD42447
2024-04-03,Sports,Football,South,Carol Davis,10,198.36,0.03,1922.91,827.14,1095.77,CUST6035,ORD39269
2023-05-03,Books,Biography,South,Carol Davis,20,260.05,0.03,5020.4,3259.72,1760.68,CUST4361,ORD86978
2024-10-15,Home,Kitchen,North,David Brown,18,941.02,0.26,12570.79,6261.93,6308.86,CUST9513,ORD25684
2024-11-17,Books,Biography,South,Carol Davis,13,85.62,0.28,803.51,407.27,396.24,CUST8577,ORD44105
2023-08-20,Electronics,Laptop,Central,Bob Smith,20,372.67,0.04,7191.79,3431.85,3759.94,CUST5111,ORD35369
2024-03-12,Sports,Soccer,East,David Brown,3,214.19,0.24,485.5,222.07,263.43,CUST3169,ORD44577
2023-06-24,Clothing,T-Shirt,North,David Brown,17,864.14,0.11,13088.68,7695.63,5393.05,CUST2836,ORD52084
2024-04-06,Sports,Soccer,North,Alice Johnson,10,24.28,0.07,225.61,117.48,108.13,CUST3537,ORD81748
2023-04-08,Electronics,Tablet,East,Eve Wilson,14,921.38,0.18,10628.46,4730.62,5897.84,CUST9256,ORD66876
2023-07-27,Clothing,Hat,West,Carol Davis,15,785.64,0.03,11434.56,7121.19,4313.37,CUST2956,ORD50033
2023-12-05,Home,Garden,West,Bob Smith,11,667.89,0.28,5313.05,2661.28,2651.77,CUST9042,ORD78661
2024-03-25,Electronics,Camera,Central,Carol Davis,8,75.92,0.14,523.92,298.17,225.75,CUST2949,ORD31482
2024-01-31,Clothing,Hat,North,David Brown,20,522.11,0.07,9743.04,6243.22,3499.82,CUST1061,ORD68393
2024-08-16,Sports,Golf,East,Alice Johnson,13,877.41,0.11,10169.39,4871.71,5297.68,CUST5065,ORD58082
2024-08-11,Clothing,Hat,North,Alice Johnson,20,857.89,0.17,14200.59,7553.61,6646.98,CUST3018,ORD60831
2024-07-30,Clothing,Hat,East,Bob Smith,6,948.56,0.24,4341.71,2563.97,1777.74,CUST4291,ORD77504
2023-08-09,Electronics,Camera,Central,Eve Wilson,2,200.38,0.27,291.56,122.41,169.15,CUST6989,ORD46922
2024-08-15,Home,Decor,Central,David Brown,2,179.59,0.27,263.26,126.05,137.21,CUST4782,ORD45005
2024-08-06,Home,Garden,Central,Eve Wilson,20,44.39,0.29,627.84,341.61,286.24,CUST4502,ORD93837
2023-03-31,Sports,Soccer,South,Carol Davis,3,662.74,0.29,1416.93,619.26,797.67,CUST7041,ORD38866
2023-12-26,Clothing,Hat,Central,Carol Davis,19,553.99,0.28,7574.61,3825.23,3749.38,CUST5769,ORD77820
2023-08-22,Sports,Tennis,South,Carol Davis,9,602.73,0.16,4575.43,2551.42,2024.01,CUST2340,ORD59659
2023-05-20,Electronics,Headphones,Central,Eve Wilson,10,148.17,0.02,1455.26,855.8,599.46,CUST1526,ORD79274
2023-10-05,Electronics,Phone,Central,Bob Smith,1,13.85,0.08,12.73,7.14,5.59,CUST8429,ORD16039
2023-12-30,Clothing,Jacket,North,Alice Johnson,2,384.41,0.09,701.08,425.49,275.59,CUST4091,ORD72018
2023-11-02,Books,Biography,North,Eve Wilson,10,927.03,0.16,7779.41,5394.49,2384.92,CUST6526,ORD99157
2023-01-16,Clothing,Hat,Central,Carol Davis,8,167.29,0.25,1003.25,427.82,575.42,CUST7756,ORD75471
2023-11-18,Books,Fiction,East,Eve Wilson,4,601.05,0.19,1947.6,1133.44,814.15,CUST2277,ORD68229
2023-09-03,Clothing,T-Shirt,West,Carol Davis,14,651.29,0.06,8602.87,5951.76,2651.11,CUST2973,ORD28422
2023-08-04,Electronics,Tablet,South,Bob Smith,11,850.63,0.02,9154.38,5505.19,3649.19,CUST6048,ORD10437
2024-09-17,Books,Fiction,North,Bob Smith,13,468.06,0.25,4583.17,2272.64,2310.53,CUST2659,ORD70780
2023-01-16,Sports,Soccer,North,Alice Johnson,3,565.98,0.17,1415.33,826.79,588.54,CUST4871,ORD37519
2023-09-02,Clothing,Jeans,South,Alice Johnson,6,189.07,0.22,880.61,578.73,301.87,CUST9882,ORD33823
2023-08-13,Clothing,Jeans,East,Eve Wilson,12,262.27,0.15,2681.2,1101.07,1580.13,CUST6539,ORD12667
2024-11-21,Clothing,Jeans,West,David Brown,8,373.04,0.14,2581.27,1522.89,1058.38,CUST9408,ORD38478
2024-03-29,Electronics,Tablet,Central,Eve Wilson,10,68.99,0.01,682.39,376.87,305.52,CUST6727,ORD71749
2024-06-09,Clothing,Shoes,North,Bob Smith,2,101.95,0.13,177.78,88.75,89.03,CUST5122,ORD87133
2024-05-22,Home,Furniture,North,David Brown,8,230.76,0.21,1451.17,768.98,682.18,CUST2695,ORD52049
2024-02-29,Home,Kitchen,North,Eve Wilson,12,637.32,0.07,7113.88,3895.75,3218.13,CUST1851,ORD46001
2023-09-28,Home,Furniture,East,Eve Wilson,3,83.17,0.12,219.91,122.47,97.44,CUST8380,ORD42949
2023-07-19,Electronics,Headphones,South,Alice Johnson,6,359.25,0.02,2106.82,1252.2,854.61,CUST1149,ORD52323
2023-03-18,Home,Appliances,West,Carol Davis,5,633.5,0.13,2756.84,1397.57,1359.28,CUST3186,ORD37499
2024-09-05,Books,History,West,Eve Wilson,15,718.18,0.02,10518.72,6963.35,3555.38,CUST6208,ORD53897
2023-07-19,Books,Biography,Central,Carol Davis,10,51.18,0.04,493.76,204.54,289.23,CUST8495,ORD50695
2023-05-27,Electronics,Camera,West,Eve Wilson,10,556.16,0.07,5163.42,2336.59,2826.83,CUST4145,ORD45293
2023-05-01,Books,Science,Central,Carol Davis,14,131.65,0.15,1565.98,784.24,781.74,CUST4846,ORD84870
2023-12-31,Clothing,T-Shirt,Central,David Brown,3,273.04,0.27,599.75,358.39,241.36,CUST6416,ORD32091
2023-05-29,Clothing,Jeans,North,Carol Davis,4,990.55,0.1,3576.26,2280.32,1295.94,CUST5946,ORD11941
2023-10-13,Books,Fiction,Central,David Brown,13,619.22,0.24,6100.66,3283.58,2817.08,CUST7040,ORD55882
2023-02-04,Books,Non-Fiction,West,David Brown,5,483.81,0.23,1863.29,1103.93,759.36,CUST4998,ORD76557
2023-08-26,Home,Decor,Central,Carol Davis,8,120.54,0.02,948.18,523.65,424.54,CUST1031,ORD96582
2024-10-11,Electronics,Headphones,North,David Brown,1,206.13,0.15,175.04,82.86,92.18,CUST4925,ORD48171
2023-06-22,Electronics,Phone,South,David Brown,4,208.54,0.03,805.16,432.99,372.17,CUST1600,ORD61544
2024-02-06,Electronics,Headphones,East,Bob Smith,14,48.51,0.04,652.95,313.41,339.54,CUST8927,ORD83294
2024-06-23,Sports,Football,West,David Brown,13,292.53,0.14,3284.47,2274.23,1010.24,CUST8011,ORD30547
2023-12-23,Sports,Tennis,South,Eve Wilson,3,382.4,0.01,1136.38,757.42,378.96,CUST6922,ORD51671
2024-05-26,Home,Furniture,South,Carol Davis,1,324.6,0.14,279.57,157.13,122.44,CUST8644,ORD31859
2023-09-06,Sports,Golf,Central,David Brown,3,888.85,0.02,2620.6,1657.41,963.19,CUST1850,ORD27951
2023-04-22,Home,Garden,Central,Carol Davis,20,83.48,0.3,1169.72,812.79,356.94,CUST2870,ORD45037
2023-02-25,Electronics,Tablet,East,Carol Davis,3,566.49,0.06,1601.14,848.24,752.89,CUST6100,ORD82231
2023-03-27,Electronics,Phone,Central,Alice Johnson,12,293.51,0.02,3459.94,1975.78,1484.15,CUST4262,ORD32916
2023-05-25,Clothing,Jeans,Central,David Brown,4,702.09,0.25,2099.55,1306.9,792.65,CUST7044,ORD21385
2024-03-13,Home,Decor,North,Alice Johnson,12,420.02,0.09,4589.64,2703.87,1885.78,CUST3952,ORD99954
2023-07-01,Electronics,Phone,Central,Eve Wilson,15,694.95,0.0,10393.72,7166.52,3227.2,CUST5031,ORD33869
2024-04-12,Clothing,Shoes,East,Eve Wilson,13,435.36,0.01,5613.15,3926.6,1686.55,CUST2354,ORD92062
2024-08-03,Home,Furniture,North,Eve Wilson,17,632.13,0.21,8466.07,4612.13,3853.93,CUST1792,ORD20969
2024-11-27,Books,History,East,Carol Davis,3,20.71,0.18,50.73,30.81,19.93,CUST2182,ORD27155
2024-01-16,Clothing,Jeans,South,Alice Johnson,17,359.75,0.25,4614.24,2190.8,2423.44,CUST3960,ORD55311
2024-08-26,Electronics,Phone,East,Carol Davis,1,866.32,0.06,813.69,402.24,411.45,CUST9783,ORD65584
2023-04-05,Books,Biography,West,Bob Smith,16,587.84,0.05,8904.17,3812.52,5091.65,CUST2242,ORD70704
2024-09-15,Home,Garden,South,Carol Davis,10,820.48,0.15,6976.33,3018.42,3957.91,CUST9863,ORD81899
2023-01-16,Home,Decor,Central,David Brown,13,395.13,0.12,4509.41,2104.57,2404.84,CUST8571,ORD67861
2024-08-18,Sports,Tennis,East,Eve Wilson,16,280.64,0.29,3177.34,1445.97,1731.37,CUST6628,ORD93020
2024-04-26,Clothing,Jeans,Central,Eve Wilson,1,792.15,0.15,669.73,307.19,362.54,CUST8200,ORD83658
2024-08-13,Home,Kitchen,South,Alice Johnson,7,167.0,0.19,942.89,488.73,454.16,CUST9313,ORD96205
2024-04-22,Electronics,Headphones,East,David Brown,13,211.22,0.17,2276.41,1339.31,937.1,CUST1844,ORD99310
2024-10-22,Electronics,Laptop,North,Bob Smith,15,846.64,0.07,11808.66,5316.31,6492.34,CUST9175,ORD81233
2023-08-12,Electronics,Headphones,North,Carol Davis,18,284.22,0.3,3593.83,2003.52,1590.31,CUST2975,ORD96022
2024-01-16,Home,Kitchen,North,Alice Johnson,12,241.42,0.29,2047.92,1152.59,895.33,CUST1906,ORD31873
2024-04-26,Home,Kitchen,East,David Brown,4,873.57,0.03,3395.96,1614.51,1781.46,CUST9204,ORD60920
2023-05-18,Home,Kitchen,South,Carol Davis,19,779.79,0.21,11762.0,5607.02,6154.99,CUST4504,ORD86506
2023-09-17,Books,Science,South,David Brown,14,574.92,0.24,6102.03,4182.76,1919.27,CUST9802,ORD27037
2023-04-23,Clothing,T-Shirt,West,Bob Smith,19,757.06,0.26,10580.34,6385.13,4195.21,CUST9864,ORD73504
2024-04-15,Clothing,T-Shirt,South,Bob Smith,20,222.5,0.0,4448.11,2123.42,2324.7,CUST8268,ORD93974
2024-02-20,Electronics,Tablet,West,David Brown,12,473.67,0.24,4337.76,2150.9,2186.86,CUST8745,ORD96220
2023-09-18,Home,Kitchen,East,Eve Wilson,11,193.83,0.1,1929.52,1134.57,794.95,CUST3189,ORD39758
2024-01-17,Electronics,Headphones,Central,Carol Davis,2,115.57,0.25,172.95,69.47,103.48,CUST9571,ORD49392
2024-07-29,Home,Decor,East,Alice Johnson,10,803.62,0.04,7742.01,4416.81,3325.2,CUST8858,ORD52411
2024-05-25,Home,Decor,Central,Bob Smith,7,410.94,0.05,2744.46,1258.45,1486.01,CUST9873,ORD21550
2024-11-23,Clothing,Hat,Central,Bob Smith,7,948.82,0.29,4743.49,3114.41,1629.08,CUST7044,ORD80914
2023-01-07,Sports,Football,East,Bob Smith,9,983.54,0.1,7969.75,4395.63,3574.12,CUST7277,ORD28388
2024-04-17,Clothing,Jeans,South,Alice Johnson,8,411.52,0.01,3245.72,1930.58,1315.14,CUST7365,ORD19623
2023-07-24,Books,Non-Fiction,West,Carol Davis,9,728.72,0.03,6345.58,2699.62,3645.96,CUST7549,ORD63214
2024-04-19,Electronics,Camera,Central,Alice Johnson,20,290.62,0.23,4479.57,1870.94,2608.62,CUST8754,ORD56183
2023-10-24,Home,Garden,North,Carol Davis,7,726.47,0.27,3688.94,2366.68,1322.26,CUST6735,ORD47603
2024-12-09,Electronics,Headphones,Central,Carol Davis,3,565.72,0.22,1316.78,552.67,764.12,CUST6430,ORD12347
2024-11-13,Electronics,Camera,South,Carol Davis,18,829.38,0.27,10849.17,6524.16,4325.01,CUST4959,ORD64528
2024-04-05,Sports,Basketball,West,David Brown,1,170.0,0.07,157.82,103.16,54.66,CUST3027,ORD47135
2023-07-10,Sports,Golf,West,David Brown,9,56.92,0.19,417.11,262.26,154.85,CUST6688,ORD49659
2023-07-14,Electronics,Phone,West,Eve Wilson,1,735.24,0.23,565.23,386.67,178.55,CUST9547,ORD76476
2024-09-20,Sports,Basketball,West,David Brown,18,636.49,0.25,8565.09,5905.4,2659.7,CUST9048,ORD13277
2023-07-26,Clothing,Jeans,South,Carol Davis,4,149.58,0.19,482.28,205.84,276.44,CUST5269,ORD33671
2023-11-12,Sports,Soccer,Central,Bob Smith,2,710.75,0.12,1256.29,538.11,718.18,CUST8638,ORD76279
2024-05-28,Sports,Tennis,East,Bob Smith,5,91.32,0.17,376.88,206.99,169.9,CUST1092,ORD46850
2024-07-20,Electronics,Camera,South,David Brown,15,705.81,0.18,8666.11,5126.26,3539.84,CUST8370,ORD28513
2023-04-23,Books,Science,South,Carol Davis,18,433.49,0.3,5489.75,2921.2,2568.56,CUST2540,ORD57947
2023-05-02,Electronics,Phone,South,Bob Smith,1,704.62,0.0,701.54,357.39,344.14,CUST9185,ORD86163
2023-06-02,Clothing,Shoes,East,Eve Wilson,17,895.49,0.15,13010.49,7859.27,5151.21,CUST5122,ORD82176
2024-11-15,Sports,Soccer,East,Eve Wilson,4,636.83,0.17,2122.92,1251.26,871.66,CUST6421,ORD80297
2024-12-16,Home,Furniture,West,Eve Wilson,16,642.98,0.2,8249.31,3344.72,4904.59,CUST8328,ORD90127
2023-09-01,Electronics,Laptop,South,Bob Smith,2,536.98,0.16,898.2,521.35,376.85,CUST4731,ORD57588
2024-10-31,Sports,Soccer,West,Alice Johnson,11,480.12,0.01,5227.72,2350.38,2877.34,CUST2211,ORD58603
2023-07-11,Home,Decor,East,Carol Davis,16,158.91,0.05,2412.01,1545.99,866.02,CUST8921,ORD26333
2024-11-24,Sports,Tennis,North,Alice Johnson,13,575.23,0.28,5420.19,2906.4,2513.79,CUST5044,ORD92700
2023-06-18,Sports,Soccer,Central,Bob Smith,10,958.91,0.28,6891.72,3237.95,3653.77,CUST4609,ORD58350
2023-12-25,Home,Garden,North,Carol Davis,14,555.76,0.13,6757.66,3677.84,3079.82,CUST4027,ORD20454
2023-07-08,Home,Furniture,South,Carol Davis,12,536.35,0.06,6076.23,3330.76,2745.47,CUST2634,ORD39684
2024-05-14,Home,Appliances,East,Eve Wilson,10,927.28,0.15,7911.49,5049.84,2861.65,CUST3580,ORD65486
2024-12-23,Books,History,East,David Brown,19,441.57,0.0,8356.96,5274.76,3082.2,CUST6277,ORD15378
2024-01-29,Clothing,Hat,Central,Carol Davis,16,392.92,0.28,4551.3,1913.98,2637.33,CUST9919,ORD81873
2024-05-12,Electronics,Laptop,Central,Bob Smith,5,977.73,0.06,4617.04,3144.58,1472.46,CUST8861,ORD69349
2023-08-14,Clothing,Jacket,East,Carol Davis,11,733.97,0.17,6693.32,3339.52,3353.8,CUST2722,ORD77782
2023-01-27,Clothing,Jeans,North,Alice Johnson,17,205.67,0.14,2998.6,1225.13,1773.46,CUST1447,ORD78873
2024-12-15,Electronics,Camera,Central,Alice Johnson,10,582.06,0.28,4188.3,1864.96,2323.34,CUST7519,ORD62303
2024-09-06,Books,History,Central,Carol Davis,12,25.25,0.13,264.8,133.36,131.44,CUST7042,ORD27432
2023-06-23,Sports,Soccer,South,Eve Wilson,2,749.09,0.01,1477.99,709.57,768.43,CUST4652,ORD76495
2023-09-26,Books,History,Central,David Brown,4,167.25,0.11,595.67,280.42,315.25,CUST6486,ORD12970
2023-10-23,Books,Biography,Central,Carol Davis,15,658.8,0.27,7212.63,4328.63,2884.0,CUST4937,ORD53162
2024-03-11,Clothing,Jeans,East,Eve Wilson,15,800.7,0.12,10591.61,6940.14,3651.47,CUST9540,ORD36856
2023-02-18,Sports,Soccer,North,David Brown,5,117.19,0.16,489.99,259.73,230.26,CUST5219,ORD50170
2023-03-18,Clothing,Hat,North,Bob Smith,7,47.54,0.27,244.41,135.97,108.44,CUST1653,ORD95117
2023-05-10,Electronics,Phone,West,Eve Wilson,15,564.85,0.16,7119.07,3999.39,3119.68,CUST4517,ORD43572
2024-09-16,Sports,Golf,North,David Brown,1,447.33,0.2,357.33,208.8,148.53,CUST1396,ORD34613
2024-02-06,Books,Biography,South,Alice Johnson,8,352.18,0.09,2551.44,1221.28,1330.17,CUST4757,ORD41793
2023-06-11,Sports,Golf,West,Eve Wilson,15,112.49,0.2,1348.56,662.54,686.01,CUST5090,ORD86908
2024-06-14,Clothing,Shoes,Central,Carol Davis,15,674.75,0.23,7752.49,3932.86,3819.63,CUST1445,ORD73268
2024-03-07,Home,Decor,North,Alice Johnson,2,173.86,0.18,286.74,156.85,129.89,CUST2105,ORD23745
2023-12-07,Sports,Golf,West,David Brown,1,527.88,0.02,518.06,305.79,212.27,CUST1728,ORD14785
2023-12-18,Clothing,Hat,North,Carol Davis,10,479.04,0.05,4552.64,2463.47,2089.17,CUST4729,ORD70202
2024-07-25,Electronics,Headphones,Central,Eve Wilson,4,678.3,0.23,2098.13,1398.2,699.93,CUST6614,ORD14959
2024-03-27,Sports,Golf,East,Eve Wilson,2,709.68,0.06,1337.22,600.55,736.68,CUST5843,ORD60884
2023-08-02,Sports,Basketball,West,Alice Johnson,7,883.98,0.27,4506.72,2593.17,1913.55,CUST6172,ORD18756
2024-09-21,Electronics,Camera,Central,Eve Wilson,8,479.95,0.06,3591.07,1832.47,1758.6,CUST7405,ORD39134
2024-10-10,Books,Non-Fiction,Central,Bob Smith,15,779.2,0.17,9709.84,4110.06,5599.78,CUST4058,ORD17554
2023-06-12,Sports,Football,Central,Carol Davis,19,627.74,0.08,10990.29,4614.39,6375.89,CUST8320,ORD94454
2023-06-01,Sports,Football,South,Eve Wilson,9,36.94,0.28,238.23,96.65,141.58,CUST3237,ORD37344
2024-08-26,Home,Decor,South,Bob Smith,12,391.67,0.05,4445.45,2267.57,2177.88,CUST2832,ORD43244
2023-12-11,Books,Fiction,East,Alice Johnson,9,989.46,0.25,6715.87,2688.73,4027.13,CUST9971,ORD13673
2023-03-10,Clothing,Hat,North,David Brown,17,776.12,0.08,12131.95,7227.73,4904.23,CUST5774,ORD71777
2023-06-14,Sports,Tennis,South,Alice Johnson,20,760.86,0.22,11906.23,5236.02,6670.2,CUST2457,ORD15784
2023-04-08,Home,Decor,East,David Brown,12,314.46,0.02,3698.69,2384.26,1314.42,CUST5837,ORD28509
2023-11-15,Clothing,Hat,South,David Brown,1,881.66,0.12,777.26,351.56,425.71,CUST9869,ORD43731
2023-05-09,Sports,Football,South,David Brown,8,464.28,0.19,3011.76,1449.56,1562.21,CUST2523,ORD21468
2024-12-12,Home,Appliances,West,Eve Wilson,19,526.31,0.2,7977.63,3995.07,3982.56,CUST4055,ORD58800
2024-06-01,Sports,Tennis,Central,Carol Davis,14,20.52,0.18,235.06,125.71,109.36,CUST1181,ORD79153
2024-01-05,Sports,Golf,West,David Brown,2,380.33,0.16,636.0,302.26,333.74,CUST7006,ORD26238
2024-06-11,Electronics,Camera,Central,Bob Smith,17,867.88,0.24,11147.08,7320.9,3826.18,CUST5030,ORD90498
2024-08-31,Clothing,Shoes,South,Carol Davis,12,868.1,0.24,7937.49,3466.56,4470.93,CUST7545,ORD33420
2023-10-20,Clothing,Hat,East,Eve Wilson,17,877.66,0.19,12012.45,7925.83,4086.62,CUST5681,ORD24940
2023-03-19,Books,Biography,West,Carol Davis,1,256.3,0.17,212.15,104.6,107.56,CUST7757,ORD53714
2024-09-16,Books,Non-Fiction,South,David Brown,5,954.38,0.29,3374.85,2131.81,1243.04,CUST5674,ORD36741
2024-10-26,Electronics,Camera,North,Bob Smith,11,327.1,0.03,3483.28,1557.83,1925.45,CUST7729,ORD48630
2023-08-16,Books,Fiction,West,David Brown,2,591.95,0.16,989.06,419.17,569.88,CUST8853,ORD74439
2024-08-26,Electronics,Camera,North,Bob Smith,3,357.69,0.09,980.11,652.45,327.66,CUST6339,ORD23922
2023-09-13,Home,Furniture,East,Carol Davis,6,729.98,0.19,3556.79,1748.34,1808.45,CUST9299,ORD41584
2023-03-28,Electronics,Laptop,North,Alice Johnson,12,926.03,0.02,10894.85,7125.13,3769.72,CUST6058,ORD50726
2024-07-10,Electronics,Tablet,West,Carol Davis,9,688.9,0.15,5243.07,2210.34,3032.73,CUST8888,ORD72482
2023-03-19,Home,Garden,West,Alice Johnson,8,49.56,0.18,326.75,221.55,105.2,CUST1746,ORD84552
2024-12-06,Clothing,Hat,Central,Eve Wilson,15,459.07,0.06,6442.36,3414.86,3027.5,CUST3193,ORD54827
2023-06-19,Home,Furniture,South,David Brown,7,150.87,0.05,998.03,407.64,590.39,CUST2194,ORD85901
2023-10-04,Clothing,T-Shirt,North,David Brown,20,224.32,0.29,3189.08,1984.25,1204.83,CUST3870,ORD59757
2024-08-27,Home,Furniture,West,Alice Johnson,17,24.09,0.24,309.91,154.81,155.1,CUST8542,ORD66068
2024-09-17,Sports,Tennis,South,Carol Davis,7,477.54,0.19,2711.64,1590.83,1120.81,CUST9415,ORD82480
2024-06-18,Clothing,Jacket,South,Eve Wilson,20,280.35,0.2,4488.96,1863.77,2625.18,CUST4619,ORD32723
2024-11-16,Clothing,Shoes,South,Carol Davis,14,49.94,0.03,676.11,322.68,353.43,CUST9099,ORD53670
2023-12-02,Books,Biography,East,David Brown,12,561.02,0.28,4838.25,2684.19,2154.06,CUST7975,ORD66698
2023-04-23,Electronics,Tablet,East,Eve Wilson,8,654.96,0.28,3792.2,2301.88,1490.32,CUST3111,ORD69761
2023-03-28,Electronics,Phone,North,Bob Smith,19,533.67,0.25,7639.09,4595.82,3043.27,CUST8287,ORD40830
2024-04-21,Clothing,Shoes,Central,Bob Smith,15,268.66,0.01,3976.3,2751.51,1224.79,CUST4925,ORD33795
2024-11-12,Clothing,Shoes,West,Alice Johnson,3,832.15,0.14,2146.13,1459.13,687.0,CUST2762,ORD83860
2024-09-22,Sports,Basketball,West,David Brown,15,734.28,0.04,10583.72,7280.41,3303.31,CUST5756,ORD61920
2023-03-09,Books,Non-Fiction,North,Bob Smith,15,516.52,0.11,6922.47,3299.79,3622.68,CUST3007,ORD32113
2023-09-05,Sports,Tennis,North,Eve Wilson,14,75.1,0.29,748.91,312.38,436.53,CUST5123,ORD58727
2023-03-02,Electronics,Tablet,East,Carol Davis,16,359.38,0.06,5384.12,3116.17,2267.95,CUST5381,ORD17720
2024-07-04,Electronics,Headphones,North,Alice Johnson,19,516.88,0.12,8666.14,5987.11,2679.03,CUST6729,ORD18709
2024-05-28,Clothing,Hat,West,Alice Johnson,15,138.85,0.14,1782.79,1014.47,768.32,CUST5750,ORD34581
2024-11-07,Books,History,North,Alice Johnson,9,996.4,0.16,7494.01,4070.95,3423.07,CUST9053,ORD83518
2023-05-15,Sports,Soccer,West,Eve Wilson,11,891.77,0.27,7136.18,3103.43,4032.75,CUST2338,ORD26800
2023-08-26,Electronics,Tablet,South,Alice Johnson,10,108.94,0.17,905.1,603.59,301.51,CUST5987,ORD49906
2023-04-27,Home,Decor,South,Carol Davis,20,10.2,0.01,202.83,133.89,68.94,CUST8165,ORD33868
2023-12-24,Clothing,Hat,South,Bob Smith,12,651.49,0.04,7520.28,3130.64,4389.64,CUST2658,ORD23084
2023-01-27,Home,Appliances,South,David Brown,12,121.17,0.05,1378.52,725.43,653.09,CUST2115,ORD95058
2023-10-10,Sports,Golf,South,Alice Johnson,17,718.35,0.09,11110.5,5936.65,5173.85,CUST4997,ORD38547
2024-06-09,Home,Kitchen,East,Eve Wilson,11,58.81,0.1,583.18,318.27,264.91,CUST5839,ORD40230
2024-04-23,Sports,Golf,Central,Eve Wilson,13,487.73,0.27,4626.9,2363.88,2263.02,CUST5315,ORD32287
2023-11-14,Sports,Tennis,Central,Alice Johnson,20,479.87,0.14,8230.9,3588.96,4641.94,CUST3026,ORD30578
2024-10-28,Home,Kitchen,Central,Alice Johnson,14,136.4,0.18,1569.94,1037.85,532.09,CUST8890,ORD51682
2023-05-12,Sports,Basketball,East,Alice Johnson,14,257.47,0.23,2778.9,1332.77,1446.14,CUST3115,ORD94715
2023-04-28,Electronics,Camera,South,Carol Davis,19,474.07,0.29,6437.74,3793.13,2644.6,CUST6284,ORD76816
2024-10-01,Books,Science,West,Alice Johnson,8,833.18,0.11,5921.3,3800.61,2120.69,CUST6993,ORD10169
2023-05-01,Home,Garden,North,Carol Davis,15,437.77,0.12,5760.84,2425.23,3335.61,CUST3486,ORD51814
2024-01-17,Clothing,Jacket,Central,David Brown,17,967.16,0.14,14123.82,8659.74,5464.07,CUST4299,ORD70342
2024-09-21,Sports,Soccer,South,David Brown,5,168.45,0.25,631.73,264.3,367.43,CUST8756,ORD58089
2023-04-08,Books,History,Central,Alice Johnson,16,229.04,0.09,3334.51,1482.21,1852.31,CUST6915,ORD96167
2023-05-18,Sports,Tennis,East,Alice Johnson,5,650.02,0.2,2615.58,1651.51,964.06,CUST8818,ORD73127
2023-11-01,Electronics,Tablet,North,Bob Smith,14,822.42,0.03,11205.0,5271.56,5933.45,CUST5673,ORD90241
2023-06-26,Sports,Soccer,West,Carol Davis,5,737.05,0.18,3040.31,1578.45,1461.86,CUST9210,ORD49077
2023-09-27,Sports,Golf,East,Alice Johnson,5,811.35,0.11,3591.89,2433.31,1158.58,CUST8489,ORD51227
2023-05-06,Clothing,T-Shirt,East,Alice Johnson,19,357.85,0.23,5215.21,3503.05,1712.16,CUST6839,ORD50117
2024-09-19,Home,Kitchen,South,Bob Smith,1,155.24,0.0,155.09,68.36,86.73,CUST2948,ORD78798
2023-04-07,Books,History,West,Bob Smith,7,365.81,0.08,2355.72,1420.35,935.38,CUST6880,ORD30902
2024-04-18,Home,Decor,North,Bob Smith,6,689.0,0.05,3906.7,2292.8,1613.9,CUST2129,ORD82464
2023-03-07,Electronics,Tablet,North,Bob Smith,9,135.81,0.07,1136.16,580.53,555.63,CUST2956,ORD71713
2023-04-20,Electronics,Laptop,Central,Alice Johnson,4,408.66,0.04,1564.07,722.84,841.23,CUST9891,ORD70779
2024-06-14,Sports,Tennis,East,Bob Smith,17,282.49,0.29,3399.88,2174.4,1225.48,CUST5055,ORD85732
2023-03-18,Home,Decor,Central,Bob Smith,10,881.5,0.19,7178.53,4412.36,2766.17,CUST5000,ORD51929
2023-01-19,Sports,Soccer,West,David Brown,12,616.63,0.17,6141.34,4222.66,1918.67,CUST5092,ORD95860
2024-03-07,Clothing,T-Shirt,South,Carol Davis,9,166.63,0.28,1084.85,565.35,519.5,CUST9973,ORD73625
2024-01-13,Sports,Tennis,South,Alice Johnson,2,391.55,0.0,782.63,446.13,336.5,CUST8562,ORD43949
2024-01-16,Books,History,Central,Alice Johnson,12,969.73,0.25,8732.39,3564.83,5167.56,CUST3850,ORD22693
2023-01-28,Sports,Soccer,South,Alice Johnson,11,696.32,0.3,5378.02,2487.03,2890.99,CUST9762,ORD72433
2024-01-21,Electronics,Camera,South,Carol Davis,17,255.22,0.1,3913.23,2455.56,1457.67,CUST1353,ORD58825
2023-05-14,Books,Biography,North,Carol Davis,18,37.93,0.02,668.49,289.72,378.76,CUST2886,ORD78033
2024-07-01,Home,Decor,East,Alice Johnson,1,506.21,0.22,395.54,268.56,126.98,CUST2665,ORD32313
2024-04-10,Clothing,T-Shirt,South,Alice Johnson,16,799.11,0.22,10025.58,4453.52,5572.06,CUST1687,ORD22588
2023-02-04,Clothing,Hat,East,Carol Davis,6,616.31,0.21,2921.79,1368.04,1553.75,CUST2589,ORD32917
2023-04-02,Electronics,Camera,North,Bob Smith,2,230.04,0.23,352.0,165.83,186.17,CUST5365,ORD31584
2024-11-14,Clothing,Jeans,South,Carol Davis,6,968.87,0.18,4763.25,2565.58,2197.67,CUST3063,ORD36813
2024-02-20,Clothing,Shoes,East,Carol Davis,19,440.46,0.24,6342.46,3425.77,2916.68,CUST4140,ORD19399
2024-10-21,Clothing,Jeans,East,Bob Smith,19,906.32,0.08,15859.74,10681.04,5178.7,CUST3524,ORD67721
2024-12-15,Electronics,Camera,South,Bob Smith,7,808.59,0.24,4325.06,1731.28,2593.79,CUST3807,ORD55674
2024-08-03,Electronics,Headphones,Central,Eve Wilson,12,100.27,0.04,1150.24,535.47,614.78,CUST2056,ORD10017
2023-03-30,Books,Non-Fiction,South,David Brown,6,561.55,0.22,2643.2,1650.09,993.11,CUST1685,ORD30754
2023-12-19,Electronics,Tablet,Central,Alice Johnson,10,131.22,0.3,922.98,390.68,532.3,CUST9689,ORD27359
2023-07-08,Electronics,Laptop,North,Bob Smith,11,124.89,0.22,1068.19,675.36,392.83,CUST2067,ORD13451
2024-11-18,Home,Garden,North,Alice Johnson,5,494.95,0.21,1962.3,1038.87,923.44,CUST1205,ORD41084
2024-05-20,Books,History,Central,Alice Johnson,20,976.59,0.01,19283.42,11592.4,7691.03,CUST5639,ORD84988
2024-10-19,Clothing,Jeans,Central,David Brown,20,800.73,0.03,15549.66,10126.93,5422.72,CUST4847,ORD95395
2024-03-06,Books,Biography,East,Carol Davis,5,188.38,0.08,869.94,560.89,309.05,CUST2463,ORD23219
2023-06-14,Books,Biography,Central,Alice Johnson,4,942.14,0.13,3267.07,1430.11,1836.97,CUST8818,ORD19646
2024-01-16,Home,Decor,East,Bob Smith,1,813.01,0.05,772.19,529.25,242.94,CUST9393,ORD52180
2023-03-18,Sports,Football,West,Alice Johnson,13,723.32,0.27,6821.21,2775.46,4045.75,CUST1941,ORD23914
2024-01-19,Home,Garden,Central,Carol Davis,2,257.46,0.28,370.62,157.37,213.26,CUST8924,ORD18760
2023-07-13,Books,Biography,Central,Alice Johnson,13,607.44,0.02,7733.04,4942.16,2790.88,CUST6714,ORD55438
2023-03-22,Clothing,Jacket,South,Carol Davis,10,85.32,0.23,657.79,358.2,299.59,CUST9809,ORD52277
2024-01-20,Electronics,Tablet,Central,Carol Davis,16,664.4,0.25,8019.61,4712.55,3307.06,CUST6683,ORD35250
2023-07-12,Electronics,Headphones,Central,Alice Johnson,7,621.37,0.14,3753.51,2206.94,1546.57,CUST2859,ORD13957
2024-02-21,Sports,Golf,West,David Brown,4,427.75,0.06,1603.22,803.63,799.6,CUST9382,ORD85832
2023-09-02,Books,Fiction,East,Alice Johnson,6,878.29,0.01,5220.33,2224.84,2995.49,CUST8730,ORD69509
2023-05-20,Home,Furniture,East,Eve Wilson,7,965.64,0.08,6245.91,3980.8,2265.11,CUST5850,ORD97941
2024-06-20,Books,Fiction,West,Bob Smith,14,649.26,0.13,7890.61,3792.38,4098.24,CUST3540,ORD71440
2023-12-03,Clothing,T-Shirt,East,Carol Davis,1,832.92,0.27,611.17,382.35,228.82,CUST2920,ORD63940
2023-07-03,Electronics,Camera,North,David Brown,6,585.86,0.26,2592.03,1243.66,1348.36,CUST6217,ORD25574
2023-08-30,Books,Fiction,East,Carol Davis,14,775.98,0.12,9564.83,4303.12,5261.71,CUST2378,ORD49666
2023-12-11,Sports,Soccer,East,Bob Smith,2,839.09,0.06,1577.68,964.52,613.16,CUST5379,ORD52295
2023-08-14,Clothing,Shoes,South,Alice Johnson,20,270.19,0.15,4596.11,2282.41,2313.7,CUST4425,ORD51480
2023-03-24,Electronics,Phone,Central,David Brown,8,760.45,0.06,5732.23,3597.67,2134.56,CUST5110,ORD53056
2024-07-07,Home,Garden,South,Bob Smith,10,77.61,0.12,679.68,293.53,386.15,CUST7198,ORD81500
2023-12-08,Sports,Golf,Central,Eve Wilson,10,587.37,0.03,5686.91,3327.54,2359.37,CUST9808,ORD29976
2023-10-22,Sports,Football,North,David Brown,18,192.05,0.03,3343.48,1438.05,1905.43,CUST5784,ORD49754
2023-02-06,Home,Garden,Central,Alice Johnson,10,733.67,0.29,5205.69,3246.05,1959.64,CUST8268,ORD41432
2023-12-11,Electronics,Camera,East,Eve Wilson,12,149.6,0.26,1319.87,583.3,736.57,CUST7515,ORD42343
2024-06-18,Electronics,Headphones,Central,David Brown,2,432.84,0.01,861.02,423.4,437.62,CUST4097,ORD12914
2024-07-06,Books,Science,East,David Brown,9,724.17,0.08,5991.22,3029.09,2962.12,CUST7252,ORD86256
2023-05-27,Clothing,T-Shirt,South,Eve Wilson,9,932.61,0.24,6384.03,3754.29,2629.74,CUST2549,ORD11611
2024-11-27,Books,Non-Fiction,South,Bob Smith,13,335.33,0.13,3773.53,2469.45,1304.08,CUST9567,ORD37112
2023-04-25,Sports,Tennis,East,Alice Johnson,9,567.67,0.25,3856.82,1601.27,2255.54,CUST4178,ORD90080
2024-10-22,Sports,Football,Central,David Brown,11,430.06,0.16,3988.17,1859.8,2128.38,CUST6511,ORD23056
2024-11-11,Clothing,Hat,East,David Brown,10,772.58,0.03,7477.87,4517.24,2960.62,CUST8554,ORD49153
2023-05-13,Electronics,Camera,Central,Alice Johnson,8,392.78,0.14,2716.8,1124.37,1592.42,CUST8900,ORD54774
2023-07-09,Books,Science,South,Bob Smith,4,722.8,0.21,2296.81,1449.53,847.28,CUST8141,ORD72417
2023-07-06,Clothing,Shoes,East,Bob Smith,13,680.79,0.26,6549.93,4307.32,2242.61,CUST2859,ORD55891
2024-08-01,Books,Fiction,West,Bob Smith,15,144.06,0.2,1730.54,1076.32,654.21,CUST4945,ORD18923
2023-10-12,Clothing,T-Shirt,North,Alice Johnson,2,651.97,0.11,1166.16,771.64,394.51,CUST9506,ORD90784
2024-08-07,Clothing,Hat,North,Alice Johnson,6,821.02,0.3,3450.71,1519.05,1931.66,CUST6787,ORD33178
2023-02-18,Sports,Football,South,Carol Davis,6,477.56,0.12,2516.38,1636.86,879.53,CUST2870,ORD77793
2024-03-18,Electronics,Camera,West,Eve Wilson,16,971.74,0.19,12632.85,5819.53,6813.32,CUST8346,ORD86041
2024-02-23,Electronics,Headphones,North,David Brown,8,991.61,0.0,7930.75,5219.84,2710.91,CUST1982,ORD52042
2024-03-06,Clothing,Jeans,West,Bob Smith,16,920.86,0.06,13823.48,9434.57,4388.91,CUST9793,ORD62386
2023-06-05,Books,History,East,David Brown,19,911.6,0.01,17213.39,8903.39,8310.01,CUST4106,ORD81728
2023-05-05,Books,Science,North,Eve Wilson,15,83.05,0.05,1180.86,823.79,357.07,CUST5746,ORD48703
2024-07-05,Books,Science,West,Eve Wilson,5,696.25,0.14,2988.49,1262.54,1725.95,CUST3538,ORD52030
2023-05-19,Sports,Golf,East,Bob Smith,8,589.71,0.06,4433.38,2328.5,2104.88,CUST5275,ORD30523
2023-09-23,Electronics,Tablet,East,Carol Davis,19,512.59,0.01,9663.94,6423.48,3240.45,CUST6357,ORD21666
2023-08-27,Books,History,North,David Brown,13,472.31,0.23,4707.63,2599.2,2108.42,CUST8865,ORD85018
2023-08-23,Clothing,Jeans,North,David Brown,16,220.34,0.04,3376.39,1972.1,1404.29,CUST5374,ORD56982
2023-09-08,Sports,Football,East,Eve Wilson,4,158.49,0.21,499.18,277.22,221.96,CUST9748,ORD97604
2024-07-17,Clothing,Jacket,Central,Alice Johnson,19,402.12,0.19,6190.97,4121.89,2069.08,CUST4638,ORD11972
2024-04-07,Clothing,Shoes,North,Alice Johnson,16,586.03,0.11,8314.04,4751.39,3562.65,CUST2750,ORD69504
2023-05-05,Electronics,Laptop,Central,Eve Wilson,1,386.8,0.17,320.53,150.99,169.55,CUST6644,ORD79524
2024-02-10,Books,Non-Fiction,South,Carol Davis,20,121.86,0.26,1803.78,749.19,1054.58,CUST5843,ORD17176
2023-12-12,Sports,Tennis,North,Bob Smith,18,379.65,0.09,6187.92,3753.75,2434.17,CUST7096,ORD30949
2024-12-20,Sports,Soccer,West,Carol Davis,10,246.68,0.24,1868.31,1101.95,766.36,CUST9208,ORD92430
2024-08-27,Electronics,Camera,East,Eve Wilson,11,575.13,0.17,5263.63,3258.19,2005.44,CUST6444,ORD12443
2024-09-24,Sports,Soccer,North,David Brown,2,111.48,0.13,194.76,133.26,61.5,CUST7485,ORD58851
2023-10-28,Home,Appliances,North,David Brown,11,471.03,0.11,4591.07,1942.1,2648.96,CUST4851,ORD41594
2024-12-27,Home,Garden,South,David Brown,15,878.94,0.09,12005.48,8089.49,3915.99,CUST6460,ORD28462
2024-09-21,Electronics,Phone,North,Eve Wilson,5,635.09,0.04,3059.58,1972.79,1086.79,CUST3789,ORD22075
2023-05-07,Clothing,Jeans,Central,Carol Davis,1,153.38,0.1,138.66,90.75,47.92,CUST5432,ORD67749
2023-11-08,Clothing,T-Shirt,South,Eve Wilson,7,934.22,0.11,5835.37,3351.36,2484.01,CUST9716,ORD56156
2023-11-12,Books,Biography,South,Eve Wilson,7,928.89,0.12,5704.71,3974.87,1729.84,CUST1500,ORD57197
2023-08-01,Books,History,South,David Brown,2,770.97,0.25,1152.51,583.04,569.47,CUST2643,ORD23263
2023-01-15,Home,Decor,West,David Brown,4,127.03,0.07,472.71,306.88,165.82,CUST8909,ORD99436
2023-10-19,Clothing,Jeans,West,David Brown,8,72.01,0.23,442.33,241.13,201.21,CUST3723,ORD65617
2023-01-04,Books,Biography,North,Alice Johnson,13,698.72,0.14,7830.84,5044.06,2786.78,CUST4713,ORD79185
2024-12-07,Electronics,Phone,East,David Brown,17,357.75,0.12,5342.47,3295.01,2047.47,CUST4972,ORD39996
2024-03-11,Clothing,Jacket,West,Carol Davis,13,183.99,0.21,1898.28,847.35,1050.93,CUST2905,ORD74991
2023-03-03,Clothing,T-Shirt,South,Carol Davis,17,730.67,0.27,9046.2,4418.49,4627.7,CUST4863,ORD54317
2024-06-13,Home,Garden,North,Alice Johnson,19,907.09,0.19,13931.17,9618.85,4312.32,CUST8493,ORD32422
2024-10-18,Home,Furniture,East,David Brown,14,126.24,0.23,1365.85,615.93,749.93,CUST7421,ORD10230
2024-04-01,Clothing,Jacket,South,Carol Davis,1,127.84,0.2,102.25,55.04,47.22,CUST3221,ORD35837
2024-11-24,Books,Fiction,North,Eve Wilson,12,510.52,0.02,5984.73,2857.86,3126.87,CUST1518,ORD54359
2023-09-06,Clothing,Hat,West,David Brown,4,986.4,0.15,3336.22,1782.25,1553.97,CUST5901,ORD97776
2023-12-31,Home,Furniture,West,David Brown,9,887.94,0.11,7092.28,4798.77,2293.51,CUST4953,ORD63139
2024-01-17,Home,Garden,South,Bob Smith,8,380.82,0.04,2915.35,1834.41,1080.94,CUST8522,ORD49915
2023-01-10,Sports,Soccer,Central,Alice Johnson,4,309.26,0.27,901.35,401.52,499.83,CUST8889,ORD10327
2023-08-21,Home,Appliances,West,Eve Wilson,12,685.55,0.03,8005.65,4999.7,3005.96,CUST5661,ORD55637
2024-03-05,Sports,Tennis,East,Carol Davis,3,30.7,0.17,76.48,37.99,38.49,CUST4699,ORD80961
2023-06-27,Electronics,Tablet,East,Alice Johnson,9,320.58,0.14,2483.22,1044.28,1438.94,CUST7274,ORD29855
2023-07-09,Electronics,Camera,Central,David Brown,9,989.04,0.04,8554.17,5664.42,2889.75,CUST2242,ORD81520
2023-04-04,Clothing,T-Shirt,East,Eve Wilson,13,38.51,0.26,370.69,238.74,131.95,CUST7920,ORD99498
2023-12-13,Books,History,East,Alice Johnson,6,746.11,0.22,3483.03,1418.1,2064.93,CUST7605,ORD97166
2023-12-03,Home,Appliances,Central,Carol Davis,8,892.6,0.03,6914.3,2826.87,4087.43,CUST3195,ORD55943
2023-05-11,Books,Fiction,North,Eve Wilson,9,409.34,0.01,3634.01,1970.26,1663.75,CUST1122,ORD80802
2023-11-13,Home,Furniture,Central,Eve Wilson,15,318.72,0.0,4779.45,3220.53,1558.92,CUST7485,ORD95201
2024-03-08,Books,History,North,Alice Johnson,15,943.6,0.22,11005.3,5851.9,5153.4,CUST9491,ORD16037
2023-01-26,Sports,Basketball,West,Alice Johnson,11,550.69,0.12,5330.79,2948.64,2382.15,CUST6008,ORD52342
2023-11-20,Electronics,Tablet,South,David Brown,20,93.84,0.13,1634.32,1043.81,590.51,CUST2234,ORD90227
2023-06-05,Home,Appliances,Central,Carol Davis,10,811.64,0.27,5918.21,3569.6,2348.61,CUST2390,ORD21928
2023-09-17,Clothing,T-Shirt,South,Eve Wilson,16,94.41,0.05,1436.46,727.07,709.4,CUST8222,ORD28451
2024-02-13,Clothing,Jeans,South,David Brown,17,602.82,0.04,9798.43,4847.5,4950.93,CUST6855,ORD17922
2024-06-02,Electronics,Headphones,North,Eve Wilson,6,992.83,0.14,5129.02,3428.64,1700.37,CUST9051,ORD58419
2024-11-15,Clothing,Shoes,Central,David Brown,3,334.62,0.18,822.26,552.19,270.07,CUST9795,ORD78358
2024-09-29,Clothing,Shoes,South,David Brown,10,243.51,0.08,2232.95,1388.65,844.3,CUST5132,ORD36815
2024-04-27,Sports,Soccer,South,Eve Wilson,5,645.52,0.21,2549.55,1129.86,1419.7,CUST5464,ORD69879
2023-04-02,Home,Appliances,Central,Eve Wilson,6,654.3,0.13,3420.3,2310.78,1109.52,CUST8900,ORD26527
2023-05-15,Home,Kitchen,North,Eve Wilson,3,87.1,0.24,197.41,128.64,68.77,CUST2111,ORD54492
2024-01-16,Sports,Golf,South,Carol Davis,11,682.08,0.18,6175.11,4016.69,2158.42,CUST1645,ORD36322
2023-04-28,Electronics,Headphones,Central,Alice Johnson,4,792.68,0.02,3103.46,1818.96,1284.5,CUST3137,ORD66183
2024-05-18,Home,Kitchen,West,Alice Johnson,3,533.28,0.26,1188.22,733.07,455.16,CUST1611,ORD39010
2024-09-15,Electronics,Headphones,West,Eve Wilson,2,733.88,0.26,1090.85,749.0,341.86,CUST7607,ORD47059
2024-04-01,Electronics,Laptop,South,Eve Wilson,17,582.64,0.0,9897.18,6532.87,3364.32,CUST4627,ORD11983
2023-01-18,Books,Fiction,South,Carol Davis,20,667.63,0.23,10263.64,4260.7,6002.93,CUST9511,ORD33473
2023-11-29,Electronics,Tablet,South,Carol Davis,12,337.02,0.19,3282.5,1596.21,1686.29,CUST4688,ORD19136
2024-01-12,Sports,Golf,East,Bob Smith,20,748.95,0.19,12205.27,7064.61,5140.66,CUST1652,ORD20816
2024-09-15,Books,Science,South,Eve Wilson,17,188.3,0.22,2497.63,1240.03,1257.6,CUST3888,ORD10727
2024-11-16,Home,Furniture,East,Carol Davis,2,364.58,0.01,724.64,447.87,276.78,CUST8494,ORD15568
2024-04-30,Home,Kitchen,Central,David Brown,16,949.42,0.07,14167.09,8722.87,5444.22,CUST7683,ORD52100
2023-02-14,Sports,Basketball,North,Bob Smith,2,739.28,0.17,1220.65,832.17,388.47,CUST9773,ORD27164
2023-06-28,Electronics,Phone,South,Bob Smith,7,552.55,0.23,2959.13,1957.51,1001.62,CUST4777,ORD41748
2024-06-24,Home,Appliances,Central,Carol Davis,14,914.4,0.18,10517.2,4541.95,5975.25,CUST4027,ORD75143
2024-04-20,Electronics,Phone,East,David Brown,17,515.17,0.09,7988.65,3539.03,4449.62,CUST7852,ORD19139
2024-11-09,Electronics,Phone,Central,David Brown,17,337.7,0.24,4391.44,2925.65,1465.79,CUST8624,ORD90675
2024-08-02,Sports,Soccer,North,Eve Wilson,10,286.58,0.08,2625.33,1753.55,871.77,CUST2628,ORD81700
2023-05-29,Books,History,South,Alice Johnson,2,296.92,0.03,574.51,392.55,181.96,CUST5538,ORD40337
2024-05-12,Sports,Basketball,West,Carol Davis,4,521.08,0.17,1735.76,985.65,750.11,CUST4905,ORD28673
2024-12-03,Books,Fiction,Central,David Brown,15,477.6,0.23,5536.34,3533.91,2002.43,CUST4137,ORD32545
2024-10-07,Clothing,Jacket,East,Eve Wilson,20,402.7,0.04,7724.88,3235.85,4489.02,CUST6877,ORD30415
2023-12-01,Books,Fiction,Central,Alice Johnson,5,359.14,0.19,1457.57,907.68,549.89,CUST9084,ORD77865
2024-10-28,Clothing,Hat,South,Bob Smith,7,305.51,0.29,1524.45,806.5,717.95,CUST3297,ORD69548
2024-05-14,Sports,Tennis,South,David Brown,8,256.98,0.09,1873.18,910.71,962.47,CUST1903,ORD72054
2024-04-05,Books,Biography,East,Alice Johnson,11,725.08,0.1,7186.94,4496.15,2690.79,CUST5540,ORD75651
2024-04-20,Electronics,Headphones,South,Bob Smith,14,381.41,0.28,3870.63,1731.18,2139.45,CUST1528,ORD21205
2023-05-19,Books,Biography,North,Alice Johnson,1,832.61,0.24,636.66,281.56,355.1,CUST6623,ORD79666
2023-06-23,Clothing,Jacket,South,Bob Smith,4,380.47,0.26,1125.5,541.59,583.92,CUST3934,ORD75255
2024-07-29,Electronics,Laptop,East,Eve Wilson,11,785.63,0.11,7716.24,4111.52,3604.72,CUST6077,ORD73676
2023-05-28,Clothing,T-Shirt,South,Carol Davis,4,172.35,0.13,597.24,361.8,235.44,CUST9453,ORD31179
2023-03-27,Home,Appliances,East,Carol Davis,12,254.32,0.21,2425.51,1163.05,1262.46,CUST5479,ORD34174
2024-07-20,Books,Non-Fiction,Central,Alice Johnson,12,984.19,0.24,8983.71,4053.03,4930.68,CUST3558,ORD25623
2024-07-14,Clothing,T-Shirt,East,Eve Wilson,6,445.16,0.18,2182.19,1446.21,735.98,CUST2613,ORD96625
2024-10-15,Sports,Soccer,Central,Carol Davis,11,262.27,0.24,2193.19,900.55,1292.65,CUST1031,ORD11426
2024-08-25,Electronics,Headphones,North,Alice Johnson,3,896.8,0.06,2520.16,1223.04,1297.13,CUST5446,ORD25738
2023-08-18,Home,Garden,South,Alice Johnson,2,912.21,0.13,1588.0,915.25,672.75,CUST1530,ORD75019
2024-07-25,Sports,Basketball,West,David Brown,6,717.69,0.01,4256.94,1866.53,2390.41,CUST5232,ORD91992
2023-01-13,Home,Kitchen,West,Carol Davis,20,437.52,0.0,8711.46,5125.31,3586.15,CUST6164,ORD50936
2024-10-07,Home,Kitchen,West,Alice Johnson,8,899.7,0.12,6349.46,4250.85,2098.62,CUST1021,ORD48925
2023-12-21,Clothing,Hat,East,Carol Davis,13,116.14,0.09,1368.69,736.91,631.77,CUST8875,ORD38838
2024-04-22,Sports,Football,South,Carol Davis,7,843.9,0.07,5495.51,2721.23,2774.29,CUST3705,ORD52143
2024-10-17,Clothing,Jeans,South,Alice Johnson,18,596.54,0.07,10021.15,6170.0,3851.16,CUST1702,ORD79949
2024-12-01,Sports,Golf,South,Carol Davis,3,741.47,0.14,1915.63,1193.84,721.79,CUST8363,ORD84318
2024-02-05,Home,Furniture,North,Bob Smith,4,23.97,0.24,72.55,36.12,36.43,CUST4675,ORD33353
2023-08-12,Clothing,Shoes,West,Eve Wilson,9,404.36,0.16,3058.07,1488.26,1569.81,CUST1230,ORD89341
2024-02-24,Books,Science,North,Carol Davis,10,164.23,0.05,1554.19,721.88,832.31,CUST8421,ORD12454
2024-04-27,Clothing,Hat,Central,Carol Davis,4,708.92,0.06,2671.62,1644.55,1027.07,CUST4621,ORD37915
2024-09-09,Electronics,Phone,West,Alice Johnson,13,605.72,0.01,7821.66,4054.31,3767.34,CUST8595,ORD85760
2024-07-29,Electronics,Tablet,South,Eve Wilson,10,427.7,0.21,3395.92,1386.06,2009.87,CUST7100,ORD26876
2024-12-15,Books,Biography,North,Carol Davis,7,914.79,0.03,6201.72,4150.62,2051.09,CUST2544,ORD42718
2024-09-05,Electronics,Phone,Central,David Brown,1,214.47,0.15,181.67,125.89,55.79,CUST5894,ORD35168
2024-09-30,Clothing,Jacket,Central,Bob Smith,15,261.67,0.13,3414.09,1882.54,1531.55,CUST3851,ORD61783
2024-05-01,Home,Kitchen,West,Bob Smith,9,56.46,0.1,457.1,318.76,138.34,CUST4816,ORD69246
2024-10-21,Home,Kitchen,East,Bob Smith,8,906.11,0.05,6887.25,4655.26,2231.99,CUST3345,ORD67848
2023-03-28,Sports,Soccer,North,David Brown,4,931.21,0.26,2767.98,1615.82,1152.16,CUST5995,ORD15257
2024-10-12,Books,Biography,South,Alice Johnson,7,949.65,0.09,6020.7,3299.75,2720.95,CUST6546,ORD69293
2023-05-27,Home,Kitchen,Central,Bob Smith,11,272.97,0.11,2675.73,1655.82,1019.91,CUST1706,ORD30881
2024-12-20,Electronics,Tablet,North,Eve Wilson,18,415.53,0.04,7163.17,4073.52,3089.65,CUST2566,ORD60578
2024-08-24,Sports,Basketball,North,David Brown,1,975.6,0.13,849.41,567.55,281.85,CUST2713,ORD88467
2023-09-11,Clothing,Hat,North,David Brown,12,860.14,0.12,9043.91,5262.72,3781.19,CUST3144,ORD80340
2024-08-05,Sports,Soccer,Central,Eve Wilson,4,52.47,0.19,170.28,102.6,67.68,CUST3112,ORD86092
2024-07-29,Sports,Basketball,East,Carol Davis,10,694.6,0.02,6816.86,4531.55,2285.31,CUST2388,ORD33098
2024-08-03,Clothing,Hat,South,Alice Johnson,20,144.36,0.16,2429.47,1586.67,842.8,CUST4527,ORD82293
2024-11-29,Books,Fiction,South,Eve Wilson,15,116.08,0.04,1668.38,918.33,750.05,CUST6369,ORD92591
2023-06-21,Home,Garden,South,Carol Davis,11,689.82,0.26,5620.62,2746.3,2874.31,CUST5811,ORD53530
2024-03-10,Sports,Tennis,Central,Carol Davis,9,403.41,0.19,2949.4,1796.74,1152.66,CUST2246,ORD86804
2023-04-17,Books,Science,West,David Brown,10,726.76,0.23,5590.55,3556.2,2034.35,CUST2827,ORD25370
2023-06-22,Electronics,Camera,South,Carol Davis,20,493.97,0.21,7842.67,5010.72,2831.96,CUST6121,ORD55421
2023-01-30,Home,Decor,South,Alice Johnson,16,219.65,0.08,3233.26,1441.23,1792.03,CUST2918,ORD19019
2023-08-21,Home,Furniture,West,Alice Johnson,6,663.47,0.02,3895.44,1888.75,2006.7,CUST9359,ORD24392
2024-03-21,Home,Garden,North,Eve Wilson,8,466.15,0.13,3238.77,1954.36,1284.41,CUST1430,ORD64281
2024-12-27,Books,Science,East,Eve Wilson,7,426.18,0.03,2882.67,1688.19,1194.49,CUST6049,ORD13038
2023-08-13,Sports,Soccer,South,David Brown,3,177.03,0.12,469.32,211.56,257.77,CUST2848,ORD72171
2024-02-16,Electronics,Tablet,West,Eve Wilson,8,964.58,0.29,5471.34,3007.08,2464.26,CUST5988,ORD77500
2024-09-11,Clothing,Jacket,East,Carol Davis,20,520.05,0.16,8702.9,5319.33,3383.57,CUST1464,ORD51200
2024-11-24,Electronics,Phone,North,Eve Wilson,7,707.26,0.13,4302.82,2663.39,1639.43,CUST8640,ORD28246
2023-06-01,Home,Kitchen,South,David Brown,1,201.03,0.29,142.48,92.67,49.82,CUST5205,ORD78519
2024-08-29,Sports,Football,North,David Brown,20,671.79,0.27,9836.3,5074.22,4762.08,CUST2691,ORD35447
2023-03-14,Electronics,Tablet,North,Eve Wilson,15,204.59,0.17,2553.26,1227.17,1326.09,CUST7497,ORD81358
2024-10-22,Books,Biography,West,Bob Smith,18,19.39,0.2,280.62,116.03,164.59,CUST5298,ORD87334
2023-07-14,Electronics,Tablet,Central,Eve Wilson,20,398.79,0.18,6514.44,2732.32,3782.12,CUST1649,ORD80992
2024-04-20,Sports,Basketball,West,David Brown,11,970.02,0.02,10494.11,5275.3,5218.81,CUST2520,ORD67824
2023-06-01,Electronics,Laptop,Central,Eve Wilson,1,466.01,0.17,388.49,166.09,222.41,CUST9465,ORD11202
2024-12-09,Home,Kitchen,West,Alice Johnson,4,823.78,0.04,3151.77,1635.79,1515.98,CUST7017,ORD31208
2024-02-07,Books,History,East,Bob Smith,20,330.32,0.3,4626.76,2924.55,1702.21,CUST3418,ORD44391
2024-07-06,Sports,Soccer,West,Eve Wilson,19,249.99,0.06,4461.39,2739.1,1722.29,CUST7465,ORD44864
2024-05-20,Books,Science,South,David Brown,4,979.67,0.04,3754.87,2547.77,1207.1,CUST6674,ORD84308
2024-07-22,Home,Furniture,Central,Carol Davis,20,151.95,0.3,2135.23,965.94,1169.3,CUST7304,ORD57732
2024-04-01,Sports,Football,Central,Bob Smith,3,789.2,0.26,1741.15,809.39,931.76,CUST1969,ORD33935
2024-01-10,Sports,Soccer,Central,Carol Davis,3,373.42,0.09,1018.31,492.79,525.52,CUST2074,ORD58932
2023-10-07,Home,Furniture,East,Eve Wilson,3,629.34,0.08,1728.91,704.88,1024.03,CUST7091,ORD95639
2024-09-28,Home,Garden,West,Alice Johnson,15,168.87,0.01,2512.89,1670.98,841.91,CUST6668,ORD47862
2023-10-23,Sports,Tennis,North,Eve Wilson,4,971.06,0.2,3107.58,1353.15,1754.44,CUST5890,ORD55910
2024-05-22,Home,Garden,North,Carol Davis,17,616.11,0.23,8116.4,4678.58,3437.81,CUST2600,ORD98893
2023-10-02,Clothing,Jeans,West,Carol Davis,19,878.41,0.07,15474.02,8185.33,7288.68,CUST1131,ORD10233
2024-11-20,Clothing,Hat,South,David Brown,10,286.65,0.17,2382.31,1127.04,1255.28,CUST1741,ORD33239
2023-08-01,Clothing,Hat,West,Carol Davis,4,465.51,0.09,1700.93,744.95,955.98,CUST1743,ORD30619
2024-05-11,Clothing,Jeans,North,Alice Johnson,15,808.91,0.26,8919.77,4788.43,4131.34,CUST5363,ORD68544
2024-02-11,Home,Garden,East,David Brown,20,887.57,0.04,17041.58,9879.89,7161.7,CUST7611,ORD44224
2023-05-29,Books,Science,South,Eve Wilson,5,834.87,0.23,3212.71,1530.58,1682.13,CUST8194,ORD67210
2024-04-27,Books,Science,Central,Carol Davis,12,502.9,0.16,5079.13,2490.28,2588.86,CUST5066,ORD79690
2023-04-03,Books,History,West,David Brown,10,725.09,0.02,7073.79,4882.97,2190.82,CUST8885,ORD73022
2024-06-04,Sports,Basketball,East,David Brown,4,666.94,0.14,2284.55,1438.95,845.6,CUST8906,ORD59749
2023-11-26,Electronics,Headphones,Central,Eve Wilson,6,898.99,0.18,4442.87,2572.8,1870.06,CUST8884,ORD97008
2023-11-24,Electronics,Headphones,Central,Bob Smith,9,593.13,0.29,3781.12,2030.3,1750.82,CUST9613,ORD62811
2023-02-23,Electronics,Headphones,North,David Brown,9,376.83,0.05,3236.66,1952.84,1283.82,CUST5044,ORD70021
2024-05-18,Sports,Tennis,East,Alice Johnson,10,157.31,0.03,1523.46,906.71,616.75,CUST3103,ORD59149
2024-07-20,Home,Kitchen,North,Bob Smith,2,934.13,0.17,1546.01,1016.76,529.24,CUST2974,ORD83079
2023-09-11,Sports,Tennis,East,Alice Johnson,15,339.85,0.09,4656.61,2942.49,1714.11,CUST3393,ORD83049
2024-08-21,Electronics,Tablet,North,Carol Davis,13,884.36,0.22,8956.67,3811.56,5145.11,CUST3892,ORD94893
2023-01-19,Sports,Tennis,Central,Eve Wilson,12,105.71,0.25,945.98,467.16,478.82,CUST7363,ORD59530
2024-10-12,Home,Appliances,Central,Bob Smith,19,559.04,0.17,8772.82,5258.49,3514.33,CUST8744,ORD55368
2024-09-10,Home,Furniture,Central,Carol Davis,7,666.42,0.0,4655.0,1865.97,2789.03,CUST1509,ORD87966
2024-05-03,Electronics,Tablet,Central,David Brown,4,550.66,0.06,2063.54,1077.84,985.7,CUST2332,ORD93235
2023-07-17,Books,Biography,East,Alice Johnson,5,619.23,0.24,2348.48,1347.11,1001.37,CUST4246,ORD84777
2023-10-06,Home,Decor,West,Eve Wilson,1,29.51,0.3,20.73,13.93,6.8,CUST5320,ORD59251
2023-10-05,Books,Non-Fiction,North,Bob Smith,17,714.17,0.14,10436.48,5002.93,5433.55,CUST5163,ORD13956
2024-01-26,Clothing,Hat,Central,Carol Davis,3,310.77,0.08,856.26,427.91,428.35,CUST8845,ORD18323
2024-05-08,Clothing,T-Shirt,South,Eve Wilson,8,287.03,0.26,1694.46,892.62,801.85,CUST8129,ORD81854
2023-05-17,Clothing,Jeans,West,Alice Johnson,15,333.1,0.13,4335.43,2896.73,1438.7,CUST6495,ORD28489
2023-01-31,Electronics,Headphones,South,Alice Johnson,1,543.14,0.19,440.39,268.39,172.0,CUST1496,ORD83966
2023-02-17,Clothing,Jeans,East,Bob Smith,2,418.98,0.26,621.0,330.88,290.12,CUST3453,ORD80979
2023-05-21,Books,Non-Fiction,West,Alice Johnson,12,232.79,0.3,1960.06,960.74,999.33,CUST4090,ORD62040
2023-08-15,Home,Garden,East,Carol Davis,3,643.37,0.16,1624.05,1132.73,491.33,CUST8287,ORD22703
2023-06-16,Home,Appliances,Central,Alice Johnson,9,125.4,0.04,1084.24,634.07,450.17,CUST1925,ORD94926
2023-03-21,Books,Biography,North,David Brown,10,439.62,0.25,3313.98,1603.67,1710.31,CUST3605,ORD70616
2024-01-27,Books,Biography,West,Carol Davis,19,179.65,0.27,2500.6,1400.19,1100.41,CUST9160,ORD74571
2024-10-07,Books,Science,Central,Bob Smith,8,227.24,0.04,1739.62,1108.39,631.23,CUST2954,ORD15309
2024-10-11,Electronics,Camera,Central,Eve Wilson,2,127.52,0.13,222.08,93.69,128.39,CUST4289,ORD57625
2023-06-11,Sports,Football,West,David Brown,7,126.6,0.05,844.51,499.86,344.65,CUST8690,ORD38637
2024-04-27,Electronics,Headphones,North,Carol Davis,17,180.15,0.18,2506.44,1074.91,1431.53,CUST3655,ORD66283
2023-07-20,Home,Decor,South,Carol Davis,14,928.29,0.02,12777.32,6524.08,6253.24,CUST9467,ORD68325
2024-08-19,Home,Decor,West,Carol Davis,15,149.13,0.24,1702.22,1073.56,628.66,CUST5605,ORD85682
2023-03-11,Clothing,Jacket,East,Carol Davis,19,590.3,0.26,8342.25,4840.57,3501.68,CUST3829,ORD95437
2023-03-16,Home,Garden,Central,Eve Wilson,20,242.31,0.21,3833.96,1689.74,2144.22,CUST2499,ORD90151
2023-07-02,Clothing,Jacket,West,Alice Johnson,10,588.71,0.12,5198.01,2249.92,2948.09,CUST3248,ORD53520
2023-06-20,Clothing,Hat,North,Eve Wilson,17,65.69,0.11,997.81,529.15,468.66,CUST9857,ORD73901
2023-12-01,Electronics,Camera,Central,Bob Smith,14,186.5,0.05,2476.43,1419.81,1056.62,CUST3978,ORD46617
2024-09-23,Books,History,North,Carol Davis,7,564.3,0.15,3338.73,2123.55,1215.18,CUST1622,ORD69071
2024-04-30,Home,Garden,East,Eve Wilson,1,475.9,0.16,400.98,205.59,195.39,CUST7400,ORD68208
2024-08-11,Clothing,Jeans,East,Alice Johnson,12,898.37,0.15,9183.24,5721.29,3461.95,CUST2540,ORD35520
2024-07-20,Clothing,T-Shirt,East,Bob Smith,8,184.54,0.11,1310.28,878.52,431.76,CUST2097,ORD77496
2023-05-29,Clothing,Jeans,South,Carol Davis,18,825.55,0.23,11370.47,5080.07,6290.4,CUST3913,ORD49160
2024-11-07,Electronics,Camera,West,Alice Johnson,19,519.6,0.01,9788.67,4015.54,5773.13,CUST2447,ORD86942
2024-10-23,Sports,Soccer,South,Bob Smith,19,959.13,0.12,16065.95,8358.86,7707.09,CUST5291,ORD15180
2024-05-25,Clothing,T-Shirt,North,Bob Smith,8,523.0,0.04,4018.21,2023.29,1994.93,CUST8346,ORD13446
2024-11-22,Books,Biography,East,Carol Davis,7,333.92,0.01,2307.78,1563.65,744.13,CUST1049,ORD56061
2023-08-05,Home,Appliances,West,Bob Smith,2,115.45,0.21,181.78,83.48,98.3,CUST9735,ORD16488
2024-09-19,Home,Furniture,South,Eve Wilson,17,281.57,0.07,4436.54,2088.09,2348.44,CUST5271,ORD32232
2023-01-04,Books,Non-Fiction,West,Carol Davis,6,402.33,0.26,1793.2,940.74,852.46,CUST3138,ORD77892
2024-06-18,Books,Non-Fiction,South,David Brown,17,52.69,0.04,860.88,525.25,335.63,CUST7629,ORD54587
2023-12-06,Electronics,Tablet,South,Alice Johnson,2,703.44,0.13,1228.43,635.45,592.99,CUST1670,ORD13133
2023-10-08,Home,Garden,South,Eve Wilson,5,269.56,0.23,1042.0,500.7,541.3,CUST6323,ORD77630
2023-06-21,Electronics,Headphones,Central,David Brown,9,942.55,0.11,7560.43,3874.12,3686.31,CUST9803,ORD83604
2024-05-06,Books,Non-Fiction,Central,Bob Smith,20,979.04,0.07,18287.03,11226.67,7060.36,CUST4656,ORD72147
2023-05-18,Books,Fiction,East,Eve Wilson,18,221.96,0.08,3691.34,2067.31,1624.03,CUST3991,ORD38545
2023-01-31,Clothing,Jeans,Central,Alice Johnson,9,186.22,0.29,1190.72,822.83,367.89,CUST6988,ORD84803
2024-08-24,Sports,Soccer,East,Eve Wilson,20,648.77,0.03,12647.79,6489.12,6158.67,CUST4876,ORD56358
2023-02-15,Electronics,Headphones,South,Bob Smith,19,656.35,0.04,12021.76,7449.42,4572.34,CUST7258,ORD68975
2024-05-31,Books,Science,Central,Bob Smith,7,618.87,0.29,3086.13,1608.11,1478.02,CUST7140,ORD31075
2024-10-03,Home,Appliances,West,Eve Wilson,7,931.58,0.18,5358.62,3499.82,1858.8,CUST4619,ORD55085
2024-07-24,Home,Appliances,South,Eve Wilson,14,291.12,0.07,3802.81,1528.28,2274.53,CUST4365,ORD50372
2023-03-28,Clothing,T-Shirt,East,Bob Smith,10,290.54,0.17,2421.62,993.38,1428.24,CUST5460,ORD30222
2023-08-06,Books,Non-Fiction,Central,Bob Smith,3,53.15,0.08,146.43,90.86,55.58,CUST5699,ORD27359
2024-10-17,Books,Non-Fiction,East,Bob Smith,14,411.13,0.05,5472.36,3092.88,2379.48,CUST7580,ORD40263
2023-06-16,Books,Fiction,West,David Brown,14,276.34,0.06,3648.52,1724.33,1924.2,CUST4239,ORD67190
2023-10-01,Clothing,T-Shirt,South,Carol Davis,1,681.95,0.27,497.74,208.42,289.32,CUST4355,ORD58937
2023-03-19,Electronics,Headphones,South,David Brown,12,135.01,0.25,1207.88,696.06,511.81,CUST3448,ORD71755
2023-03-10,Electronics,Tablet,West,David Brown,16,610.06,0.08,8937.71,5916.1,3021.61,CUST7382,ORD18524
2023-03-26,Electronics,Laptop,West,Bob Smith,10,220.79,0.22,1724.28,877.95,846.33,CUST4824,ORD90870
2023-03-07,Home,Appliances,North,Alice Johnson,15,937.26,0.17,11609.53,8013.23,3596.3,CUST6780,ORD93609
2024-10-21,Electronics,Phone,West,Eve Wilson,5,305.06,0.27,1119.05,546.02,573.03,CUST6174,ORD64570
2024-02-09,Home,Furniture,North,Carol Davis,17,336.17,0.03,5547.72,2794.53,2753.19,CUST6634,ORD42699
2023-03-14,Books,Fiction,West,Alice Johnson,8,865.47,0.24,5276.72,3329.0,1947.71,CUST2543,ORD81173
2024-12-06,Home,Furniture,West,Alice Johnson,16,233.17,0.13,3238.58,1428.26,1810.32,CUST9106,ORD39664
2024-01-17,Sports,Tennis,West,David Brown,4,321.99,0.16,1081.74,452.28,629.45,CUST5886,ORD94462
2023-10-15,Books,Science,Central,Eve Wilson,12,411.04,0.28,3571.84,1854.43,1717.41,CUST8427,ORD79639
2024-11-05,Books,Biography,East,Bob Smith,13,768.61,0.03,9653.5,4275.96,5377.54,CUST2967,ORD19535
2024-12-22,Sports,Golf,East,Carol Davis,12,83.9,0.02,989.22,412.35,576.87,CUST7119,ORD39894
2024-07-23,Books,Fiction,East,Bob Smith,8,20.1,0.05,152.88,100.45,52.43,CUST8804,ORD13021
2024-08-10,Books,Non-Fiction,Central,David Brown,16,151.37,0.12,2138.62,1382.11,756.51,CUST7550,ORD22119
2024-01-18,Clothing,Shoes,South,David Brown,1,664.67,0.05,628.25,412.06,216.18,CUST4644,ORD59382
2023-07-16,Books,Non-Fiction,North,Carol Davis,4,628.98,0.19,2029.3,1214.37,814.94,CUST3863,ORD66263
2023-06-09,Sports,Football,North,Bob Smith,6,749.78,0.18,3709.85,1709.12,2000.72,CUST4330,ORD35981
2024-05-28,Sports,Soccer,North,Eve Wilson,12,417.47,0.07,4650.98,2267.38,2383.61,CUST7057,ORD37369
2024-12-17,Books,Biography,South,David Brown,12,462.57,0.28,4004.11,1608.11,2396.0,CUST2888,ORD55320
2024-07-29,Sports,Basketball,South,Bob Smith,10,54.27,0.14,465.96,238.25,227.7,CUST7728,ORD75968
2023-11-13,Home,Decor,South,Carol Davis,13,89.44,0.3,817.43,403.83,413.59,CUST8311,ORD83257
2023-05-01,Electronics,Tablet,North,Carol Davis,15,698.98,0.12,9209.2,5748.1,3461.1,CUST5747,ORD25840
2023-10-11,Clothing,Jeans,Central,Eve Wilson,9,624.86,0.21,4414.66,2316.5,2098.16,CUST3157,ORD46186
2023-01-23,Clothing,Shoes,East,Bob Smith,4,172.22,0.02,677.1,445.37,231.73,CUST7597,ORD43189
2023-07-29,Books,Fiction,North,Bob Smith,5,648.24,0.13,2826.22,1318.95,1507.27,CUST8476,ORD80974
2024-09-26,Home,Decor,North,David Brown,18,294.67,0.22,4130.38,2588.06,1542.32,CUST5128,ORD79038
2023-05-01,Electronics,Tablet,West,Eve Wilson,6,631.55,0.18,3090.11,2094.12,996.0,CUST1992,ORD55409
2023-12-19,Books,Non-Fiction,East,David Brown,14,988.73,0.04,13287.72,6827.98,6459.74,CUST9336,ORD61725
2023-11-16,Clothing,T-Shirt,North,David Brown,16,189.69,0.21,2398.05,1148.92,1249.12,CUST5261,ORD38754
2024-09-26,Home,Kitchen,West,David Brown,9,874.22,0.06,7383.09,3009.08,4374.01,CUST1103,ORD56485
2023-05-31,Electronics,Headphones,West,Carol Davis,13,824.99,0.18,8833.11,5186.22,3646.9,CUST5495,ORD98550
2024-04-02,Electronics,Tablet,South,Carol Davis,8,620.17,0.07,4609.3,2466.41,2142.89,CUST2224,ORD49250
2023-11-11,Sports,Soccer,East,Bob Smith,19,532.05,0.18,8298.11,4599.8,3698.31,CUST9276,ORD98340
2023-07-30,Electronics,Tablet,South,Eve Wilson,1,888.53,0.08,815.57,436.27,379.3,CUST8276,ORD36837
2024-12-26,Books,Non-Fiction,Central,Eve Wilson,12,91.81,0.12,966.31,405.62,560.69,CUST5224,ORD94049
2023-10-16,Sports,Soccer,North,David Brown,2,38.54,0.26,57.08,30.18,26.9,CUST8363,ORD79660
2024-07-08,Electronics,Tablet,North,David Brown,2,814.01,0.04,1556.91,855.7,701.2,CUST8829,ORD12749
2023-06-12,Books,Non-Fiction,South,Eve Wilson,8,58.67,0.28,337.98,139.15,198.83,CUST8747,ORD65585
2024-03-07,Sports,Tennis,East,David Brown,8,826.36,0.12,5841.97,3944.58,1897.39,CUST2937,ORD46702
2024-04-03,Electronics,Headphones,West,Eve Wilson,5,398.46,0.14,1706.75,909.94,796.81,CUST4217,ORD94816
2024-12-22,Home,Decor,West,Alice Johnson,1,871.74,0.02,858.46,373.93,484.53,CUST5319,ORD77638
2024-11-04,Books,Science,Central,David Brown,7,995.47,0.24,5300.91,3186.1,2114.81,CUST9867,ORD68134
2023-12-22,Home,Appliances,West,David Brown,17,434.06,0.02,7222.13,3716.31,3505.82,CUST3771,ORD15622
2024-08-18,Sports,Golf,East,Eve Wilson,14,696.23,0.14,8350.48,3717.52,4632.96,CUST3328,ORD54118
2024-03-20,Clothing,T-Shirt,North,Carol Davis,6,106.23,0.02,626.96,254.15,372.81,CUST7815,ORD22521
2023-06-19,Books,Science,Central,David Brown,9,644.49,0.09,5287.08,2627.55,2659.53,CUST3239,ORD70403
2023-04-26,Sports,Basketball,North,David Brown,5,224.62,0.01,1115.22,696.19,419.03,CUST5597,ORD80587
2023-03-23,Clothing,Jeans,North,Bob Smith,6,848.05,0.24,3844.36,1828.94,2015.43,CUST8422,ORD46127
2024-09-01,Books,Non-Fiction,South,Carol Davis,3,931.45,0.27,2033.5,1241.1,792.41,CUST2335,ORD98903
2023-12-05,Electronics,Tablet,North,Bob Smith,14,400.66,0.3,3938.74,2380.8,1557.94,CUST8543,ORD95776
2023-03-27,Books,Biography,North,Eve Wilson,13,319.66,0.21,3271.03,2161.24,1109.79,CUST3070,ORD35828
2024-02-10,Sports,Golf,West,Carol Davis,4,559.43,0.03,2175.16,1339.6,835.55,CUST9495,ORD26255
2024-03-03,Sports,Football,West,Eve Wilson,11,719.82,0.07,7328.98,4408.92,2920.06,CUST3620,ORD25520
2024-03-07,Electronics,Phone,West,David Brown,11,149.28,0.19,1337.84,923.65,414.19,CUST7937,ORD73367
2024-07-17,Sports,Football,East,Alice Johnson,17,672.89,0.13,9975.28,4262.78,5712.49,CUST5996,ORD74386
2023-09-20,Home,Furniture,South,Eve Wilson,4,450.43,0.26,1340.25,859.41,480.84,CUST2646,ORD42478
2023-10-18,Electronics,Headphones,Central,Alice Johnson,13,908.12,0.25,8879.85,3713.68,5166.17,CUST4327,ORD31541
2023-01-24,Sports,Tennis,North,Carol Davis,8,100.28,0.11,715.31,321.89,393.41,CUST3340,ORD98262
2024-03-24,Home,Garden,South,Carol Davis,8,262.57,0.22,1641.05,789.3,851.74,CUST2804,ORD11561
2024-01-08,Home,Kitchen,West,Carol Davis,3,300.72,0.21,712.69,297.71,414.98,CUST4842,ORD10907
2023-04-09,Home,Appliances,East,David Brown,2,856.06,0.02,1678.7,967.06,711.64,CUST8868,ORD74479
2023-08-22,Sports,Football,North,Eve Wilson,13,995.99,0.26,9540.42,3994.08,5546.34,CUST8320,ORD87627
2024-01-12,Home,Appliances,East,Alice Johnson,4,189.06,0.21,599.16,251.47,347.7,CUST7454,ORD81586
2024-02-17,Books,Science,South,Carol Davis,11,406.21,0.11,3977.86,1945.63,2032.22,CUST2580,ORD20376
2024-06-05,Books,Non-Fiction,West,Eve Wilson,16,487.63,0.04,7466.1,4314.29,3151.81,CUST7409,ORD62576
2023-05-10,Home,Decor,East,Eve Wilson,4,687.43,0.24,2077.65,842.63,1235.01,CUST3234,ORD31428
2024-03-28,Books,History,West,Bob Smith,9,321.63,0.01,2874.11,1193.57,1680.54,CUST5099,ORD89045
2024-07-23,Home,Appliances,West,Eve Wilson,8,119.99,0.08,884.21,424.13,460.07,CUST2583,ORD41962
2024-12-02,Electronics,Tablet,North,Bob Smith,19,895.99,0.06,16038.97,10911.13,5127.83,CUST5045,ORD60776
2023-08-20,Books,History,Central,Bob Smith,7,253.54,0.15,1503.37,995.68,507.69,CUST8576,ORD55161
2024-04-07,Books,Biography,South,Eve Wilson,6,222.8,0.0,1336.03,789.94,546.09,CUST1778,ORD20556
2024-06-28,Home,Kitchen,Central,David Brown,18,391.35,0.07,6586.05,4327.86,2258.18,CUST6991,ORD23200
2023-08-29,Books,History,West,Alice Johnson,7,518.71,0.08,3358.67,2199.68,1158.99,CUST1286,ORD17617
2024-05-29,Books,Fiction,Central,Bob Smith,6,41.27,0.02,241.6,152.73,88.86,CUST2806,ORD23562
2023-03-12,Sports,Golf,Central,Carol Davis,1,976.52,0.01,965.34,516.69,448.65,CUST5105,ORD60869
2024-02-11,Books,History,Central,Alice Johnson,9,825.28,0.15,6345.34,3580.04,2765.3,CUST1213,ORD63675
2024-01-27,Sports,Basketball,East,Alice Johnson,20,606.97,0.02,11878.96,5077.82,6801.14,CUST5654,ORD28319
2023-06-11,Clothing,Shoes,North,Eve Wilson,1,242.29,0.19,196.0,125.94,70.06,CUST9319,ORD99784
2024-12-26,Books,History,South,Bob Smith,16,46.6,0.28,537.61,222.65,314.95,CUST7400,ORD71588
2024-10-09,Electronics,Headphones,North,Eve Wilson,9,841.98,0.13,6587.13,2774.63,3812.5,CUST9929,ORD61060
2024-01-31,Electronics,Laptop,East,Carol Davis,3,68.39,0.28,148.55,79.26,69.29,CUST7905,ORD41765
2023-11-24,Home,Kitchen,North,David Brown,17,822.0,0.14,11976.46,5594.22,6382.24,CUST7321,ORD23731
2023-05-27,Electronics,Headphones,South,Alice Johnson,6,67.97,0.12,358.65,162.54,196.11,CUST1605,ORD92581
2023-10-01,Home,Garden,West,David Brown,11,804.85,0.13,7675.06,4107.31,3567.75,CUST3842,ORD10755
2023-03-02,Clothing,T-Shirt,Central,Carol Davis,5,965.97,0.17,4027.0,1863.46,2163.54,CUST1261,ORD50975
2023-11-05,Electronics,Laptop,Central,David Brown,7,680.66,0.11,4218.72,2484.01,1734.71,CUST5328,ORD33649
2023-08-31,Home,Decor,North,Alice Johnson,1,407.85,0.16,340.7,182.47,158.23,CUST6787,ORD83207
2023-04-30,Electronics,Laptop,South,Alice Johnson,19,504.22,0.3,6730.48,3540.02,3190.46,CUST4562,ORD27755
2024-02-14,Home,Appliances,Central,Carol Davis,4,246.99,0.28,710.65,329.13,381.53,CUST1745,ORD76545
2023-09-04,Sports,Football,North,David Brown,3,360.71,0.25,814.52,379.11,435.42,CUST8425,ORD83010
2024-11-02,Home,Kitchen,Central,Bob Smith,7,588.69,0.2,3305.65,1619.18,1686.47,CUST6779,ORD42218
2024-11-08,Electronics,Tablet,East,Alice Johnson,4,599.66,0.3,1681.39,905.3,776.09,CUST3255,ORD27397
2024-08-03,Clothing,Jeans,Central,Alice Johnson,19,937.56,0.27,13000.76,7223.95,5776.81,CUST8795,ORD43584
2023-07-13,Clothing,T-Shirt,Central,Eve Wilson,18,332.65,0.0,5985.91,2674.71,3311.21,CUST7397,ORD47521
2023-04-12,Electronics,Phone,East,Alice Johnson,11,263.47,0.02,2829.21,1283.45,1545.76,CUST3410,ORD34599
2024-11-12,Home,Decor,North,David Brown,1,641.25,0.03,622.34,365.4,256.94,CUST9069,ORD20529
2023-09-30,Sports,Soccer,Central,Eve Wilson,15,379.25,0.27,4172.56,2379.85,1792.72,CUST4922,ORD13609
2024-07-07,Sports,Football,North,Eve Wilson,5,312.02,0.02,1535.3,982.08,553.22,CUST4241,ORD26471
2024-03-09,Electronics,Phone,Central,Carol Davis,5,97.43,0.22,378.61,183.09,195.52,CUST6017,ORD73259
2024-12-08,Clothing,Jeans,East,Bob Smith,12,569.05,0.18,5601.47,3836.26,1765.21,CUST9818,ORD98633
2023-04-14,Sports,Basketball,Central,Alice Johnson,10,409.41,0.24,3126.96,1662.05,1464.91,CUST2034,ORD42431
2023-05-08,Electronics,Headphones,Central,David Brown,17,180.38,0.23,2361.82,991.84,1369.98,CUST1581,ORD27679
2023-11-25,Books,Biography,West,Eve Wilson,7,367.18,0.03,2493.42,1314.01,1179.41,CUST5317,ORD65321
2024-06-26,Sports,Soccer,East,Bob Smith,16,459.37,0.05,6946.14,4609.66,2336.47,CUST5147,ORD55142
2024-11-18,Home,Appliances,North,Alice Johnson,5,603.35,0.17,2492.86,1598.28,894.58,CUST5509,ORD91664
2023-12-25,Electronics,Tablet,Central,Carol Davis,4,738.31,0.27,2155.44,1076.59,1078.85,CUST6343,ORD67218
2023-08-08,Books,Science,North,Eve Wilson,3,316.93,0.05,899.08,375.72,523.36,CUST9130,ORD36797
2023-07-07,Sports,Soccer,South,Carol Davis,2,351.88,0.02,688.1,341.58,346.52,CUST4131,ORD57066
2024-04-01,Sports,Basketball,Central,Eve Wilson,19,686.14,0.18,10690.93,7127.63,3563.31,CUST3344,ORD57012
2024-03-08,Sports,Tennis,East,Bob Smith,3,594.59,0.15,1521.66,646.61,875.05,CUST9616,ORD60904
2024-10-03,Clothing,T-Shirt,North,David Brown,7,869.84,0.27,4472.57,2985.78,1486.79,CUST9092,ORD43634
2023-04-15,Electronics,Headphones,East,Carol Davis,9,254.21,0.12,2007.23,1368.82,638.41,CUST1851,ORD87349
2024-11-22,Home,Kitchen,West,Alice Johnson,16,912.19,0.16,12208.05,5587.56,6620.49,CUST8065,ORD92846
2023-05-12,Home,Kitchen,East,Eve Wilson,4,518.93,0.12,1819.9,1021.17,798.73,CUST9804,ORD80606
2024-11-05,Books,Non-Fiction,South,Alice Johnson,7,979.64,0.04,6609.89,4207.17,2402.72,CUST8910,ORD34565
2024-06-21,Sports,Basketball,South,David Brown,7,161.94,0.03,1102.03,588.48,513.55,CUST4257,ORD14592
2023-05-19,Books,Biography,North,Carol Davis,13,342.89,0.18,3655.8,2430.92,1224.88,CUST2890,ORD41065
2023-08-28,Home,Appliances,West,Eve Wilson,19,788.38,0.13,13096.86,6253.04,6843.82,CUST8788,ORD16022
2023-07-17,Home,Appliances,Central,Carol Davis,18,970.39,0.24,13217.6,7806.61,5411.0,CUST2905,ORD30555
2024-09-23,Clothing,Hat,North,Eve Wilson,4,545.54,0.15,1856.14,1084.19,771.95,CUST4016,ORD93199
2023-01-23,Sports,Tennis,West,David Brown,2,13.62,0.17,22.72,10.62,12.1,CUST8456,ORD77132
2023-02-28,Clothing,Hat,West,Carol Davis,19,924.01,0.21,13940.76,9046.44,4894.32,CUST6280,ORD81942
2023-08-27,Electronics,Laptop,North,Eve Wilson,20,981.65,0.07,18224.81,11497.97,6726.84,CUST2402,ORD44565
2024-10-27,Books,Science,Central,Eve Wilson,17,671.06,0.08,10445.98,5052.99,5392.98,CUST1431,ORD93531
2023-03-21,Electronics,Camera,West,David Brown,11,581.64,0.07,5935.23,3137.61,2797.61,CUST3812,ORD98923
2024-03-08,Home,Furniture,East,Bob Smith,15,936.88,0.17,11621.95,7601.78,4020.16,CUST3942,ORD85447
2023-10-17,Clothing,T-Shirt,West,Bob Smith,5,131.1,0.01,650.02,443.14,206.88,CUST3374,ORD88361
2024-11-13,Electronics,Laptop,South,David Brown,4,665.87,0.24,2034.39,1303.32,731.07,CUST4891,ORD53083
2023-07-21,Books,Non-Fiction,East,Bob Smith,11,121.56,0.21,1056.05,476.64,579.41,CUST8207,ORD13887
2023-09-12,Electronics,Phone,Central,David Brown,15,681.76,0.26,7587.51,4961.97,2625.54,CUST4911,ORD91981
2023-03-02,Sports,Soccer,South,Eve Wilson,6,879.51,0.17,4370.41,3007.29,1363.13,CUST8252,ORD17820
2024-06-03,Clothing,Jeans,North,Alice Johnson,11,680.4,0.19,6048.47,2912.74,3135.73,CUST1030,ORD86819
2024-03-19,Clothing,Shoes,North,Eve Wilson,12,801.26,0.04,9195.06,5107.64,4087.43,CUST9868,ORD64039
2023-10-26,Books,Science,Central,David Brown,1,905.45,0.02,884.5,385.14,499.36,CUST1907,ORD25870
2023-12-07,Clothing,Shoes,East,Carol Davis,11,452.34,0.18,4098.19,1756.4,2341.79,CUST6531,ORD94848
2023-04-04,Sports,Tennis,West,Alice Johnson,11,976.86,0.23,8296.99,4898.86,3398.13,CUST7938,ORD24496
2023-11-14,Home,Kitchen,East,Bob Smith,2,212.73,0.12,372.48,177.66,194.82,CUST9919,ORD23234
2023-09-09,Electronics,Camera,East,Bob Smith,20,949.21,0.27,13929.15,9054.16,4874.99,CUST7344,ORD81692
2023-09-29,Books,History,West,David Brown,4,615.5,0.26,1833.66,853.24,980.41,CUST7371,ORD81630
2024-04-26,Home,Appliances,West,Alice Johnson,1,754.67,0.23,581.61,365.94,215.67,CUST8502,ORD18645
2023-12-25,Home,Furniture,West,Carol Davis,8,152.43,0.2,976.77,551.46,425.31,CUST5174,ORD77906
2024-10-20,Home,Kitchen,East,Alice Johnson,10,841.06,0.08,7767.76,5327.92,2439.83,CUST7300,ORD24829
2024-02-15,Sports,Soccer,Central,David Brown,10,764.48,0.24,5835.6,2540.23,3295.37,CUST1501,ORD15365
2024-11-26,Electronics,Tablet,North,Eve Wilson,7,995.75,0.06,6521.18,3155.89,3365.29,CUST5720,ORD46768
2024-03-22,Electronics,Headphones,East,David Brown,19,835.92,0.04,15270.42,6400.83,8869.59,CUST8753,ORD56388
2023-11-08,Clothing,Hat,Central,Alice Johnson,12,240.39,0.12,2551.12,1302.51,1248.61,CUST4452,ORD19504
2024-08-29,Electronics,Laptop,South,Carol Davis,13,321.31,0.13,3630.8,2346.0,1284.8,CUST1920,ORD49249
2023-07-21,Home,Garden,East,Alice Johnson,2,168.55,0.13,293.71,123.57,170.14,CUST5351,ORD48133
2023-03-02,Sports,Soccer,Central,Alice Johnson,7,304.9,0.08,1965.25,859.82,1105.43,CUST1402,ORD28867
2023-09-14,Clothing,T-Shirt,West,Eve Wilson,19,641.55,0.22,9447.16,5380.33,4066.82,CUST7432,ORD24428
2023-11-05,Sports,Soccer,Central,David Brown,5,236.21,0.25,887.06,431.07,455.99,CUST7586,ORD55596
2024-12-05,Electronics,Camera,South,Carol Davis,13,600.33,0.07,7238.02,4171.66,3066.36,CUST1747,ORD79996
2024-05-29,Clothing,Jeans,North,David Brown,18,58.92,0.07,983.77,662.99,320.78,CUST2441,ORD44231
2023-04-29,Sports,Tennis,East,Carol Davis,13,642.58,0.11,7419.8,4475.48,2944.32,CUST3438,ORD29695
2024-09-26,Sports,Soccer,North,Eve Wilson,7,141.86,0.2,795.51,428.88,366.63,CUST3093,ORD64238
2023-07-08,Books,History,West,Alice Johnson,19,863.99,0.15,13887.49,6554.6,7332.88,CUST8691,ORD81991
2023-01-31,Home,Garden,South,Alice Johnson,11,820.55,0.04,8667.5,3917.36,4750.14,CUST7607,ORD35038
2024-12-24,Clothing,Shoes,Central,Bob Smith,14,372.09,0.14,4498.32,2029.93,2468.38,CUST4721,ORD84263
2023-02-16,Electronics,Phone,Central,Alice Johnson,16,530.96,0.06,8025.92,3544.3,4481.62,CUST2030,ORD69554
2023-10-28,Sports,Soccer,North,Alice Johnson,1,275.88,0.04,264.54,180.42,84.12,CUST5854,ORD19338
2024-11-01,Clothing,Hat,South,Eve Wilson,17,564.86,0.06,9016.39,5792.11,3224.28,CUST1625,ORD63583
2023-02-08,Electronics,Laptop,South,Eve Wilson,18,945.77,0.19,13798.63,5620.17,8178.46,CUST6587,ORD92650
2023-05-09,Electronics,Phone,East,Eve Wilson,16,442.38,0.16,5963.26,3831.64,2131.62,CUST9220,ORD61516
2024-02-10,Clothing,T-Shirt,Central,Carol Davis,18,762.47,0.11,12212.01,4958.53,7253.48,CUST2061,ORD69018
2023-08-25,Clothing,T-Shirt,East,Eve Wilson,13,966.81,0.07,11692.31,7639.06,4053.25,CUST7967,ORD95395
2024-05-26,Clothing,Shoes,Central,Bob Smith,7,246.04,0.27,1249.34,778.21,471.13,CUST4166,ORD81155
2024-02-29,Clothing,Jeans,South,David Brown,13,293.84,0.01,3797.62,2271.19,1526.43,CUST9412,ORD31589
2023-10-23,Electronics,Phone,South,David Brown,11,373.45,0.2,3278.28,1568.35,1709.92,CUST2948,ORD20983
2024-06-21,Clothing,T-Shirt,South,Eve Wilson,6,605.31,0.01,3591.49,2154.35,1437.14,CUST1017,ORD44932
2024-06-10,Electronics,Headphones,West,Eve Wilson,7,868.36,0.15,5196.11,3585.72,1610.39,CUST2951,ORD64085
2024-02-15,Clothing,Jacket,West,Eve Wilson,16,623.2,0.07,9230.42,4359.85,4870.57,CUST5896,ORD47505
2024-07-21,Books,Science,Central,David Brown,7,646.78,0.29,3209.28,2126.74,1082.53,CUST8810,ORD77518
2024-01-07,Home,Furniture,North,Bob Smith,5,855.0,0.16,3604.7,1568.45,2036.25,CUST8654,ORD81280
2023-01-28,Sports,Tennis,South,David Brown,17,529.33,0.18,7375.67,5080.03,2295.64,CUST7704,ORD34930
2024-03-17,Sports,Basketball,North,Eve Wilson,7,968.59,0.29,4839.83,2914.99,1924.84,CUST9993,ORD94604
2024-06-29,Clothing,Shoes,West,Alice Johnson,8,776.3,0.29,4438.25,2662.23,1776.02,CUST6189,ORD19157
2024-01-04,Sports,Football,North,Alice Johnson,1,529.8,0.09,481.67,282.1,199.57,CUST8428,ORD45958
2024-06-16,Clothing,T-Shirt,South,Carol Davis,15,618.21,0.14,8010.78,3458.76,4552.02,CUST4838,ORD30132
2024-09-20,Books,Non-Fiction,Central,Bob Smith,10,240.4,0.17,1993.6,1068.35,925.25,CUST5604,ORD33489
2024-07-10,Home,Decor,East,Bob Smith,7,547.44,0.01,3802.37,1595.14,2207.23,CUST9704,ORD47183
2024-04-19,Clothing,Jeans,West,Alice Johnson,13,716.28,0.28,6740.94,3129.53,3611.42,CUST6247,ORD21070
2023-07-06,Electronics,Tablet,West,Carol Davis,1,22.7,0.0,22.66,15.74,6.92,CUST3735,ORD13288
2023-08-08,Books,History,East,Carol Davis,10,171.05,0.29,1220.89,838.52,382.37,CUST1242,ORD30659
2023-10-01,Clothing,Jeans,West,David Brown,20,922.21,0.22,14414.79,7788.42,6626.37,CUST7766,ORD83042
2024-11-18,Books,Fiction,South,David Brown,17,995.26,0.09,15356.44,9047.75,6308.69,CUST1100,ORD55688
2023-04-20,Sports,Football,North,David Brown,19,176.75,0.07,3128.13,1342.62,1785.51,CUST2037,ORD75311
2023-10-13,Books,Fiction,North,Eve Wilson,7,268.08,0.16,1578.83,1076.96,501.87,CUST3349,ORD43625
2024-02-05,Home,Decor,Central,Carol Davis,4,518.33,0.28,1502.89,870.79,632.1,CUST1876,ORD77823
2024-03-27,Home,Kitchen,West,Alice Johnson,8,371.72,0.22,2326.33,1020.17,1306.16,CUST3061,ORD68886
2024-07-07,Books,Non-Fiction,Central,Bob Smith,7,876.44,0.07,5708.78,3925.71,1783.07,CUST5634,ORD27948
2024-02-27,Clothing,Jacket,West,Bob Smith,20,558.88,0.15,9548.16,5717.39,3830.77,CUST3186,ORD40854
2024-02-11,Clothing,T-Shirt,Central,Carol Davis,4,260.96,0.3,734.36,480.03,254.33,CUST4706,ORD80066
2023-12-06,Books,Fiction,West,Alice Johnson,18,925.23,0.14,14342.85,9686.15,4656.7,CUST6823,ORD55497
2024-04-19,Home,Kitchen,West,Eve Wilson,3,789.22,0.3,1664.89,1079.97,584.93,CUST9473,ORD94481
2023-02-10,Clothing,Hat,Central,David Brown,19,75.3,0.03,1382.42,878.62,503.8,CUST7581,ORD56549
2023-03-20,Books,Non-Fiction,South,Eve Wilson,4,306.26,0.22,959.27,569.63,389.63,CUST8682,ORD43018
2024-09-10,Home,Furniture,Central,Alice Johnson,2,807.48,0.2,1297.6,521.52,776.08,CUST4176,ORD94383
2024-11-14,Books,Science,North,Bob Smith,10,121.29,0.17,1002.78,632.26,370.52,CUST4301,ORD18496
2023-06-30,Sports,Football,Central,Alice Johnson,6,195.87,0.14,1006.26,444.47,561.79,CUST2165,ORD77291
2023-05-07,Books,Non-Fiction,Central,Alice Johnson,1,879.53,0.1,791.14,357.67,433.48,CUST8188,ORD88569
2023-10-02,Electronics,Camera,North,David Brown,12,909.73,0.28,7839.89,4255.85,3584.03,CUST1222,ORD88983
2024-08-18,Books,Biography,West,David Brown,20,520.7,0.13,9033.67,5406.79,3626.88,CUST8591,ORD82629
2024-02-08,Books,Fiction,East,Alice Johnson,9,665.31,0.04,5737.36,3226.16,2511.2,CUST2279,ORD53532
2023-06-15,Sports,Golf,East,Eve Wilson,11,264.27,0.21,2290.41,1355.34,935.07,CUST6570,ORD70301
2024-09-23,Sports,Tennis,East,Bob Smith,16,323.11,0.03,5036.85,2115.28,2921.57,CUST2245,ORD24797
2024-11-03,Home,Furniture,East,Eve Wilson,8,446.16,0.07,3321.4,1736.89,1584.51,CUST7814,ORD11492
2024-03-23,Electronics,Phone,East,Eve Wilson,12,567.62,0.27,4983.38,3331.91,1651.46,CUST4039,ORD45116
2023-01-16,Sports,Soccer,East,Eve Wilson,20,23.86,0.05,454.56,270.5,184.06,CUST9947,ORD61277
2024-08-11,Electronics,Tablet,East,Eve Wilson,2,969.48,0.06,1816.01,1061.08,754.93,CUST5222,ORD62310
2024-05-04,Books,Fiction,West,David Brown,5,298.7,0.16,1255.5,878.24,377.26,CUST4409,ORD94216
2023-07-14,Sports,Basketball,East,Alice Johnson,20,463.52,0.25,6941.1,4146.47,2794.63,CUST9690,ORD78820
2024-01-16,Clothing,T-Shirt,West,David Brown,5,967.64,0.24,3653.77,1872.97,1780.8,CUST2739,ORD95051
2024-10-25,Electronics,Camera,West,David Brown,16,789.99,0.18,10355.89,5992.05,4363.84,CUST7181,ORD98157
2023-03-15,Electronics,Laptop,West,David Brown,13,198.26,0.2,2053.52,930.11,1123.41,CUST9077,ORD91170
2023-12-16,Electronics,Headphones,North,Carol Davis,1,668.15,0.15,569.33,262.48,306.84,CUST8849,ORD13685
2023-09-27,Home,Furniture,North,Alice Johnson,9,883.17,0.27,5786.62,2516.19,3270.44,CUST4313,ORD55605
2024-04-07,Clothing,Shoes,East,Bob Smith,10,189.06,0.03,1842.25,1014.14,828.11,CUST1299,ORD63188
2023-09-27,Sports,Tennis,South,Eve Wilson,3,506.71,0.04,1459.62,962.23,497.4,CUST7622,ORD18845
2023-08-18,Sports,Tennis,North,Alice Johnson,5,792.55,0.11,3514.86,2346.84,1168.01,CUST2412,ORD92302
2023-01-10,Clothing,Jeans,West,Alice Johnson,6,723.86,0.23,3355.66,1672.26,1683.4,CUST2281,ORD93663
2024-06-29,Home,Kitchen,East,Alice Johnson,11,103.99,0.29,811.14,438.23,372.9,CUST2643,ORD76662
2024-05-07,Electronics,Headphones,West,Bob Smith,16,945.57,0.12,13257.87,5448.99,7808.88,CUST4660,ORD80478
2023-09-03,Clothing,Hat,North,Bob Smith,12,139.42,0.28,1210.26,744.17,466.09,CUST2085,ORD89169
2024-04-18,Sports,Soccer,Central,Bob Smith,17,523.96,0.27,6485.29,3419.63,3065.66,CUST4600,ORD83166
2024-11-29,Home,Decor,East,Carol Davis,1,770.95,0.06,726.99,362.14,364.85,CUST3375,ORD25764
2023-06-24,Clothing,Jeans,Central,Eve Wilson,1,871.84,0.24,664.62,270.52,394.1,CUST7961,ORD43784
2024-08-21,Home,Garden,East,Carol Davis,15,19.4,0.14,249.43,124.73,124.69,CUST2237,ORD82425
2024-03-16,Sports,Basketball,South,Alice Johnson,14,930.53,0.24,9848.61,5670.89,4177.72,CUST8063,ORD14830
2023-01-26,Clothing,Hat,East,Eve Wilson,14,526.08,0.05,6994.54,3051.18,3943.36,CUST4147,ORD61705
2024-04-01,Books,Biography,West,David Brown,14,469.39,0.15,5581.93,2306.23,3275.7,CUST3991,ORD23325
2024-10-22,Electronics,Tablet,East,Carol Davis,1,104.82,0.14,89.83,40.99,48.84,CUST3886,ORD74962
2023-02-22,Home,Furniture,South,Carol Davis,5,299.94,0.17,1239.2,814.64,424.56,CUST4362,ORD70756
2023-12-24,Home,Kitchen,West,Bob Smith,15,916.21,0.04,13236.05,6158.73,7077.33,CUST1298,ORD51484
2023-04-01,Books,Biography,North,Eve Wilson,4,507.74,0.1,1836.25,916.89,919.36,CUST4512,ORD77205
2024-05-19,Books,Biography,North,Carol Davis,20,243.6,0.29,3445.28,2400.8,1044.49,CUST2080,ORD74769
2023-08-13,Home,Decor,South,Alice Johnson,14,21.65,0.28,217.47,134.77,82.7,CUST6493,ORD96843
2024-07-13,Home,Decor,South,Carol Davis,8,466.2,0.21,2939.54,1736.07,1203.47,CUST7815,ORD92254
2023-12-14,Books,Biography,Central,Eve Wilson,12,367.23,0.2,3517.59,1449.16,2068.43,CUST7868,ORD29965
2024-01-14,Sports,Tennis,North,Eve Wilson,15,306.39,0.15,3891.89,1758.17,2133.72,CUST2972,ORD85311
2024-08-18,Home,Garden,West,Alice Johnson,15,948.29,0.13,12365.38,8604.9,3760.49,CUST6784,ORD39283
2024-09-14,Sports,Basketball,North,Alice Johnson,19,372.28,0.13,6178.52,3152.07,3026.45,CUST6277,ORD43433
2023-02-05,Electronics,Camera,West,Alice Johnson,13,489.25,0.3,4475.31,2795.11,1680.2,CUST9930,ORD19528
2024-12-25,Sports,Golf,South,Alice Johnson,17,67.83,0.23,882.31,571.91,310.41,CUST7803,ORD45145
2023-09-12,Sports,Basketball,South,Eve Wilson,4,66.31,0.14,226.9,136.32,90.58,CUST9113,ORD92058
2023-06-02,Electronics,Phone,Central,David Brown,8,417.3,0.13,2914.8,1258.55,1656.26,CUST1356,ORD46622
2023-01-04,Books,Science,South,Alice Johnson,8,286.14,0.02,2246.27,955.39,1290.88,CUST2944,ORD85072
2024-06-12,Home,Appliances,North,Alice Johnson,11,529.91,0.03,5674.93,2387.37,3287.56,CUST9520,ORD34569
2023-09-23,Clothing,Jeans,North,Alice Johnson,6,904.31,0.14,4641.94,1928.76,2713.18,CUST4392,ORD80285
2023-11-15,Books,Biography,Central,Carol Davis,20,100.23,0.27,1464.25,874.96,589.29,CUST6405,ORD60480
2023-07-21,Electronics,Laptop,Central,Alice Johnson,5,17.76,0.07,82.82,52.26,30.56,CUST7953,ORD71767
2023-04-09,Clothing,Hat,Central,Carol Davis,16,704.58,0.06,10560.45,6632.95,3927.5,CUST4779,ORD90103
2024-09-04,Electronics,Phone,Central,Eve Wilson,4,208.34,0.06,782.83,497.33,285.51,CUST9252,ORD92084
2023-08-12,Electronics,Camera,South,Bob Smith,14,783.64,0.29,7800.48,5092.54,2707.94,CUST3657,ORD10606
2024-04-03,Home,Kitchen,East,David Brown,15,752.95,0.1,10217.66,5581.61,4636.05,CUST5463,ORD97443
2023-12-15,Sports,Tennis,South,Eve Wilson,2,41.9,0.02,81.99,47.44,34.56,CUST1828,ORD37352
2024-10-29,Clothing,Hat,South,Bob Smith,18,415.66,0.25,5589.25,3615.57,1973.67,CUST4399,ORD38873
2023-01-24,Books,Fiction,Central,Carol Davis,3,110.42,0.02,323.64,138.36,185.27,CUST6675,ORD19108
2023-02-08,Books,Non-Fiction,Central,Carol Davis,17,955.11,0.26,12049.11,5764.83,6284.29,CUST5457,ORD45395
2024-04-05,Home,Appliances,Central,Carol Davis,9,29.8,0.07,249.27,172.03,77.24,CUST6333,ORD38150
2024-05-28,Home,Furniture,East,Alice Johnson,8,572.81,0.09,4161.14,2033.79,2127.35,CUST8300,ORD10653
2024-08-08,Clothing,Shoes,South,David Brown,20,418.71,0.01,8308.06,3853.15,4454.91,CUST1864,ORD48247
2024-07-30,Books,Fiction,Central,Carol Davis,8,154.47,0.24,935.69,420.88,514.81,CUST5357,ORD53112
2023-10-28,Home,Appliances,West,Eve Wilson,18,880.05,0.3,11120.64,5387.32,5733.32,CUST3637,ORD90796
2024-01-16,Books,Science,South,Carol Davis,17,793.55,0.22,10559.6,4372.15,6187.46,CUST8349,ORD66047
2024-02-10,Books,History,North,Alice Johnson,1,792.45,0.08,725.76,506.97,218.8,CUST9381,ORD53303
2024-03-18,Clothing,Jeans,West,Carol Davis,1,103.44,0.3,72.76,37.9,34.87,CUST9721,ORD43582
2023-04-30,Electronics,Camera,North,Carol Davis,8,146.62,0.12,1029.92,595.22,434.7,CUST2979,ORD65626
2023-08-09,Sports,Golf,East,Carol Davis,14,304.06,0.09,3864.65,2366.26,1498.4,CUST6213,ORD34257
2023-02-15,Home,Appliances,Central,David Brown,12,149.58,0.07,1666.19,815.97,850.22,CUST5493,ORD14804
2023-12-04,Sports,Basketball,North,Eve Wilson,20,844.27,0.07,15769.37,10984.13,4785.24,CUST4908,ORD97554
2024-01-07,Sports,Tennis,South,Bob Smith,18,973.38,0.2,14076.74,8172.83,5903.91,CUST8937,ORD56412
2024-05-13,Home,Furniture,Central,Carol Davis,7,673.74,0.13,4124.41,2359.43,1764.98,CUST2467,ORD54047
2024-08-10,Home,Garden,South,Carol Davis,6,814.48,0.06,4577.9,2092.35,2485.56,CUST2837,ORD16732
2023-07-06,Sports,Tennis,West,Eve Wilson,7,127.41,0.17,739.05,437.99,301.06,CUST6451,ORD94853
2024-12-10,Electronics,Phone,West,Eve Wilson,11,933.04,0.19,8288.82,4007.59,4281.23,CUST3141,ORD25308
2023-01-30,Clothing,Shoes,North,Carol Davis,18,183.96,0.22,2578.31,1758.37,819.95,CUST9932,ORD14178
2023-08-18,Home,Kitchen,South,Eve Wilson,16,536.76,0.11,7627.03,3298.64,4328.4,CUST7733,ORD27320
2024-07-13,Electronics,Headphones,Central,Alice Johnson,17,105.45,0.06,1682.23,1122.12,560.11,CUST5708,ORD66426
2024-11-03,Electronics,Laptop,West,David Brown,11,333.82,0.01,3636.31,2210.29,1426.02,CUST7939,ORD28946
2023-01-15,Sports,Tennis,East,David Brown,14,30.22,0.18,347.73,158.85,188.88,CUST4547,ORD31461
2023-02-02,Clothing,Hat,East,Carol Davis,18,916.75,0.0,16473.9,8305.48,8168.42,CUST5274,ORD49219
2023-09-15,Home,Kitchen,East,Eve Wilson,13,307.04,0.03,3861.58,2043.05,1818.54,CUST4307,ORD31828
2024-02-07,Home,Furniture,South,Alice Johnson,6,365.1,0.24,1657.74,1015.31,642.42,CUST2302,ORD61318
2024-10-28,Electronics,Tablet,West,Bob Smith,20,73.75,0.1,1327.89,750.47,577.42,CUST2216,ORD84300
2024-06-12,Home,Garden,North,David Brown,7,828.67,0.13,5048.33,2935.95,2112.38,CUST7500,ORD92118
2024-04-06,Home,Kitchen,West,David Brown,6,304.09,0.2,1456.43,741.28,715.16,CUST7333,ORD63018
2024-10-30,Clothing,T-Shirt,West,Carol Davis,10,637.75,0.08,5892.01,2928.32,2963.69,CUST5652,ORD92645
2024-03-06,Sports,Soccer,South,Eve Wilson,1,227.77,0.2,182.37,98.43,83.94,CUST5221,ORD82744
2023-11-29,Books,Science,North,Eve Wilson,9,39.48,0.1,319.8,176.23,143.56,CUST1784,ORD62578
2023-03-01,Home,Appliances,Central,Alice Johnson,10,922.85,0.16,7768.8,3841.11,3927.69,CUST2243,ORD54971
2024-02-22,Home,Appliances,North,Alice Johnson,16,16.86,0.02,264.82,111.41,153.41,CUST5964,ORD99671
2024-11-30,Clothing,Jacket,Central,David Brown,10,929.32,0.1,8384.63,5822.31,2562.32,CUST6596,ORD18894
2023-12-09,Books,Fiction,North,David Brown,15,304.92,0.13,3957.05,2422.66,1534.39,CUST7792,ORD41184
2024-12-04,Home,Garden,West,David Brown,18,814.33,0.23,11245.98,6883.63,4362.35,CUST9817,ORD71962
2023-01-03,Sports,Golf,North,Bob Smith,17,887.99,0.1,13515.07,7580.31,5934.76,CUST9911,ORD52541
2024-02-05,Electronics,Phone,North,Bob Smith,1,919.01,0.23,706.43,386.59,319.84,CUST9926,ORD23077
2023-11-08,Sports,Football,Central,Eve Wilson,7,211.9,0.17,1231.79,717.96,513.83,CUST1727,ORD47902
2023-03-16,Books,Science,Central,Eve Wilson,4,455.34,0.16,1536.8,987.61,549.19,CUST1826,ORD98558
2023-05-27,Books,Fiction,Central,Bob Smith,6,156.61,0.23,725.7,362.58,363.12,CUST9212,ORD54326
2023-06-10,Clothing,Jeans,West,Bob Smith,4,871.7,0.04,3363.23,1543.81,1819.42,CUST8887,ORD24140
2024-07-28,Books,Non-Fiction,North,David Brown,17,399.84,0.22,5285.34,2720.13,2565.21,CUST5895,ORD72248
2024-07-11,Books,Fiction,South,Carol Davis,18,937.71,0.23,12963.66,6312.37,6651.29,CUST5688,ORD66389
2023-06-13,Home,Decor,North,Alice Johnson,19,448.35,0.03,8222.62,5588.45,2634.17,CUST3682,ORD66949
2024-06-06,Home,Furniture,East,Eve Wilson,11,929.04,0.11,9141.27,4241.95,4899.32,CUST2286,ORD14240
2024-03-08,Clothing,Shoes,South,Alice Johnson,19,638.58,0.23,9313.68,3784.77,5528.9,CUST8782,ORD24242
2023-07-10,Electronics,Tablet,East,Alice Johnson,15,875.58,0.23,10076.26,5466.49,4609.78,CUST6155,ORD46428
2023-04-18,Electronics,Phone,North,Carol Davis,8,106.05,0.09,770.82,402.06,368.76,CUST1349,ORD68581
2023-03-17,Clothing,T-Shirt,North,Carol Davis,13,483.09,0.13,5452.67,3355.5,2097.18,CUST3138,ORD89499
2024-02-11,Electronics,Tablet,Central,Bob Smith,19,817.46,0.09,14164.75,8025.77,6138.98,CUST3916,ORD70267
2024-04-20,Home,Appliances,East,David Brown,14,35.63,0.15,423.16,291.74,131.42,CUST2365,ORD33144
2023-01-08,Books,Fiction,West,Eve Wilson,8,865.73,0.09,6279.29,3162.45,3116.84,CUST3286,ORD67393
2023-02-15,Home,Decor,Central,David Brown,5,528.33,0.21,2081.46,1339.05,742.41,CUST9826,ORD55746
2024-01-23,Clothing,T-Shirt,West,Alice Johnson,9,339.08,0.28,2202.44,1057.96,1144.48,CUST3717,ORD59692
2023-12-08,Books,Biography,East,Eve Wilson,3,247.0,0.26,546.42,293.87,252.56,CUST3888,ORD46979
2023-08-31,Home,Furniture,Central,David Brown,14,658.24,0.2,7364.85,3102.32,4262.53,CUST3100,ORD93498
2024-10-09,Sports,Golf,South,Carol Davis,13,567.08,0.21,5791.44,2668.76,3122.68,CUST4688,ORD13230
2023-01-01,Books,History,East,Alice Johnson,1,710.31,0.03,688.0,403.54,284.46,CUST6125,ORD38933
2023-11-24,Books,Fiction,East,Carol Davis,15,356.76,0.27,3913.03,1944.34,1968.69,CUST2727,ORD83785
2024-08-03,Clothing,Jeans,West,Alice Johnson,4,622.33,0.07,2303.56,1208.42,1095.14,CUST8177,ORD43850
2024-04-19,Home,Garden,West,Bob Smith,5,463.8,0.2,1863.63,1166.46,697.17,CUST6639,ORD86444
2023-02-03,Books,Non-Fiction,Central,Bob Smith,4,514.81,0.24,1569.18,695.27,873.91,CUST2096,ORD97848
2024-01-31,Sports,Basketball,West,Alice Johnson,14,473.86,0.06,6213.94,3757.17,2456.77,CUST4463,ORD76767
2024-07-17,Electronics,Laptop,North,David Brown,1,65.87,0.06,62.02,27.16,34.86,CUST6714,ORD36870
2024-10-04,Books,Non-Fiction,South,Alice Johnson,14,11.29,0.21,125.28,52.83,72.45,CUST1357,ORD52835
2024-04-20,Electronics,Tablet,South,Bob Smith,13,64.41,0.26,621.19,268.34,352.85,CUST3757,ORD28279
2024-10-16,Books,Biography,East,Bob Smith,18,191.95,0.16,2904.61,1742.15,1162.46,CUST2126,ORD60972
2023-07-30,Home,Decor,West,Eve Wilson,20,463.19,0.13,8017.69,4059.7,3958.0,CUST1269,ORD66269
2023-08-18,Books,History,West,Alice Johnson,2,769.61,0.09,1405.35,563.14,842.21,CUST5210,ORD51922
2023-02-16,Home,Furniture,Central,David Brown,13,17.99,0.23,180.16,113.4,66.76,CUST2828,ORD17478
2024-06-11,Sports,Golf,Central,David Brown,9,848.03,0.28,5459.42,3785.61,1673.8,CUST7530,ORD15015
2023-09-10,Clothing,Hat,North,David Brown,16,653.75,0.01,10397.43,5215.22,5182.2,CUST7220,ORD70349
2023-11-27,Books,Fiction,North,Carol Davis,2,845.1,0.29,1196.1,796.4,399.7,CUST3307,ORD75046
2024-04-01,Clothing,Hat,South,David Brown,19,307.48,0.18,4782.91,2113.2,2669.72,CUST5587,ORD37331
2023-01-14,Books,Biography,East,Bob Smith,5,279.63,0.24,1056.65,684.55,372.1,CUST6337,ORD94050
2023-02-11,Clothing,Jeans,Central,Carol Davis,14,62.56,0.27,635.75,340.56,295.19,CUST7298,ORD11482
2024-05-01,Clothing,T-Shirt,South,Carol Davis,12,996.78,0.08,11028.42,5343.45,5684.97,CUST4333,ORD17448
2024-10-13,Home,Garden,North,Alice Johnson,10,161.31,0.28,1154.87,476.51,678.35,CUST2198,ORD19448
2024-07-24,Home,Furniture,West,Bob Smith,9,977.18,0.01,8666.88,4463.64,4203.24,CUST3113,ORD92505
2024-07-08,Sports,Tennis,Central,Alice Johnson,5,742.93,0.08,3428.94,2233.33,1195.6,CUST7763,ORD75861
2023-09-17,Clothing,Jacket,Central,Eve Wilson,14,45.56,0.16,537.5,346.96,190.54,CUST7686,ORD83909
2023-08-29,Sports,Football,East,Alice Johnson,12,418.57,0.07,4693.62,2946.42,1747.2,CUST8668,ORD85914
2023-07-28,Clothing,Hat,East,Bob Smith,20,150.22,0.26,2216.33,1413.79,802.54,CUST5081,ORD74864
2023-09-20,Books,Fiction,North,David Brown,6,830.34,0.11,4449.74,2379.76,2069.98,CUST2463,ORD55754
2024-11-26,Electronics,Tablet,South,Bob Smith,1,964.79,0.12,846.83,358.99,487.84,CUST9579,ORD46487
2024-01-22,Electronics,Camera,Central,David Brown,7,947.67,0.26,4882.3,2723.89,2158.41,CUST2002,ORD47604
2023-03-15,Electronics,Headphones,West,Alice Johnson,8,744.86,0.22,4648.8,2758.86,1889.93,CUST6185,ORD92371
2024-08-05,Home,Garden,North,Alice Johnson,2,994.47,0.02,1947.48,961.32,986.16,CUST4038,ORD61480
2024-04-23,Clothing,Hat,West,Bob Smith,20,551.47,0.16,9295.06,6172.72,3122.34,CUST5546,ORD36573
2023-06-20,Electronics,Phone,North,David Brown,9,861.48,0.04,7411.66,3502.89,3908.77,CUST7051,ORD56525
2023-03-09,Home,Appliances,South,David Brown,20,945.86,0.15,16012.39,7360.16,8652.22,CUST8704,ORD63108
2023-12-28,Books,History,West,Eve Wilson,8,865.98,0.24,5237.81,2692.51,2545.3,CUST5134,ORD32848
2023-04-17,Books,Non-Fiction,East,Alice Johnson,14,780.92,0.15,9279.62,5412.57,3867.06,CUST4410,ORD84552
2024-01-10,Sports,Basketball,West,Carol Davis,1,867.71,0.01,858.13,477.28,380.85,CUST5327,ORD70738
2023-01-08,Clothing,Jeans,Central,Eve Wilson,7,416.97,0.26,2153.54,1487.28,666.26,CUST5005,ORD68541
2024-01-09,Books,History,East,Alice Johnson,15,434.56,0.15,5512.43,2659.22,2853.2,CUST2945,ORD63969
2024-06-30,Electronics,Camera,North,Eve Wilson,1,237.76,0.19,193.2,85.21,107.99,CUST3399,ORD96074
2023-10-01,Sports,Golf,South,Carol Davis,4,450.77,0.2,1434.58,992.73,441.85,CUST7110,ORD76021
2023-09-29,Home,Kitchen,West,Alice Johnson,3,380.17,0.18,933.43,460.73,472.7,CUST7703,ORD44056
2023-03-23,Books,Science,Central,David Brown,16,92.57,0.08,1364.93,878.87,486.07,CUST2180,ORD82064
2023-12-17,Electronics,Headphones,Central,Alice Johnson,1,200.58,0.12,176.79,99.38,77.41,CUST1635,ORD83621
2024-09-09,Electronics,Phone,Central,Carol Davis,4,979.87,0.29,2785.95,1583.59,1202.35,CUST4028,ORD50340
2024-03-09,Electronics,Tablet,South,Eve Wilson,13,804.28,0.01,10368.85,4959.07,5409.77,CUST2593,ORD81132
2024-07-19,Clothing,Jeans,Central,Alice Johnson,11,756.12,0.15,7099.21,4303.6,2795.61,CUST8565,ORD36466
2024-11-03,Sports,Basketball,North,Eve Wilson,6,801.21,0.22,3735.72,2457.79,1277.93,CUST3189,ORD81904
2024-08-12,Clothing,T-Shirt,Central,David Brown,8,15.38,0.17,101.79,58.35,43.44,CUST8173,ORD27484
2024-05-04,Electronics,Phone,Central,Alice Johnson,7,899.66,0.17,5241.07,2292.08,2948.99,CUST7683,ORD37332
2024-07-13,Sports,Soccer,North,Alice Johnson,14,38.59,0.02,528.79,335.05,193.74,CUST1029,ORD55493
2024-02-24,Books,Non-Fiction,Central,Bob Smith,16,979.31,0.12,13788.41,9543.19,4245.21,CUST6060,ORD96477
2023-01-07,Sports,Soccer,Central,David Brown,18,586.39,0.09,9642.47,3937.79,5704.68,CUST5224,ORD39802
2023-04-07,Books,Non-Fiction,South,Bob Smith,10,535.41,0.26,3956.62,2760.63,1195.99,CUST7615,ORD50605
2023-04-20,Electronics,Laptop,Central,Alice Johnson,6,999.98,0.21,4759.01,3244.44,1514.57,CUST8522,ORD76221
2023-12-01,Clothing,Hat,West,David Brown,3,351.66,0.1,950.67,450.09,500.58,CUST1168,ORD65639
2024-12-25,Home,Appliances,West,Carol Davis,1,914.44,0.11,813.16,483.04,330.12,CUST6772,ORD71572
2024-11-18,Home,Furniture,West,David Brown,15,946.85,0.14,12160.07,7820.62,4339.45,CUST6458,ORD50720
2023-01-21,Home,Appliances,East,David Brown,5,36.19,0.21,142.59,69.77,72.82,CUST3643,ORD47248
2024-05-02,Clothing,Hat,South,Bob Smith,17,901.18,0.13,13296.27,7462.86,5833.41,CUST4308,ORD52376
2023-09-08,Sports,Football,Central,David Brown,17,962.82,0.14,14047.85,9561.25,4486.6,CUST5997,ORD54350
2023-06-08,Electronics,Tablet,West,Eve Wilson,6,213.24,0.28,922.93,388.73,534.2,CUST3209,ORD76896
2024-12-17,Electronics,Laptop,South,Carol Davis,2,703.78,0.14,1211.92,727.52,484.39,CUST4803,ORD15789
2024-03-03,Sports,Tennis,Central,David Brown,13,342.73,0.08,4100.01,2330.32,1769.69,CUST7054,ORD95850
2023-05-14,Sports,Golf,North,Bob Smith,19,378.07,0.04,6892.1,3164.6,3727.49,CUST7502,ORD51672
2024-11-20,Books,Biography,Central,Alice Johnson,16,437.08,0.1,6288.55,2929.54,3359.02,CUST9904,ORD45550
2024-01-10,Home,Decor,West,Bob Smith,17,154.75,0.29,1879.77,850.58,1029.19,CUST5850,ORD37174
2024-09-08,Home,Appliances,North,Bob Smith,5,124.71,0.26,463.0,192.59,270.41,CUST5164,ORD79674
2023-03-17,Electronics,Phone,Central,Eve Wilson,19,495.89,0.21,7444.42,4678.66,2765.76,CUST3675,ORD84269
2024-03-16,Books,Fiction,East,Bob Smith,10,601.6,0.2,4821.54,2389.65,2431.89,CUST7314,ORD25120
2024-12-11,Home,Decor,West,Alice Johnson,13,123.93,0.26,1187.97,483.6,704.37,CUST8905,ORD15913
2024-04-13,Books,Fiction,East,Carol Davis,13,748.79,0.13,8430.45,3565.99,4864.46,CUST6574,ORD99273
2024-08-04,Sports,Basketball,East,Alice Johnson,10,562.71,0.11,5015.8,2427.62,2588.18,CUST2780,ORD27688
2024-05-27,Clothing,Jeans,Central,Eve Wilson,7,471.26,0.12,2902.79,1784.87,1117.92,CUST5830,ORD96257
2024-09-29,Home,Decor,West,Eve Wilson,2,441.6,0.27,647.8,377.23,270.57,CUST2934,ORD59485
2023-08-12,Electronics,Laptop,South,Alice Johnson,18,381.65,0.25,5126.02,2706.58,2419.44,CUST8333,ORD52155
2023-06-09,Books,History,North,Eve Wilson,4,902.59,0.24,2751.89,1612.48,1139.41,CUST7491,ORD23940
2024-04-28,Clothing,Shoes,Central,Bob Smith,18,17.95,0.12,282.73,122.28,160.45,CUST9358,ORD11900
2023-01-28,Electronics,Laptop,North,Eve Wilson,13,872.22,0.09,10283.77,4259.44,6024.33,CUST9482,ORD24835
2024-01-14,Clothing,Hat,West,Alice Johnson,11,276.47,0.28,2197.04,1323.16,873.88,CUST4535,ORD51110
2023-12-19,Electronics,Laptop,Central,David Brown,3,136.58,0.12,361.14,160.97,200.18,CUST2844,ORD77858
2023-02-27,Books,Biography,Central,David Brown,10,859.77,0.29,6094.68,2514.86,3579.82,CUST9167,ORD37443
2024-02-10,Sports,Basketball,South,Eve Wilson,12,921.62,0.14,9531.02,6294.81,3236.21,CUST6628,ORD27696
2024-11-11,Clothing,T-Shirt,South,Alice Johnson,8,344.48,0.12,2426.68,1449.61,977.07,CUST7331,ORD58555
2024-07-16,Sports,Soccer,North,Bob Smith,2,807.54,0.16,1356.91,561.85,795.06,CUST7479,ORD16277
2023-11-06,Clothing,Jacket,East,Carol Davis,18,715.42,0.15,10983.86,5423.85,5560.01,CUST9175,ORD88049
2024-11-26,Sports,Tennis,North,Carol Davis,8,898.59,0.25,5425.63,3333.06,2092.57,CUST8466,ORD71440
2023-07-20,Clothing,Shoes,North,Carol Davis,8,16.03,0.09,116.41,61.35,55.07,CUST2414,ORD18712
2024-11-03,Books,Science,Central,Carol Davis,10,112.6,0.03,1089.9,526.49,563.41,CUST9041,ORD67790
2023-11-01,Sports,Basketball,Central,Alice Johnson,11,737.79,0.05,7693.03,3183.13,4509.9,CUST4372,ORD15563
2024-04-08,Clothing,Hat,North,David Brown,2,821.48,0.03,1586.9,780.86,806.04,CUST3379,ORD43311
2024-09-18,Books,Biography,North,David Brown,12,872.54,0.15,8885.23,4550.71,4334.52,CUST6078,ORD36131
2023-06-14,Electronics,Camera,East,Carol Davis,13,895.78,0.14,10008.56,5736.96,4271.6,CUST8897,ORD97097
2023-09-16,Sports,Golf,West,Carol Davis,9,61.09,0.17,456.34,264.63,191.72,CUST8400,ORD65789
2023-12-15,Home,Appliances,North,Bob Smith,1,32.74,0.14,28.09,12.71,15.37,CUST2546,ORD25848
2023-06-17,Clothing,Hat,North,David Brown,12,410.82,0.07,4573.36,2526.37,2046.99,CUST9662,ORD88653
2023-09-02,Home,Furniture,South,Bob Smith,4,200.24,0.15,684.03,341.1,342.93,CUST7494,ORD84828
2023-03-27,Electronics,Laptop,West,David Brown,3,112.8,0.16,283.39,127.39,156.0,CUST4291,ORD44921
2024-01-22,Sports,Tennis,South,Eve Wilson,8,397.03,0.25,2389.46,1496.94,892.52,CUST1430,ORD51415
2024-03-12,Electronics,Tablet,East,Alice Johnson,15,601.02,0.03,8731.54,5600.23,3131.31,CUST3224,ORD30130
2024-05-12,Books,Fiction,East,Carol Davis,16,36.69,0.02,574.28,245.39,328.9,CUST5500,ORD84815
2023-09-14,Electronics,Phone,East,Carol Davis,14,140.46,0.13,1713.05,901.9,811.15,CUST6063,ORD68161
2024-08-13,Sports,Basketball,North,David Brown,9,498.63,0.26,3328.82,1829.15,1499.67,CUST2049,ORD45161
2023-06-26,Home,Appliances,West,Alice Johnson,17,918.82,0.3,10984.62,5720.94,5263.68,CUST9782,ORD62191
2023-08-27,Books,Fiction,West,Eve Wilson,4,427.51,0.17,1414.64,593.36,821.28,CUST2163,ORD39020
2023-05-29,Sports,Golf,South,Alice Johnson,9,969.74,0.3,6136.6,2943.86,3192.74,CUST9695,ORD98659
2024-07-18,Clothing,T-Shirt,West,David Brown,3,735.52,0.18,1803.77,1209.95,593.82,CUST7248,ORD97759
2024-09-07,Clothing,Shoes,West,Alice Johnson,16,858.44,0.29,9749.86,5715.22,4034.64,CUST3624,ORD33617
2023-11-10,Electronics,Tablet,West,Carol Davis,8,317.02,0.23,1963.89,1128.72,835.18,CUST9808,ORD56690
2024-01-12,Home,Appliances,West,Alice Johnson,18,674.36,0.23,9400.91,3968.11,5432.8,CUST5629,ORD72942
2023-10-27,Clothing,Jacket,West,Alice Johnson,20,351.49,0.09,6404.53,3142.3,3262.23,CUST9815,ORD27057
2024-11-10,Clothing,Hat,West,Eve Wilson,8,392.84,0.2,2529.03,1722.35,806.69,CUST3713,ORD57207
2023-03-09,Sports,Football,South,Bob Smith,3,772.64,0.14,1999.98,1384.23,615.75,CUST7839,ORD58367
2023-12-26,Sports,Tennis,North,Alice Johnson,14,15.39,0.15,183.84,95.88,87.96,CUST9436,ORD68989
2023-11-28,Electronics,Camera,North,David Brown,4,752.99,0.27,2205.61,1459.09,746.51,CUST2542,ORD91263
2023-03-28,Home,Decor,South,Alice Johnson,19,929.38,0.07,16407.8,10256.21,6151.58,CUST1457,ORD92844
2024-10-16,Clothing,T-Shirt,West,Eve Wilson,1,708.26,0.03,686.85,356.65,330.2,CUST3671,ORD72967
2024-07-14,Home,Garden,West,Eve Wilson,15,821.54,0.21,9747.33,5912.01,3835.32,CUST9480,ORD84209
2024-07-12,Books,History,North,David Brown,13,602.66,0.22,6072.91,4032.59,2040.32,CUST8684,ORD99334
2023-04-20,Clothing,T-Shirt,East,David Brown,7,405.9,0.28,2041.92,1011.75,1030.17,CUST2650,ORD84426
2023-05-16,Electronics,Camera,North,Carol Davis,1,764.59,0.27,559.23,267.83,291.4,CUST4817,ORD64885
2024-12-08,Sports,Soccer,South,Eve Wilson,6,861.69,0.22,4016.1,1727.75,2288.35,CUST5851,ORD61981
2024-11-10,Clothing,Shoes,East,Bob Smith,11,92.49,0.0,1016.4,635.96,380.44,CUST5896,ORD53548
2023-10-21,Clothing,T-Shirt,East,Carol Davis,1,970.9,0.08,893.4,380.27,513.12,CUST4667,ORD31774
2024-02-08,Electronics,Laptop,North,Bob Smith,11,71.32,0.23,607.72,363.4,244.32,CUST4145,ORD47613
2024-06-05,Sports,Soccer,South,Eve Wilson,10,952.72,0.23,7336.57,4714.26,2622.31,CUST8705,ORD12417
2023-11-26,Sports,Tennis,South,Alice Johnson,11,383.58,0.03,4088.97,2654.76,1434.21,CUST7398,ORD27640
2023-04-07,Clothing,T-Shirt,East,Alice Johnson,12,915.12,0.11,9783.6,5810.7,3972.9,CUST2094,ORD18329
2024-09-13,Clothing,T-Shirt,North,Carol Davis,12,993.29,0.13,10327.47,5040.88,5286.59,CUST7230,ORD56322
2024-08-16,Sports,Golf,East,Alice Johnson,3,617.77,0.08,1702.85,960.26,742.59,CUST1562,ORD91221
2024-12-04,Electronics,Laptop,North,Carol Davis,15,772.45,0.06,10894.69,6262.32,4632.37,CUST2007,ORD21142
2024-08-25,Electronics,Camera,East,Eve Wilson,13,111.2,0.02,1417.73,858.78,558.95,CUST1281,ORD84062
2023-01-05,Sports,Football,Central,Bob Smith,4,979.79,0.18,3199.12,2054.79,1144.32,CUST6151,ORD50657
2024-10-01,Home,Kitchen,East,Bob Smith,6,789.31,0.28,3386.99,2155.13,1231.86,CUST4073,ORD71535
2023-09-14,Electronics,Tablet,Central,Bob Smith,10,675.36,0.22,5253.38,2894.93,2358.45,CUST7117,ORD28903
2023-07-15,Sports,Basketball,South,David Brown,18,898.65,0.21,12829.07,7633.22,5195.86,CUST7359,ORD35768
2024-07-04,Books,Non-Fiction,Central,Alice Johnson,5,405.68,0.16,1708.32,693.13,1015.19,CUST5306,ORD52017
2024-03-12,Electronics,Phone,West,David Brown,4,386.63,0.09,1406.39,676.79,729.6,CUST6987,ORD15858
2023-09-09,Books,Fiction,North,Eve Wilson,4,540.36,0.19,1742.59,862.69,879.9,CUST7561,ORD73259
2024-11-15,Sports,Tennis,West,David Brown,7,220.58,0.0,1542.36,1058.45,483.91,CUST3813,ORD68552
2024-12-20,Sports,Basketball,East,Eve Wilson,8,196.63,0.06,1483.09,929.46,553.63,CUST2769,ORD26370
2023-06-08,Home,Furniture,South,Carol Davis,20,371.04,0.16,6215.59,2729.79,3485.8,CUST9159,ORD49505
2024-11-09,Clothing,Hat,East,Bob Smith,15,132.2,0.27,1438.63,755.71,682.91,CUST1937,ORD51421
2023-09-05,Electronics,Laptop,West,David Brown,6,85.33,0.09,464.52,310.28,154.23,CUST8945,ORD41320
2023-06-05,Clothing,Jacket,Central,Alice Johnson,4,70.6,0.16,238.13,129.78,108.35,CUST4867,ORD21336
2023-02-14,Books,Fiction,South,Alice Johnson,6,314.05,0.14,1626.63,729.72,896.91,CUST3912,ORD92112
2024-04-26,Sports,Football,South,Bob Smith,18,212.71,0.26,2843.78,1403.04,1440.74,CUST2686,ORD44407
2024-07-01,Books,Non-Fiction,South,Alice Johnson,14,690.41,0.15,8247.38,3324.06,4923.32,CUST3028,ORD79787
2023-05-18,Sports,Basketball,Central,Eve Wilson,6,200.21,0.05,1141.33,645.41,495.92,CUST1785,ORD61196
2024-05-06,Home,Decor,East,Bob Smith,13,369.74,0.2,3859.13,1819.39,2039.75,CUST4967,ORD39171
2024-12-04,Clothing,Hat,West,Carol Davis,1,140.62,0.28,101.68,52.41,49.27,CUST9650,ORD40817
2024-04-18,Home,Kitchen,East,Carol Davis,6,737.48,0.13,3860.1,2382.34,1477.76,CUST2364,ORD25502
2023-11-14,Books,Science,North,David Brown,17,169.95,0.07,2699.59,1176.6,1522.99,CUST2880,ORD43657
2023-02-12,Clothing,Jacket,Central,David Brown,2,646.8,0.24,983.89,446.83,537.07,CUST5148,ORD77669
2023-06-08,Books,Non-Fiction,North,David Brown,4,463.72,0.07,1732.7,1182.95,549.75,CUST8510,ORD81938
2023-01-08,Home,Garden,East,Eve Wilson,6,494.21,0.16,2484.18,1625.65,858.54,CUST8369,ORD58658
2023-08-13,Clothing,Jeans,Central,David Brown,2,73.86,0.21,117.41,71.11,46.3,CUST4718,ORD87774
2023-06-13,Clothing,Hat,East,Bob Smith,5,951.21,0.26,3496.77,1854.48,1642.29,CUST5884,ORD19710
2023-09-20,Clothing,Jacket,West,Eve Wilson,11,871.54,0.18,7814.29,3469.42,4344.88,CUST1844,ORD83380
2023-04-16,Electronics,Tablet,Central,Eve Wilson,12,11.4,0.08,125.52,76.66,48.85,CUST4767,ORD96039
2024-12-01,Electronics,Phone,East,Eve Wilson,2,272.39,0.06,509.85,298.37,211.48,CUST9887,ORD48073
2024-12-25,Books,History,North,Eve Wilson,10,756.63,0.09,6861.64,3906.19,2955.44,CUST6063,ORD53569
2023-03-19,Home,Decor,East,Alice Johnson,18,676.75,0.26,9042.1,5179.38,3862.71,CUST6699,ORD45096
2023-12-03,Electronics,Headphones,Central,Alice Johnson,7,163.55,0.06,1073.87,674.78,399.09,CUST8962,ORD45827
2023-03-08,Home,Decor,North,Eve Wilson,3,19.68,0.2,47.06,29.02,18.05,CUST3971,ORD36874
2023-11-23,Electronics,Phone,North,Eve Wilson,5,710.92,0.26,2632.91,1430.46,1202.45,CUST7147,ORD41019
2024-08-22,Home,Appliances,South,David Brown,7,769.5,0.03,5228.57,2760.52,2468.05,CUST1061,ORD12954
2023-05-27,Home,Kitchen,East,David Brown,11,22.35,0.02,241.54,140.1,101.43,CUST5977,ORD45373
2023-10-06,Clothing,Jeans,North,Alice Johnson,12,356.52,0.03,4138.61,2564.83,1573.78,CUST5922,ORD22627
2023-07-06,Electronics,Headphones,South,Eve Wilson,3,276.76,0.05,792.25,413.4,378.85,CUST2609,ORD49060
2024-05-18,Home,Decor,West,Alice Johnson,9,425.18,0.02,3759.36,1703.03,2056.33,CUST4344,ORD94428
2024-04-24,Sports,Basketball,East,Carol Davis,19,816.25,0.0,15463.09,7036.59,8426.49,CUST8467,ORD94654
2023-07-11,Books,Fiction,North,Carol Davis,15,785.72,0.24,8999.56,4543.08,4456.49,CUST7764,ORD42297
2024-07-29,Clothing,T-Shirt,South,Carol Davis,7,895.83,0.16,5253.21,2925.66,2327.55,CUST1425,ORD35186
2024-01-19,Sports,Basketball,West,Carol Davis,2,738.36,0.12,1295.88,554.27,741.61,CUST1188,ORD24848
2023-03-24,Books,Fiction,Central,Eve Wilson,6,539.8,0.18,2645.05,1077.92,1567.13,CUST8313,ORD94828
2023-08-20,Electronics,Headphones,East,Alice Johnson,9,597.54,0.04,5140.38,3394.02,1746.37,CUST3640,ORD66459
2024-11-01,Books,Science,North,Carol Davis,11,769.39,0.04,8161.69,4557.48,3604.2,CUST7728,ORD94032
2024-03-01,Books,Fiction,North,Carol Davis,8,947.38,0.21,6014.51,2599.97,3414.54,CUST1070,ORD28885
2023-01-16,Clothing,Jeans,East,David Brown,14,223.4,0.25,2337.51,951.51,1385.99,CUST5942,ORD87373
2024-06-05,Clothing,Jacket,East,Carol Davis,4,751.69,0.28,2161.44,1220.63,940.81,CUST5895,ORD98882
2023-12-14,Sports,Football,South,David Brown,11,287.3,0.21,2489.06,1019.99,1469.07,CUST7511,ORD77737
2023-08-21,Electronics,Tablet,West,Eve Wilson,8,607.16,0.05,4631.23,3209.39,1421.83,CUST7415,ORD56610
2023-01-14,Books,Fiction,West,Alice Johnson,8,241.81,0.06,1826.37,859.25,967.12,CUST8892,ORD34072
2023-06-29,Books,Non-Fiction,North,Bob Smith,20,815.15,0.01,16220.09,6947.43,9272.66,CUST1597,ORD88041
2024-02-22,Books,History,South,Eve Wilson,15,295.3,0.28,3174.71,2047.73,1126.97,CUST6710,ORD92596
2023-04-09,Home,Decor,West,David Brown,18,972.37,0.25,13147.97,5875.64,7272.33,CUST9182,ORD89828
2023-08-08,Books,Fiction,North,Eve Wilson,13,473.95,0.12,5400.85,3206.3,2194.55,CUST6481,ORD82435
2023-03-06,Sports,Basketball,South,Eve Wilson,16,377.79,0.09,5515.81,2300.72,3215.09,CUST5615,ORD86164
2024-03-27,Books,History,West,Carol Davis,13,883.96,0.09,10422.72,5835.67,4587.05,CUST8628,ORD59954
2024-10-17,Electronics,Phone,North,Bob Smith,11,942.66,0.21,8200.03,3824.02,4376.01,CUST8733,ORD37281
2024-10-21,Home,Kitchen,Central,Bob Smith,18,548.81,0.04,9526.81,4470.13,5056.68,CUST9804,ORD14198
2023-06-19,Electronics,Laptop,South,David Brown,2,359.08,0.15,613.57,413.7,199.87,CUST6064,ORD20166
2023-10-21,Books,Fiction,South,Bob Smith,3,980.82,0.21,2311.29,1141.39,1169.89,CUST3221,ORD13485
2024-05-27,Electronics,Camera,North,Alice Johnson,20,905.63,0.14,15626.2,9279.24,6346.97,CUST9637,ORD55735
2024-11-27,Clothing,Jeans,West,Bob Smith,10,611.73,0.07,5708.82,2808.68,2900.14,CUST3226,ORD12515
2023-03-29,Home,Kitchen,Central,Carol Davis,18,635.56,0.09,10452.7,4747.33,5705.37,CUST8291,ORD76435
2024-09-08,Sports,Golf,West,David Brown,10,281.75,0.24,2146.92,1449.49,697.43,CUST3336,ORD92862
2024-11-29,Books,Biography,West,Eve Wilson,10,721.88,0.08,6622.62,3752.39,2870.23,CUST8516,ORD24546
2023-02-14,Clothing,Shoes,North,Carol Davis,14,350.23,0.14,4217.55,1854.16,2363.39,CUST8157,ORD43757
2023-01-09,Electronics,Laptop,Central,Eve Wilson,5,412.17,0.16,1721.07,836.54,884.53,CUST1070,ORD98771
2023-10-07,Clothing,Shoes,South,Carol Davis,19,373.42,0.21,5628.73,3559.41,2069.32,CUST6429,ORD80789
2024-08-13,Electronics,Phone,North,Eve Wilson,12,965.11,0.06,10848.02,5973.31,4874.71,CUST2709,ORD85094
2023-06-29,Home,Kitchen,West,Carol Davis,3,517.39,0.05,1479.58,740.92,738.66,CUST6053,ORD40147
2023-04-16,Electronics,Headphones,North,Alice Johnson,17,300.92,0.22,4011.27,1775.3,2235.97,CUST7049,ORD65309
2023-07-20,Home,Kitchen,South,David Brown,7,512.15,0.04,3455.91,2293.76,1162.15,CUST9851,ORD74767
2024-04-28,Sports,Football,West,David Brown,19,877.53,0.25,12514.41,8211.18,4303.23,CUST3862,ORD32142
2024-04-03,Sports,Soccer,South,David Brown,7,776.18,0.13,4713.7,1984.02,2729.68,CUST9723,ORD22081
2023-08-31,Books,Biography,North,Bob Smith,18,986.15,0.29,12577.13,6851.88,5725.26,CUST2596,ORD27907
2023-06-21,Electronics,Camera,East,David Brown,6,758.15,0.12,4022.2,1700.34,2321.86,CUST6699,ORD72454
2024-12-02,Home,Decor,West,David Brown,2,113.19,0.03,218.65,142.75,75.9,CUST2399,ORD15234
2024-03-17,Electronics,Tablet,South,David Brown,20,909.86,0.21,14379.26,6769.27,7609.99,CUST3759,ORD61317
2023-11-12,Books,Non-Fiction,South,Bob Smith,1,185.03,0.22,144.56,63.71,80.85,CUST5554,ORD39805
2024-02-10,Electronics,Laptop,North,Eve Wilson,13,540.06,0.02,6897.89,4265.67,2632.22,CUST2523,ORD62039
2023-11-06,Electronics,Laptop,North,Carol Davis,8,245.01,0.19,1589.43,916.74,672.69,CUST9401,ORD86753
2024-12-31,Clothing,Jeans,Central,Alice Johnson,1,144.43,0.15,123.05,68.93,54.12,CUST1346,ORD86032
2023-03-03,Sports,Tennis,West,Alice Johnson,7,963.09,0.21,5314.09,3062.37,2251.72,CUST5559,ORD48901
2023-11-23,Home,Furniture,East,Eve Wilson,1,792.73,0.2,634.08,383.09,250.99,CUST1157,ORD37564
2023-01-06,Home,Decor,Central,Carol Davis,19,979.48,0.15,15834.65,7340.82,8493.83,CUST4319,ORD95765
2023-10-31,Books,History,North,Carol Davis,6,298.19,0.25,1347.98,920.02,427.96,CUST1622,ORD67131
2024-01-26,Electronics,Camera,South,Alice Johnson,7,945.16,0.09,6033.14,2823.6,3209.54,CUST9584,ORD12398
2024-05-22,Clothing,T-Shirt,South,David Brown,20,210.05,0.09,3834.43,2558.77,1275.66,CUST8889,ORD61446
2024-04-14,Electronics,Headphones,Central,Alice Johnson,8,12.67,0.1,91.15,55.07,36.08,CUST7069,ORD96013
2024-04-15,Sports,Basketball,West,David Brown,4,782.26,0.24,2371.03,1106.65,1264.39,CUST1373,ORD51241
2023-12-27,Clothing,Jeans,Central,Carol Davis,16,568.62,0.09,8250.37,4414.61,3835.76,CUST9814,ORD40491
2023-08-29,Sports,Golf,North,Bob Smith,20,370.52,0.23,5713.5,2970.49,2743.01,CUST5186,ORD16239
2023-10-17,Books,History,North,David Brown,12,129.72,0.25,1163.44,711.71,451.73,CUST1394,ORD24009
2024-02-22,Electronics,Phone,West,Alice Johnson,12,205.25,0.27,1808.15,873.24,934.91,CUST4413,ORD32442
2023-12-29,Clothing,Jacket,North,David Brown,12,615.39,0.01,7292.77,5055.87,2236.9,CUST8535,ORD83845
2023-07-21,Sports,Golf,East,Alice Johnson,5,958.54,0.07,4465.7,2002.94,2462.77,CUST2692,ORD15052
2024-04-07,Home,Furniture,West,Bob Smith,13,441.53,0.2,4617.56,2596.43,2021.14,CUST9602,ORD40187
2024-11-08,Books,Science,East,Bob Smith,3,321.21,0.26,711.51,337.08,374.43,CUST3332,ORD32121
2024-09-12,Books,History,West,Eve Wilson,12,568.27,0.12,6003.28,2692.74,3310.54,CUST1942,ORD69153
2024-07-14,Books,Biography,West,Carol Davis,17,497.65,0.16,7080.83,4029.08,3051.75,CUST6137,ORD57202
2024-11-16,Electronics,Headphones,East,Carol Davis,19,216.46,0.11,3658.28,1560.32,2097.96,CUST2551,ORD79739
2023-10-10,Home,Decor,East,Bob Smith,6,458.69,0.21,2163.28,1463.24,700.04,CUST8328,ORD33736
2024-07-06,Electronics,Tablet,South,Bob Smith,4,111.32,0.13,388.36,218.08,170.29,CUST5862,ORD95112
2023-11-05,Sports,Soccer,West,David Brown,3,191.28,0.17,474.7,304.79,169.91,CUST2794,ORD88130
2023-08-14,Clothing,T-Shirt,Central,Bob Smith,17,918.42,0.09,14188.1,7984.07,6204.03,CUST3162,ORD82023
2024-11-14,Electronics,Laptop,East,David Brown,18,375.02,0.21,5347.82,2941.91,2405.91,CUST5878,ORD18219
2024-10-12,Home,Furniture,North,Eve Wilson,6,418.54,0.06,2369.11,1156.07,1213.04,CUST8050,ORD43558
2024-03-17,Sports,Football,North,Bob Smith,18,953.7,0.14,14723.2,7156.81,7566.38,CUST3273,ORD86499
2024-10-14,Books,Fiction,North,Alice Johnson,20,314.79,0.18,5160.76,3494.84,1665.92,CUST4804,ORD11249
2024-09-21,Books,Biography,West,David Brown,2,419.39,0.05,796.04,394.17,401.87,CUST8177,ORD23265
2024-05-16,Electronics,Camera,West,Carol Davis,8,664.1,0.09,4849.35,2377.21,2472.14,CUST1240,ORD89062
2024-12-07,Home,Furniture,Central,Bob Smith,5,451.12,0.14,1948.58,1283.84,664.74,CUST1079,ORD23032
2023-08-26,Electronics,Camera,East,Alice Johnson,4,986.81,0.01,3918.76,2265.13,1653.63,CUST3498,ORD64907
2024-04-10,Electronics,Headphones,Central,Alice Johnson,13,844.46,0.2,8782.17,5530.98,3251.19,CUST7907,ORD36783
2024-08-21,Electronics,Camera,North,Eve Wilson,20,289.87,0.02,5669.58,3949.93,1719.65,CUST8130,ORD86490
2024-05-10,Sports,Golf,Central,Carol Davis,9,325.22,0.29,2071.57,1271.46,800.12,CUST8802,ORD29639
2024-10-11,Sports,Basketball,West,Carol Davis,1,655.68,0.27,478.35,261.17,217.18,CUST7589,ORD24419
2023-09-15,Sports,Basketball,West,Carol Davis,9,840.89,0.22,5890.86,3321.39,2569.47,CUST9117,ORD50936
2023-10-22,Electronics,Laptop,Central,Alice Johnson,11,883.12,0.05,9189.59,6064.03,3125.56,CUST3634,ORD21446
2023-03-31,Books,History,West,Eve Wilson,20,463.4,0.17,7689.27,3507.04,4182.23,CUST4058,ORD75886
2024-12-07,Sports,Tennis,East,Carol Davis,4,913.79,0.26,2710.48,1088.14,1622.34,CUST8951,ORD39535
2024-05-19,Sports,Tennis,West,David Brown,9,174.96,0.04,1514.05,902.53,611.52,CUST1121,ORD36621
2024-09-04,Electronics,Phone,East,Eve Wilson,19,756.9,0.02,14076.18,8663.8,5412.38,CUST3335,ORD72813
2023-10-08,Books,Non-Fiction,North,Carol Davis,5,404.46,0.13,1754.68,761.0,993.69,CUST9596,ORD41474
2023-09-17,Electronics,Tablet,East,Bob Smith,19,815.08,0.24,11756.53,8223.82,3532.71,CUST8168,ORD98360
2024-09-02,Home,Decor,Central,Eve Wilson,10,900.36,0.02,8795.23,4526.57,4268.66,CUST6315,ORD54483
2024-12-22,Home,Decor,South,Eve Wilson,15,934.04,0.2,11214.35,6878.12,4336.23,CUST3049,ORD85935
2023-04-04,Home,Appliances,South,Bob Smith,10,35.71,0.18,292.9,117.31,175.59,CUST4078,ORD20979
2024-08-15,Sports,Football,East,Alice Johnson,14,274.0,0.14,3296.73,1454.31,1842.42,CUST2996,ORD95738
2024-03-27,Sports,Tennis,West,Eve Wilson,15,616.25,0.03,9002.32,4696.03,4306.29,CUST3777,ORD57640
2023-07-01,Home,Decor,North,David Brown,1,686.23,0.18,560.21,346.74,213.47,CUST6245,ORD37081
2023-03-03,Home,Furniture,North,David Brown,3,48.56,0.28,104.67,56.13,48.54,CUST1552,ORD82961
2024-08-22,Home,Decor,South,Eve Wilson,5,875.59,0.13,3829.09,1953.82,1875.27,CUST3135,ORD68889
2023-05-18,Electronics,Headphones,West,Alice Johnson,20,603.03,0.09,10988.85,4958.47,6030.38,CUST5584,ORD21248
2023-11-02,Sports,Tennis,North,Eve Wilson,18,421.07,0.13,6627.99,3843.98,2784.01,CUST3827,ORD68885
2023-04-22,Home,Garden,East,Bob Smith,6,604.49,0.02,3561.03,2410.77,1150.26,CUST9354,ORD99523
2023-11-18,Electronics,Laptop,South,David Brown,11,182.29,0.24,1518.45,685.48,832.97,CUST2428,ORD83754
2023-10-31,Clothing,Shoes,South,David Brown,8,473.62,0.12,3347.75,1827.23,1520.52,CUST3638,ORD30110
2024-04-14,Home,Appliances,South,David Brown,16,331.04,0.26,3925.05,2343.77,1581.28,CUST2378,ORD46793
2023-01-21,Clothing,T-Shirt,South,Alice Johnson,19,410.47,0.08,7166.05,4762.89,2403.16,CUST1123,ORD84174
2023-04-29,Sports,Tennis,South,David Brown,14,645.16,0.01,8966.98,3900.19,5066.79,CUST5884,ORD28352
2024-01-25,Sports,Basketball,North,David Brown,20,637.13,0.21,10037.65,5649.45,4388.19,CUST7519,ORD94227
2023-12-04,Clothing,T-Shirt,South,Carol Davis,15,387.49,0.1,5256.45,2779.02,2477.44,CUST8559,ORD45538
2024-12-12,Electronics,Laptop,Central,Carol Davis,5,489.57,0.0,2440.84,1234.88,1205.97,CUST8991,ORD87111
2024-02-12,Books,Biography,South,Carol Davis,10,558.77,0.06,5274.4,3075.46,2198.95,CUST1691,ORD13289
2023-11-06,Home,Appliances,South,Bob Smith,17,208.55,0.12,3132.75,1336.26,1796.49,CUST3983,ORD36313
2023-06-09,Clothing,Jeans,East,Carol Davis,8,367.32,0.19,2380.8,1451.91,928.89,CUST1086,ORD49104
2023-02-25,Home,Decor,South,Alice Johnson,19,945.19,0.01,17745.58,9728.49,8017.09,CUST7042,ORD98287
2023-07-09,Sports,Soccer,West,Eve Wilson,19,317.99,0.17,4998.41,2549.42,2448.99,CUST8832,ORD38861
2023-02-08,Books,Non-Fiction,East,Bob Smith,2,559.59,0.18,920.58,597.01,323.57,CUST8171,ORD85285
2024-03-31,Books,Fiction,West,Alice Johnson,9,397.97,0.29,2551.79,1288.82,1262.97,CUST9672,ORD53810
2023-12-12,Books,Fiction,East,David Brown,11,95.13,0.2,838.16,536.17,301.99,CUST3530,ORD97317
2024-10-31,Clothing,T-Shirt,West,Alice Johnson,3,266.52,0.17,663.66,461.68,201.98,CUST6709,ORD58596
2023-06-22,Home,Appliances,East,Carol Davis,6,443.08,0.28,1914.77,820.01,1094.76,CUST6478,ORD43935
2023-06-21,Electronics,Laptop,East,Alice Johnson,15,554.52,0.13,7247.31,4572.67,2674.64,CUST8874,ORD23611
2024-03-21,Clothing,Hat,East,Alice Johnson,17,21.18,0.04,346.18,228.77,117.41,CUST5264,ORD78732
2023-05-31,Home,Furniture,South,Bob Smith,16,143.36,0.22,1779.99,1202.94,577.05,CUST4263,ORD50842
2024-10-30,Books,Non-Fiction,Central,Eve Wilson,4,844.11,0.19,2725.57,1762.79,962.78,CUST6396,ORD37920
2023-10-08,Electronics,Phone,Central,David Brown,18,40.19,0.26,534.8,283.45,251.35,CUST7251,ORD50345
2024-06-04,Home,Garden,North,David Brown,8,335.35,0.3,1879.36,935.15,944.21,CUST1710,ORD22175
2023-12-05,Sports,Soccer,Central,Carol Davis,14,260.01,0.27,2656.96,1689.83,967.13,CUST4867,ORD31786
2024-09-08,Home,Appliances,East,Carol Davis,8,438.13,0.24,2673.32,1591.65,1081.66,CUST1711,ORD20526
2023-05-07,Sports,Basketball,Central,Eve Wilson,18,15.39,0.16,233.47,161.52,71.95,CUST8891,ORD58225
2024-01-11,Books,Biography,Central,Bob Smith,5,987.04,0.24,3755.74,2447.78,1307.95,CUST2784,ORD72049
2023-10-20,Electronics,Camera,East,Bob Smith,20,159.47,0.03,3080.47,2010.38,1070.09,CUST3383,ORD85670
2023-04-13,Sports,Golf,East,Bob Smith,20,715.86,0.0,14281.03,6051.4,8229.63,CUST1904,ORD10531
2024-07-09,Clothing,Shoes,West,Alice Johnson,17,825.92,0.22,10961.36,7203.41,3757.95,CUST5037,ORD56093
2024-02-13,Sports,Football,West,Bob Smith,10,925.4,0.03,8998.72,6265.18,2733.55,CUST7530,ORD51314
2023-01-02,Sports,Basketball,Central,David Brown,4,420.94,0.09,1537.66,703.55,834.1,CUST2794,ORD49785
2024-06-08,Home,Furniture,East,David Brown,4,82.16,0.14,281.2,142.15,139.05,CUST5340,ORD32775
2023-03-06,Electronics,Laptop,North,Carol Davis,20,535.2,0.02,10478.04,5496.71,4981.33,CUST2683,ORD45391
2023-09-02,Clothing,Hat,East,Alice Johnson,18,585.98,0.11,9409.63,5713.47,3696.17,CUST9498,ORD25952
2023-11-17,Sports,Soccer,East,Alice Johnson,8,21.44,0.21,135.22,87.67,47.55,CUST1750,ORD69501
2024-11-16,Electronics,Phone,East,Carol Davis,17,913.35,0.04,14873.33,8855.86,6017.47,CUST9860,ORD15083
2024-04-26,Electronics,Tablet,South,Eve Wilson,19,104.35,0.19,1605.56,887.78,717.79,CUST3990,ORD75855
2024-02-13,Books,History,East,Carol Davis,20,914.64,0.22,14349.3,7054.45,7294.85,CUST8620,ORD77407
2024-11-28,Clothing,Jacket,East,Eve Wilson,20,288.28,0.08,5300.59,2127.52,3173.07,CUST1193,ORD68424
2024-09-19,Home,Appliances,Central,Alice Johnson,16,190.35,0.08,2790.06,1865.54,924.52,CUST6041,ORD99652
2024-08-22,Sports,Football,South,Carol Davis,17,495.09,0.2,6735.34,2903.13,3832.22,CUST1615,ORD50436
2023-03-13,Books,Fiction,West,Alice Johnson,16,103.82,0.28,1188.4,481.43,706.97,CUST7981,ORD21498
2024-07-27,Sports,Basketball,Central,Eve Wilson,2,110.0,0.04,210.2,132.85,77.35,CUST3216,ORD76376
2023-03-23,Clothing,Hat,East,Eve Wilson,5,316.82,0.06,1483.31,661.5,821.81,CUST5075,ORD94488
2023-04-18,Sports,Soccer,East,Alice Johnson,2,129.36,0.09,235.28,112.95,122.33,CUST6460,ORD31746
2023-10-17,Electronics,Laptop,South,Carol Davis,14,712.23,0.2,7955.94,4514.46,3441.48,CUST1374,ORD29110
2024-08-24,Books,Biography,North,David Brown,4,775.07,0.27,2257.67,1100.45,1157.22,CUST8038,ORD28535
2024-11-20,Sports,Soccer,West,David Brown,8,316.39,0.22,1982.12,1023.09,959.03,CUST9451,ORD95210
2024-02-13,Books,Biography,North,David Brown,7,10.27,0.15,61.31,25.61,35.7,CUST1891,ORD63272
2023-02-07,Home,Furniture,Central,Carol Davis,6,532.71,0.11,2839.59,1297.49,1542.1,CUST7509,ORD32511
2023-01-06,Home,Kitchen,East,Eve Wilson,13,536.18,0.08,6442.03,3654.71,2787.32,CUST9552,ORD27706
2023-01-25,Home,Kitchen,East,Eve Wilson,20,61.9,0.26,914.64,615.02,299.61,CUST5893,ORD43014
2024-08-26,Sports,Basketball,East,Carol Davis,20,966.41,0.26,14325.99,5784.87,8541.11,CUST2132,ORD68598
2024-11-06,Books,History,West,Carol Davis,9,929.71,0.15,7081.61,4539.65,2541.96,CUST7624,ORD14727
2023-08-03,Clothing,Jacket,Central,Alice Johnson,7,314.85,0.05,2092.48,1225.33,867.16,CUST5521,ORD48277
2024-04-27,Home,Furniture,East,David Brown,12,607.58,0.26,5417.19,2653.46,2763.73,CUST2051,ORD47288
2024-12-29,Clothing,Jacket,Central,Carol Davis,7,57.22,0.25,301.79,152.2,149.58,CUST1860,ORD58426
2023-07-14,Home,Garden,East,Carol Davis,1,377.26,0.1,337.88,140.07,197.82,CUST5546,ORD40326
2024-10-09,Books,History,South,David Brown,9,418.3,0.28,2705.44,1642.58,1062.86,CUST9100,ORD94853
2024-12-02,Home,Decor,West,Carol Davis,4,922.31,0.11,3282.17,1801.81,1480.36,CUST7527,ORD74644
2024-07-09,Electronics,Phone,Central,Bob Smith,15,533.04,0.17,6676.17,3277.42,3398.74,CUST7265,ORD92637
2024-06-09,Books,Non-Fiction,West,David Brown,4,361.39,0.21,1146.5,720.33,426.16,CUST7217,ORD44557
2023-04-30,Electronics,Tablet,South,Carol Davis,14,671.01,0.15,7965.43,4305.7,3659.73,CUST7484,ORD76579
2024-05-11,Home,Kitchen,West,Bob Smith,5,387.68,0.24,1464.65,620.94,843.7,CUST2882,ORD25111
2023-10-14,Books,History,West,Eve Wilson,13,406.8,0.13,4617.55,2256.15,2361.4,CUST1003,ORD96947
2024-11-04,Books,Biography,West,Bob Smith,20,913.78,0.19,14779.36,6021.15,8758.21,CUST9700,ORD43051
2024-11-26,Home,Appliances,North,David Brown,2,690.81,0.08,1268.01,557.88,710.13,CUST3549,ORD24542
2024-04-19,Home,Garden,West,Bob Smith,13,416.31,0.19,4404.17,2073.61,2330.56,CUST9092,ORD94866
2023-03-30,Home,Appliances,West,Carol Davis,5,527.28,0.11,2349.18,1084.15,1265.03,CUST8425,ORD88285
2024-10-25,Clothing,T-Shirt,South,Carol Davis,16,964.94,0.2,12328.16,7123.3,5204.86,CUST2161,ORD23872
2023-09-17,Clothing,Shoes,South,Carol Davis,19,923.51,0.17,14541.38,9487.31,5054.07,CUST9856,ORD71343
2023-10-10,Books,Non-Fiction,East,David Brown,14,313.25,0.08,4051.69,1755.1,2296.59,CUST4041,ORD88232
2024-02-27,Clothing,T-Shirt,South,David Brown,10,209.4,0.14,1792.68,1072.86,719.82,CUST1791,ORD32731
2023-10-25,Sports,Football,North,Carol Davis,18,200.57,0.09,3300.64,1751.11,1549.53,CUST5666,ORD37578
2023-04-26,Sports,Golf,Central,David Brown,17,657.28,0.05,10594.58,5256.56,5338.02,CUST5991,ORD52129
2023-01-06,Clothing,Jeans,East,Eve Wilson,3,719.75,0.23,1671.46,781.11,890.35,CUST1162,ORD23145
2023-04-26,Home,Decor,East,Alice Johnson,14,696.08,0.13,8521.16,3679.45,4841.72,CUST7650,ORD52416
2023-04-25,Clothing,Shoes,North,Eve Wilson,7,972.67,0.1,6155.87,3625.22,2530.66,CUST8381,ORD46571
2023-08-04,Electronics,Camera,North,Eve Wilson,5,976.39,0.1,4417.62,1811.95,2605.67,CUST1728,ORD15261
2024-01-03,Clothing,T-Shirt,North,Alice Johnson,19,600.09,0.07,10562.53,7374.44,3188.09,CUST8464,ORD63829
2023-12-22,Electronics,Phone,West,Carol Davis,18,729.0,0.24,9980.93,4367.33,5613.59,CUST9223,ORD53584
2023-01-31,Home,Furniture,East,Bob Smith,10,814.06,0.26,6011.39,4173.78,1837.61,CUST2827,ORD43612
2023-10-06,Books,History,South,David Brown,6,255.38,0.19,1246.78,847.94,398.84,CUST8190,ORD67968
2024-04-04,Electronics,Camera,North,Carol Davis,2,99.41,0.29,141.18,92.16,49.02,CUST3591,ORD11416
2024-09-25,Books,Fiction,North,Eve Wilson,16,10.63,0.02,167.53,115.32,52.21,CUST6309,ORD94330
2024-01-14,Clothing,Jacket,North,Carol Davis,16,832.59,0.21,10483.49,6422.78,4060.71,CUST9083,ORD28013
2023-05-25,Books,Science,East,David Brown,3,416.76,0.29,891.84,503.75,388.09,CUST9420,ORD66247
2023-03-01,Books,Biography,Central,Eve Wilson,15,611.66,0.2,7339.86,4717.74,2622.13,CUST3424,ORD22870
2023-02-22,Electronics,Camera,South,Carol Davis,13,268.09,0.02,3419.07,1864.33,1554.74,CUST2417,ORD48667
2023-11-21,Books,Biography,East,Carol Davis,14,888.6,0.04,11901.54,4949.38,6952.16,CUST8427,ORD64766
2023-12-20,Sports,Golf,North,Carol Davis,14,174.63,0.19,1989.2,1018.35,970.85,CUST5798,ORD83486
2023-02-13,Clothing,T-Shirt,East,Bob Smith,16,758.48,0.14,10476.74,4386.16,6090.58,CUST7459,ORD88828
2023-09-22,Clothing,Shoes,South,Alice Johnson,20,402.92,0.18,6591.62,4447.86,2143.76,CUST1628,ORD95149
2024-02-15,Home,Kitchen,East,Bob Smith,18,210.5,0.2,3016.82,1802.16,1214.66,CUST3033,ORD16454
2024-01-07,Electronics,Phone,West,Alice Johnson,19,271.39,0.17,4273.67,1738.54,2535.13,CUST5618,ORD92159
2024-01-06,Books,Science,East,Carol Davis,10,146.37,0.24,1107.33,624.35,482.98,CUST1624,ORD67387
2023-05-23,Clothing,Jacket,South,Carol Davis,2,411.23,0.19,664.22,366.5,297.72,CUST2474,ORD20215
2024-04-14,Clothing,Shoes,North,Bob Smith,19,270.92,0.16,4320.83,2666.58,1654.24,CUST4268,ORD97461
2023-09-08,Clothing,Shoes,South,Alice Johnson,11,702.43,0.28,5573.68,3677.05,1896.63,CUST2118,ORD60324
2023-10-13,Clothing,Jeans,Central,David Brown,4,22.38,0.11,79.29,32.65,46.64,CUST3332,ORD67860
2023-11-15,Clothing,Jeans,South,Bob Smith,11,976.58,0.23,8258.25,3321.37,4936.88,CUST3341,ORD60192
2024-10-27,Books,Non-Fiction,West,Alice Johnson,5,84.66,0.16,357.44,231.78,125.66,CUST4296,ORD23301
2024-11-05,Books,Biography,West,Alice Johnson,1,781.34,0.01,770.18,348.88,421.3,CUST7167,ORD48795
2024-08-30,Sports,Golf,West,Eve Wilson,3,134.18,0.27,293.34,123.36,169.98,CUST5761,ORD33935
2024-05-11,Clothing,Jacket,East,Bob Smith,2,529.81,0.2,844.77,468.19,376.57,CUST1160,ORD54896
2024-10-04,Sports,Basketball,North,Alice Johnson,20,830.73,0.07,15507.24,9114.33,6392.9,CUST7956,ORD70310
2023-01-26,Home,Appliances,West,Eve Wilson,17,472.48,0.23,6217.9,3073.02,3144.88,CUST6171,ORD53209
2024-09-02,Sports,Golf,South,David Brown,12,584.55,0.24,5363.5,2640.49,2723.01,CUST2290,ORD52912
2023-11-25,Home,Garden,North,Eve Wilson,10,178.72,0.03,1732.28,821.16,911.12,CUST5010,ORD13426
2024-03-04,Clothing,T-Shirt,North,David Brown,20,965.07,0.02,18939.97,8607.92,10332.04,CUST4633,ORD17040
2023-07-26,Sports,Football,South,Carol Davis,2,157.38,0.06,296.82,190.69,106.12,CUST5846,ORD74204
2024-07-24,Clothing,Shoes,South,Eve Wilson,19,842.83,0.26,11792.38,6371.76,5420.63,CUST3624,ORD12827
2023-11-06,Sports,Football,North,Alice Johnson,8,829.4,0.08,6132.53,2924.14,3208.39,CUST6549,ORD22293
2024-12-14,Electronics,Tablet,West,Carol Davis,5,640.1,0.22,2498.35,1709.0,789.36,CUST7321,ORD12912
2024-12-27,Sports,Football,South,Bob Smith,2,323.74,0.19,522.07,293.2,228.87,CUST9284,ORD62276
2024-03-01,Clothing,Jacket,North,Bob Smith,11,475.94,0.04,5021.69,2646.43,2375.27,CUST8381,ORD54015
2024-02-09,Electronics,Headphones,Central,Carol Davis,14,223.49,0.21,2471.55,1210.11,1261.44,CUST5915,ORD14860
2023-07-20,Sports,Football,North,Alice Johnson,8,58.97,0.23,364.75,158.49,206.26,CUST7514,ORD77635
2023-06-11,Home,Appliances,North,Carol Davis,8,239.16,0.04,1843.75,1089.19,754.56,CUST6465,ORD81397
2023-08-03,Electronics,Phone,East,Carol Davis,17,208.61,0.08,3258.96,1876.82,1382.13,CUST1038,ORD59484
2024-03-02,Books,History,East,Alice Johnson,4,511.84,0.29,1453.67,811.82,641.84,CUST2915,ORD98872
2024-12-20,Books,History,West,Bob Smith,8,128.49,0.28,742.25,458.82,283.43,CUST1616,ORD78733
2023-03-27,Clothing,Hat,Central,Alice Johnson,14,406.09,0.16,4785.33,2573.11,2212.23,CUST9422,ORD81721
2024-03-21,Sports,Football,Central,David Brown,19,782.43,0.22,11630.07,7381.82,4248.25,CUST6300,ORD63311
2023-05-23,Books,Fiction,Central,David Brown,8,403.97,0.19,2612.09,1526.84,1085.25,CUST9369,ORD66103
2023-02-14,Books,Non-Fiction,South,Carol Davis,8,330.24,0.16,2221.37,1216.39,1004.98,CUST9064,ORD22802
2024-09-11,Clothing,Jeans,East,David Brown,2,957.06,0.04,1833.89,1232.08,601.81,CUST9026,ORD52914
2023-08-27,Books,Biography,North,Eve Wilson,18,47.91,0.14,741.5,477.94,263.56,CUST5671,ORD72420
2023-05-14,Home,Garden,Central,Alice Johnson,1,710.92,0.3,501.05,282.77,218.28,CUST9596,ORD79560
2023-03-03,Books,Science,West,Alice Johnson,20,961.41,0.27,14101.91,8533.2,5568.72,CUST5745,ORD24054
2023-11-25,Home,Garden,South,Bob Smith,8,845.45,0.01,6713.75,3460.65,3253.1,CUST4821,ORD95245
2023-05-02,Sports,Soccer,North,Bob Smith,16,87.13,0.05,1330.52,553.24,777.28,CUST6155,ORD33843
2023-02-27,Books,Science,South,Carol Davis,19,937.98,0.23,13686.3,8929.44,4756.86,CUST2000,ORD91354
2023-07-22,Books,Fiction,East,Eve Wilson,17,55.57,0.14,814.37,497.11,317.26,CUST5314,ORD98300
2023-08-05,Sports,Football,Central,Alice Johnson,1,696.79,0.04,670.44,395.01,275.43,CUST2830,ORD74451
2024-09-06,Sports,Basketball,West,Alice Johnson,4,418.66,0.12,1468.6,654.38,814.21,CUST1192,ORD10214
2024-12-12,Home,Garden,South,Eve Wilson,8,750.35,0.0,5999.39,2513.41,3485.98,CUST9979,ORD64253
2024-11-21,Sports,Soccer,Central,Bob Smith,17,438.14,0.25,5595.82,3744.87,1850.95,CUST8567,ORD31480
2023-12-08,Sports,Football,Central,Alice Johnson,7,681.91,0.11,4248.1,2793.78,1454.32,CUST1279,ORD65989
2023-02-19,Sports,Soccer,East,Carol Davis,19,80.82,0.03,1493.74,636.65,857.09,CUST8714,ORD48492
2023-07-23,Books,Science,East,David Brown,3,735.34,0.0,2199.09,1057.22,1141.87,CUST2528,ORD32905
2023-04-10,Sports,Tennis,East,Bob Smith,16,974.95,0.3,10957.66,7091.81,3865.85,CUST1124,ORD39832
2023-08-13,Home,Garden,South,David Brown,10,933.85,0.23,7173.42,2940.9,4232.51,CUST4490,ORD95909
2024-08-12,Electronics,Camera,Central,Carol Davis,3,11.72,0.08,32.5,16.64,15.86,CUST8814,ORD46956
2024-11-10,Electronics,Laptop,East,Bob Smith,6,654.85,0.24,2982.16,1208.53,1773.63,CUST6445,ORD31960
2024-01-22,Clothing,Hat,East,Alice Johnson,9,278.0,0.19,2034.4,965.97,1068.43,CUST5724,ORD53113
2023-07-10,Clothing,Hat,East,Eve Wilson,17,304.39,0.22,4058.8,2114.12,1944.68,CUST4274,ORD84770
2023-07-16,Electronics,Laptop,Central,Alice Johnson,18,771.27,0.28,9928.9,5967.95,3960.95,CUST5766,ORD21244
2023-05-14,Home,Appliances,East,Eve Wilson,8,998.04,0.08,7324.59,2991.04,4333.56,CUST7936,ORD52984
2024-12-30,Books,Fiction,South,Eve Wilson,7,199.77,0.28,1011.93,624.7,387.23,CUST6894,ORD32852
2023-12-02,Sports,Golf,East,Carol Davis,14,74.37,0.09,944.17,546.42,397.76,CUST6921,ORD66672
2023-07-04,Clothing,Shoes,West,Eve Wilson,12,827.62,0.11,8789.5,3825.37,4964.13,CUST8539,ORD96234
2024-12-23,Clothing,Shoes,Central,Bob Smith,10,805.16,0.05,7622.41,3615.58,4006.83,CUST7990,ORD79999
2023-12-09,Sports,Tennis,East,Alice Johnson,15,948.55,0.1,12813.63,5892.14,6921.49,CUST6905,ORD48045
2023-07-23,Books,Non-Fiction,Central,Eve Wilson,13,197.13,0.07,2378.03,1032.3,1345.73,CUST1770,ORD55281
2023-04-15,Books,History,West,David Brown,6,268.0,0.12,1407.53,636.85,770.68,CUST1017,ORD32059
2024-04-11,Clothing,Shoes,West,Eve Wilson,6,384.5,0.18,1892.28,1062.48,829.8,CUST6923,ORD24139
2024-05-10,Books,Science,West,Carol Davis,17,351.18,0.25,4447.99,2146.57,2301.42,CUST6870,ORD85735
2024-03-05,Books,Non-Fiction,North,David Brown,4,662.45,0.04,2531.76,1039.42,1492.34,CUST6324,ORD31912
2023-11-16,Clothing,Hat,West,Carol Davis,7,556.8,0.09,3527.7,1866.45,1661.26,CUST4582,ORD35690
2023-07-15,Home,Decor,North,Carol Davis,18,561.87,0.04,9708.63,5857.57,3851.06,CUST6612,ORD66649
2024-07-16,Sports,Golf,North,Carol Davis,5,726.83,0.25,2736.96,1442.02,1294.94,CUST9922,ORD69324
2023-06-07,Books,Non-Fiction,Central,David Brown,10,669.87,0.29,4774.69,2332.31,2442.38,CUST8124,ORD62288
2023-02-06,Electronics,Phone,South,Eve Wilson,17,75.65,0.15,1094.8,557.35,537.44,CUST2643,ORD55297
2024-03-17,Clothing,Shoes,Central,Eve Wilson,4,280.53,0.17,936.97,426.95,510.01,CUST8504,ORD49221
2024-02-07,Clothing,Hat,Central,Eve Wilson,13,238.36,0.24,2354.95,1273.71,1081.24,CUST4027,ORD46949
2023-07-27,Electronics,Headphones,Central,Bob Smith,7,419.06,0.07,2736.8,1827.16,909.65,CUST2552,ORD23001
2023-09-05,Sports,Football,South,Bob Smith,18,746.88,0.03,13027.09,7366.13,5660.95,CUST3342,ORD18781
2024-11-20,Home,Furniture,West,Alice Johnson,14,263.53,0.23,2833.51,1796.99,1036.51,CUST3481,ORD36874
2024-02-07,Home,Appliances,South,Eve Wilson,17,186.5,0.12,2797.44,1414.34,1383.1,CUST8016,ORD90507
2023-11-23,Electronics,Laptop,South,David Brown,9,587.39,0.08,4884.84,2029.01,2855.83,CUST4740,ORD47612
2023-02-13,Books,Science,South,Alice Johnson,5,523.17,0.25,1967.18,1074.61,892.57,CUST1452,ORD59537
2024-06-21,Home,Decor,West,Carol Davis,20,101.97,0.15,1729.57,1155.47,574.1,CUST9153,ORD29582
2024-01-04,Electronics,Phone,North,Carol Davis,2,819.34,0.11,1457.23,875.94,581.3,CUST5669,ORD50934
2023-12-17,Books,Fiction,West,Eve Wilson,5,284.69,0.18,1164.2,626.83,537.37,CUST1201,ORD54670
2023-02-01,Home,Decor,East,Bob Smith,5,693.57,0.04,3339.35,1990.65,1348.7,CUST5648,ORD88589
2024-01-05,Clothing,T-Shirt,South,Carol Davis,9,845.62,0.18,6204.5,2906.22,3298.29,CUST2298,ORD75674
2024-12-01,Sports,Tennis,South,Bob Smith,3,20.17,0.03,58.85,31.31,27.53,CUST7240,ORD27620
2023-01-22,Sports,Tennis,West,Eve Wilson,8,144.65,0.23,888.03,489.23,398.8,CUST2074,ORD99365
2024-06-20,Electronics,Phone,South,David Brown,3,465.04,0.27,1016.45,464.49,551.96,CUST9115,ORD38599
2023-03-21,Electronics,Phone,West,David Brown,17,762.06,0.07,12025.58,4822.54,7203.05,CUST9016,ORD59224
2023-12-28,Books,Fiction,East,Eve Wilson,11,218.65,0.3,1684.66,972.62,712.04,CUST5112,ORD99273
2024-08-07,Sports,Football,North,Eve Wilson,3,61.72,0.07,171.58,119.49,52.09,CUST3089,ORD67350
2024-12-20,Home,Garden,South,David Brown,12,397.31,0.0,4758.99,3241.88,1517.11,CUST6784,ORD68112
2023-02-12,Home,Appliances,Central,Eve Wilson,7,578.7,0.18,3333.57,1809.55,1524.02,CUST6149,ORD99103
2024-12-03,Books,Non-Fiction,West,David Brown,9,898.09,0.11,7177.72,3361.68,3816.04,CUST3384,ORD82594
2024-07-25,Home,Decor,South,Eve Wilson,1,156.08,0.21,123.04,84.74,38.3,CUST1828,ORD94962
2024-01-07,Clothing,Shoes,East,Bob Smith,19,743.02,0.27,10324.15,6085.62,4238.53,CUST6926,ORD34655
2024-07-12,Home,Appliances,Central,Alice Johnson,11,207.77,0.25,1721.15,759.95,961.2,CUST1604,ORD34443
2023-08-30,Home,Appliances,North,David Brown,18,406.14,0.21,5782.76,3912.01,1870.75,CUST7947,ORD45466
2024-04-12,Books,Fiction,North,David Brown,17,822.28,0.09,12658.42,8230.26,4428.16,CUST5479,ORD38304
2024-11-03,Sports,Tennis,West,Eve Wilson,10,31.98,0.28,230.01,151.98,78.04,CUST9991,ORD33319
2023-02-04,Home,Garden,South,David Brown,6,288.92,0.1,1559.27,917.01,642.26,CUST3312,ORD58396
2024-05-15,Electronics,Tablet,West,David Brown,10,954.05,0.14,8157.24,4910.92,3246.31,CUST3891,ORD61984
2024-09-15,Home,Decor,East,Alice Johnson,11,446.08,0.11,4360.96,2418.93,1942.03,CUST2392,ORD39398
2024-07-16,Books,History,South,Bob Smith,15,169.34,0.27,1866.85,940.29,926.56,CUST1112,ORD29210
2024-02-03,Home,Garden,South,Eve Wilson,11,840.07,0.12,8100.16,4364.19,3735.97,CUST2726,ORD88498
2024-01-16,Books,Science,Central,David Brown,7,606.12,0.2,3393.07,1744.51,1648.56,CUST9671,ORD19252
2024-06-21,Books,Biography,Central,Alice Johnson,1,54.28,0.02,53.17,31.48,21.69,CUST6641,ORD29177
2023-10-27,Books,Science,Central,Bob Smith,14,686.8,0.27,6979.37,3098.53,3880.84,CUST6872,ORD38575
2024-03-13,Books,Science,Central,Carol Davis,1,790.02,0.24,599.74,359.22,240.52,CUST8240,ORD72089
2024-12-31,Books,History,Central,Bob Smith,5,514.13,0.28,1842.22,1130.33,711.89,CUST8482,ORD71530
2024-07-29,Home,Garden,South,Carol Davis,11,474.7,0.28,3765.15,2395.64,1369.51,CUST7404,ORD61473
2024-05-05,Clothing,Jacket,Central,Alice Johnson,17,656.11,0.21,8821.65,4088.26,4733.39,CUST1978,ORD99423
2024-11-05,Electronics,Phone,Central,Alice Johnson,2,222.02,0.18,365.34,199.3,166.03,CUST3219,ORD83099
2024-07-30,Clothing,Jeans,West,Carol Davis,10,385.45,0.1,3468.59,2259.26,1209.34,CUST9025,ORD30378
2024-08-08,Home,Garden,South,Bob Smith,6,57.53,0.02,339.09,178.31,160.78,CUST4770,ORD73737
2023-08-26,Clothing,T-Shirt,Central,David Brown,19,779.54,0.02,14493.01,6638.11,7854.9,CUST5992,ORD31095
2024-05-17,Sports,Golf,West,Eve Wilson,15,759.22,0.11,10152.27,5630.83,4521.45,CUST7136,ORD79591
2024-08-26,Electronics,Phone,South,Alice Johnson,4,431.18,0.08,1594.7,971.56,623.14,CUST2895,ORD86376
2024-01-03,Books,Biography,South,Alice Johnson,20,473.48,0.24,7206.21,3687.92,3518.29,CUST4164,ORD30432
2023-06-15,Electronics,Tablet,Central,Eve Wilson,6,399.61,0.19,1938.52,836.6,1101.92,CUST6793,ORD59161
2023-10-08,Sports,Tennis,Central,David Brown,2,795.34,0.16,1336.71,834.64,502.07,CUST4380,ORD76658
2024-08-19,Electronics,Phone,North,Carol Davis,15,582.69,0.02,8551.45,4834.67,3716.78,CUST9645,ORD29773
2024-09-15,Home,Kitchen,Central,David Brown,20,875.95,0.13,15254.77,10180.41,5074.36,CUST7297,ORD95830
2024-04-04,Clothing,Jeans,South,Bob Smith,4,800.46,0.29,2261.15,1254.07,1007.08,CUST4691,ORD35957
2023-11-23,Electronics,Headphones,Central,Bob Smith,4,491.81,0.17,1633.23,1050.2,583.03,CUST8794,ORD51472
2024-12-23,Electronics,Tablet,East,Carol Davis,7,654.75,0.13,3982.26,1644.07,2338.19,CUST1520,ORD71782
2024-07-24,Clothing,Jeans,Central,Alice Johnson,11,451.27,0.04,4774.75,2272.32,2502.44,CUST9039,ORD21270
2024-05-01,Books,Science,Central,Bob Smith,20,323.11,0.05,6138.64,2697.88,3440.76,CUST9047,ORD87070
2023-07-02,Sports,Tennis,North,David Brown,12,277.16,0.04,3204.68,1975.2,1229.48,CUST1548,ORD92829
2024-05-30,Books,Science,South,David Brown,12,239.17,0.03,2788.4,1124.74,1663.66,CUST3945,ORD41348
2023-12-13,Sports,Soccer,South,David Brown,14,972.94,0.11,12146.98,7454.34,4692.65,CUST7915,ORD74254
2023-04-10,Clothing,Shoes,North,Bob Smith,4,874.81,0.08,3208.3,1383.81,1824.49,CUST5067,ORD93079
2023-04-16,Electronics,Laptop,North,Carol Davis,19,465.57,0.05,8360.97,4004.9,4356.08,CUST8128,ORD58407
2023-08-31,Books,Fiction,West,Eve Wilson,13,487.21,0.24,4813.33,2288.15,2525.19,CUST2351,ORD20040
2023-03-01,Clothing,Jacket,Central,Eve Wilson,8,216.49,0.19,1403.01,633.51,769.51,CUST8333,ORD25964
2024-02-17,Books,Non-Fiction,East,David Brown,9,866.31,0.09,7100.22,3488.02,3612.2,CUST9155,ORD53656
2024-01-16,Sports,Football,East,Bob Smith,7,850.62,0.07,5520.37,3497.44,2022.92,CUST8265,ORD76316
2023-11-25,Sports,Basketball,South,Bob Smith,4,909.8,0.11,3238.78,1998.09,1240.69,CUST7300,ORD31220
2023-10-11,Books,Science,West,Carol Davis,19,401.44,0.12,6735.27,2764.43,3970.83,CUST2206,ORD61374
2024-04-26,Electronics,Tablet,East,Bob Smith,5,870.69,0.1,3910.79,2200.95,1709.84,CUST9829,ORD69138
2024-10-28,Books,Science,South,Carol Davis,14,112.14,0.18,1284.91,770.68,514.24,CUST5946,ORD61205
2024-10-10,Clothing,Hat,East,Eve Wilson,13,868.48,0.25,8475.58,4141.21,4334.37,CUST6852,ORD44852
2024-12-19,Home,Decor,South,Carol Davis,13,603.2,0.21,6209.59,3701.22,2508.37,CUST5290,ORD32926
2023-04-22,Home,Furniture,North,David Brown,10,393.64,0.14,3400.6,1775.28,1625.31,CUST6303,ORD61004
2024-01-17,Sports,Golf,East,David Brown,2,586.41,0.01,1163.55,730.38,433.16,CUST4530,ORD60157
2024-03-26,Electronics,Laptop,South,David Brown,20,622.07,0.02,12142.89,6653.76,5489.14,CUST8893,ORD55489
2024-10-11,Sports,Basketball,Central,Alice Johnson,13,195.41,0.04,2443.71,1423.01,1020.7,CUST1675,ORD34236
2023-08-11,Electronics,Camera,North,Carol Davis,18,333.91,0.14,5186.89,2503.55,2683.34,CUST2515,ORD24746
2023-04-03,Home,Kitchen,West,Bob Smith,14,439.92,0.17,5131.94,2201.13,2930.81,CUST3817,ORD45391
2024-04-11,Books,Science,South,Carol Davis,16,143.26,0.17,1900.9,1247.97,652.93,CUST6141,ORD55242
2023-08-23,Home,Garden,Central,Eve Wilson,18,993.34,0.3,12581.09,7142.5,5438.59,CUST2198,ORD73353
2024-03-06,Clothing,Shoes,South,Eve Wilson,13,814.39,0.29,7473.12,3714.85,3758.27,CUST9264,ORD15112
2023-09-02,Sports,Football,Central,Bob Smith,20,55.96,0.02,1094.56,702.89,391.67,CUST2751,ORD15433
2024-10-26,Books,History,Central,David Brown,7,413.47,0.16,2431.7,1191.88,1239.81,CUST6397,ORD13386
2023-08-01,Home,Decor,North,Carol Davis,5,987.42,0.27,3593.97,1991.71,1602.26,CUST4978,ORD83554
2023-12-26,Sports,Tennis,North,David Brown,11,500.31,0.08,5052.38,2239.33,2813.04,CUST3268,ORD65727
2024-07-15,Sports,Soccer,North,Eve Wilson,17,132.92,0.06,2135.29,929.44,1205.85,CUST8295,ORD74527
2023-12-27,Books,History,East,Eve Wilson,19,981.04,0.3,13132.77,8948.36,4184.41,CUST2753,ORD28839
2024-03-22,Sports,Basketball,West,Eve Wilson,3,396.98,0.14,1029.63,411.87,617.77,CUST6740,ORD89220
2023-12-13,Sports,Soccer,North,Bob Smith,8,673.12,0.01,5349.68,2518.44,2831.24,CUST4497,ORD70971
2023-10-21,Sports,Football,East,Alice Johnson,3,952.95,0.04,2756.22,1428.7,1327.51,CUST4695,ORD11260
2024-11-15,Sports,Soccer,North,Bob Smith,4,232.06,0.09,845.06,379.89,465.17,CUST9842,ORD27117
2024-07-10,Sports,Basketball,North,David Brown,9,210.14,0.03,1834.99,1119.19,715.8,CUST8902,ORD41741
2023-01-26,Books,Biography,East,Bob Smith,18,948.18,0.16,14376.43,10010.0,4366.43,CUST1107,ORD17092
2024-01-08,Home,Kitchen,South,Bob Smith,19,76.65,0.12,1275.31,863.57,411.74,CUST4235,ORD68601
2023-03-24,Home,Furniture,Central,Eve Wilson,17,237.91,0.02,3979.4,1908.78,2070.62,CUST8535,ORD47651
2024-05-28,Electronics,Laptop,North,Alice Johnson,6,705.94,0.22,3303.68,1616.04,1687.64,CUST6182,ORD92398
2023-07-07,Sports,Tennis,North,Alice Johnson,20,276.55,0.11,4943.42,2151.1,2792.31,CUST9956,ORD75809
2023-08-29,Books,Science,East,David Brown,20,717.86,0.07,13325.73,8557.56,4768.17,CUST4813,ORD18456
2023-05-06,Electronics,Tablet,West,David Brown,1,128.68,0.28,92.4,60.08,32.33,CUST1406,ORD68508
2023-04-23,Home,Appliances,West,David Brown,14,916.92,0.28,9212.2,3728.22,5483.98,CUST8580,ORD91629
2023-01-15,Home,Appliances,South,David Brown,13,675.94,0.21,6937.31,3316.67,3620.64,CUST2293,ORD80303
2024-05-25,Books,History,East,Bob Smith,15,523.78,0.13,6848.23,3769.38,3078.85,CUST6945,ORD95667
2024-12-18,Sports,Basketball,West,Carol Davis,12,178.88,0.22,1683.18,852.73,830.45,CUST7829,ORD84541
2024-02-12,Clothing,T-Shirt,West,Alice Johnson,9,572.87,0.07,4799.05,2797.97,2001.08,CUST9297,ORD70264
2024-08-19,Electronics,Headphones,North,Carol Davis,7,595.64,0.2,3347.74,1723.16,1624.58,CUST3717,ORD32353
2024-06-27,Books,History,North,Eve Wilson,16,688.52,0.2,8861.13,5925.72,2935.42,CUST9268,ORD63552
2024-02-14,Clothing,Jeans,East,Alice Johnson,17,46.9,0.05,759.31,358.49,400.82,CUST6037,ORD45607
2023-10-24,Sports,Basketball,East,Alice Johnson,7,11.86,0.18,68.43,40.61,27.82,CUST2007,ORD29066
2023-07-18,Electronics,Tablet,North,Eve Wilson,17,426.07,0.15,6165.22,2821.66,3343.56,CUST8597,ORD40738
2023-04-25,Home,Kitchen,West,David Brown,12,10.07,0.29,85.62,47.47,38.15,CUST6138,ORD79304
2024-09-27,Electronics,Headphones,Central,Carol Davis,8,18.59,0.29,105.56,68.41,37.15,CUST1743,ORD87017
2024-07-05,Clothing,Jeans,South,David Brown,1,486.23,0.11,432.15,183.08,249.07,CUST4380,ORD57227
2023-03-05,Electronics,Laptop,Central,Eve Wilson,6,983.98,0.01,5839.65,2703.9,3135.75,CUST3939,ORD62235
2023-10-08,Home,Garden,West,David Brown,4,957.54,0.04,3674.44,2085.13,1589.31,CUST6027,ORD31185
2024-08-30,Books,History,Central,Eve Wilson,19,344.18,0.07,6082.61,2909.77,3172.84,CUST6009,ORD77916
2024-03-11,Books,Fiction,East,Alice Johnson,8,483.25,0.18,3159.69,1804.48,1355.2,CUST7519,ORD15408
2024-03-25,Sports,Basketball,North,Alice Johnson,7,943.47,0.11,5887.76,4078.31,1809.45,CUST4027,ORD16110
2023-11-06,Books,Biography,West,Carol Davis,9,803.34,0.1,6532.9,4313.13,2219.77,CUST3354,ORD75032
2024-03-03,Home,Furniture,Central,Carol Davis,7,400.91,0.01,2778.78,1199.87,1578.9,CUST4453,ORD32648
2024-11-25,Sports,Basketball,East,Eve Wilson,1,989.62,0.03,961.77,658.24,303.54,CUST5258,ORD93004
2023-01-18,Books,Science,South,Carol Davis,15,316.36,0.29,3366.63,1987.08,1379.55,CUST6497,ORD27686
2023-10-27,Books,Non-Fiction,East,David Brown,5,254.58,0.26,940.72,476.9,463.82,CUST1999,ORD96210
2024-10-16,Clothing,Shoes,South,Carol Davis,7,93.69,0.21,518.43,240.93,277.5,CUST8702,ORD26134
2024-03-16,Home,Appliances,East,Eve Wilson,7,205.82,0.14,1233.98,758.43,475.55,CUST5213,ORD98644
2023-05-14,Home,Kitchen,South,Carol Davis,11,347.73,0.11,3410.34,2366.74,1043.6,CUST8710,ORD10664
2024-04-30,Books,Science,West,Carol Davis,7,486.74,0.02,3342.38,1992.88,1349.5,CUST3761,ORD18087
2023-12-02,Home,Kitchen,West,Carol Davis,15,898.79,0.17,11144.88,6511.7,4633.18,CUST4589,ORD84421
2024-10-15,Electronics,Headphones,South,Carol Davis,15,961.73,0.11,12772.55,7127.45,5645.11,CUST8918,ORD21650
2024-04-17,Electronics,Tablet,East,Eve Wilson,5,135.07,0.04,646.19,431.98,214.21,CUST5335,ORD12441
2024-03-13,Books,Fiction,East,Eve Wilson,18,41.29,0.26,553.05,361.27,191.78,CUST2860,ORD25414
2024-04-11,Home,Furniture,North,Alice Johnson,14,272.01,0.03,3685.08,2532.23,1152.85,CUST1869,ORD13060
2024-02-17,Clothing,Shoes,Central,Bob Smith,13,147.1,0.06,1792.98,981.21,811.77,CUST5820,ORD14001
2023-07-26,Clothing,Hat,South,Alice Johnson,12,404.52,0.29,3468.75,1586.37,1882.38,CUST2157,ORD31658
2024-08-28,Clothing,Hat,Central,Bob Smith,3,49.99,0.28,108.36,52.04,56.31,CUST8519,ORD91726
2024-09-09,Sports,Basketball,Central,Alice Johnson,1,145.98,0.17,121.69,53.94,67.76,CUST1179,ORD26151
2023-01-17,Clothing,Shoes,South,Alice Johnson,2,294.91,0.14,509.11,338.62,170.48,CUST9574,ORD92961
2023-02-22,Home,Garden,West,Bob Smith,2,473.81,0.29,670.32,466.41,203.91,CUST9421,ORD88316
2023-10-10,Clothing,T-Shirt,North,Bob Smith,19,242.35,0.09,4197.42,2882.31,1315.11,CUST7922,ORD47350
2024-01-24,Clothing,Jacket,South,Alice Johnson,17,201.01,0.22,2670.04,1433.03,1237.02,CUST3180,ORD87066
2023-02-01,Electronics,Headphones,West,Bob Smith,10,247.57,0.16,2085.84,1204.6,881.24,CUST3378,ORD18096
2024-02-07,Electronics,Phone,Central,Eve Wilson,13,964.78,0.16,10531.11,5689.12,4841.99,CUST1787,ORD62279
2024-08-16,Sports,Soccer,North,David Brown,14,126.23,0.27,1293.26,886.37,406.88,CUST9777,ORD94823
2024-06-18,Clothing,Shoes,West,Eve Wilson,2,788.66,0.1,1421.68,570.32,851.36,CUST6557,ORD52189
2023-03-03,Books,Science,Central,Bob Smith,2,87.24,0.14,149.87,90.6,59.26,CUST4046,ORD32279
2024-07-02,Sports,Golf,South,Alice Johnson,17,695.29,0.01,11729.29,5107.79,6621.51,CUST3120,ORD35675
2023-04-08,Electronics,Tablet,North,David Brown,7,330.46,0.09,2114.09,867.94,1246.15,CUST3414,ORD97073
2024-04-15,Sports,Football,North,Carol Davis,10,126.8,0.16,1071.24,573.07,498.17,CUST4233,ORD41364
2023-03-04,Sports,Basketball,South,Alice Johnson,8,620.14,0.27,3624.9,2525.84,1099.06,CUST8409,ORD16104
2023-02-09,Clothing,Jacket,West,David Brown,19,494.64,0.0,9357.42,6174.7,3182.72,CUST2736,ORD43648
2024-07-20,Sports,Golf,North,Carol Davis,2,87.93,0.06,164.75,105.37,59.38,CUST7074,ORD37282
2023-04-24,Clothing,Hat,West,Alice Johnson,7,945.89,0.22,5150.68,2413.13,2737.54,CUST2430,ORD32332
2024-10-16,Clothing,Jacket,North,Eve Wilson,14,756.84,0.19,8532.97,3911.56,4621.41,CUST8899,ORD91326
2024-10-11,Home,Appliances,North,Carol Davis,13,506.71,0.06,6205.28,3459.04,2746.23,CUST9858,ORD66044
2023-04-24,Clothing,Shoes,South,Eve Wilson,2,555.98,0.04,1063.71,657.05,406.66,CUST1792,ORD15124
2023-01-24,Electronics,Tablet,East,Carol Davis,16,352.34,0.02,5515.26,3648.11,1867.15,CUST5600,ORD15875
2023-05-17,Home,Decor,East,Alice Johnson,5,70.49,0.23,271.17,122.2,148.97,CUST7298,ORD83986
2023-11-19,Clothing,Hat,South,David Brown,9,285.89,0.04,2467.96,1609.78,858.18,CUST7259,ORD31882
2023-01-08,Books,Non-Fiction,East,David Brown,16,763.2,0.11,10834.78,5985.94,4848.84,CUST1592,ORD71425
2023-12-02,Books,Biography,South,Carol Davis,8,534.78,0.2,3411.05,1982.37,1428.68,CUST5085,ORD86359
2024-08-14,Clothing,Shoes,West,Alice Johnson,17,185.73,0.07,2938.19,1896.44,1041.75,CUST8865,ORD33096
2023-07-19,Home,Garden,North,Carol Davis,20,654.68,0.12,11490.49,6538.44,4952.05,CUST6873,ORD91831
2023-09-07,Books,History,Central,Alice Johnson,17,236.88,0.01,4005.18,2470.62,1534.56,CUST4857,ORD93788
2023-02-23,Home,Kitchen,West,Bob Smith,1,354.9,0.07,328.87,229.62,99.25,CUST4712,ORD22119
2023-07-30,Home,Appliances,West,Bob Smith,14,300.22,0.22,3297.51,1817.99,1479.52,CUST2327,ORD37298
2023-04-13,Books,Non-Fiction,Central,Alice Johnson,20,210.63,0.05,4010.45,2644.46,1366.0,CUST6843,ORD96388
2023-04-10,Electronics,Laptop,North,Eve Wilson,18,568.41,0.08,9449.08,6147.83,3301.25,CUST1899,ORD26799
2023-02-12,Electronics,Headphones,West,Alice Johnson,13,614.56,0.05,7619.56,3770.68,3848.87,CUST6271,ORD88194
2023-11-09,Books,Fiction,East,David Brown,13,317.29,0.24,3129.18,2002.73,1126.45,CUST2041,ORD69483
2023-10-14,Books,Biography,East,David Brown,3,767.95,0.26,1708.84,1173.13,535.71,CUST6453,ORD11818
2023-08-25,Sports,Golf,West,Eve Wilson,18,274.69,0.2,3938.15,1945.86,1992.29,CUST2769,ORD20293
2023-08-02,Books,Science,South,Alice Johnson,1,156.68,0.13,135.95,74.2,61.75,CUST2431,ORD34727
2023-05-14,Clothing,Shoes,South,Alice Johnson,7,628.69,0.04,4235.27,2626.81,1608.46,CUST9888,ORD45161
2023-03-11,Sports,Tennis,East,Carol Davis,14,306.01,0.28,3084.36,1558.6,1525.75,CUST4224,ORD75098
2023-02-06,Books,Fiction,North,Bob Smith,13,523.51,0.22,5333.69,2667.89,2665.8,CUST2073,ORD45926
2024-05-01,Clothing,Shoes,South,Bob Smith,9,868.0,0.3,5483.44,3085.89,2397.54,CUST5816,ORD35512
2023-04-24,Sports,Football,East,David Brown,12,437.42,0.01,5188.91,3423.19,1765.73,CUST1435,ORD62167
2023-07-09,Books,Science,West,Alice Johnson,15,384.43,0.23,4431.44,2030.8,2400.65,CUST9133,ORD84781
2024-08-27,Sports,Golf,West,Eve Wilson,12,643.63,0.19,6267.1,4302.83,1964.27,CUST4406,ORD10463
2023-11-26,Sports,Golf,North,Bob Smith,14,976.69,0.25,10257.86,4254.82,6003.04,CUST8719,ORD73557
2024-03-04,Electronics,Camera,South,Carol Davis,6,342.28,0.06,1924.11,990.45,933.66,CUST8705,ORD19603
2024-08-22,Clothing,Hat,South,Carol Davis,9,963.08,0.09,7894.49,3661.4,4233.08,CUST2129,ORD39934
2023-03-20,Electronics,Camera,East,David Brown,17,680.38,0.16,9736.16,5427.6,4308.56,CUST2821,ORD10250
2024-02-10,Books,Non-Fiction,Central,Carol Davis,19,547.67,0.22,8132.45,3485.21,4647.24,CUST3580,ORD14007
2023-11-24,Electronics,Camera,West,David Brown,6,661.96,0.05,3784.16,2478.73,1305.44,CUST3903,ORD72371
2023-10-24,Books,History,North,Alice Johnson,6,77.34,0.16,388.97,202.73,186.24,CUST7250,ORD60795
2024-03-31,Electronics,Tablet,Central,Bob Smith,12,799.78,0.21,7584.19,3873.62,3710.57,CUST3645,ORD45490
2024-02-19,Electronics,Phone,West,Eve Wilson,18,178.76,0.15,2723.94,1390.2,1333.74,CUST2135,ORD51888
2023-05-19,Electronics,Laptop,East,Bob Smith,6,300.8,0.29,1277.1,890.83,386.26,CUST3175,ORD15032
2024-07-15,Sports,Basketball,North,Alice Johnson,7,817.63,0.18,4678.29,3239.61,1438.68,CUST1711,ORD13550
2023-08-03,Home,Decor,North,David Brown,10,574.39,0.12,5073.26,3402.15,1671.11,CUST7417,ORD39122
2023-06-23,Home,Appliances,South,Carol Davis,9,787.44,0.02,6931.85,2989.09,3942.76,CUST9389,ORD20625
2023-08-16,Clothing,Jacket,North,Alice Johnson,14,298.54,0.2,3338.87,2209.15,1129.72,CUST4786,ORD18278
2024-03-24,Electronics,Camera,East,Alice Johnson,1,890.06,0.24,675.61,278.59,397.02,CUST5898,ORD29144
2024-04-01,Home,Appliances,South,Carol Davis,15,680.08,0.02,9994.32,5770.82,4223.5,CUST1199,ORD18071
2023-09-30,Home,Decor,North,Alice Johnson,7,676.35,0.17,3950.56,2599.21,1351.35,CUST7989,ORD48840
2023-07-22,Books,Non-Fiction,East,Eve Wilson,11,52.37,0.2,461.31,248.62,212.7,CUST4070,ORD27178
2023-05-04,Electronics,Phone,North,Bob Smith,13,93.58,0.14,1046.92,633.53,413.39,CUST4403,ORD47564
2024-01-26,Books,Science,North,Carol Davis,1,299.9,0.02,292.93,152.19,140.74,CUST5796,ORD17615
2023-01-19,Clothing,T-Shirt,East,Alice Johnson,17,200.07,0.05,3234.02,1903.7,1330.31,CUST5210,ORD72706
2023-11-14,Clothing,Jeans,South,Eve Wilson,17,279.33,0.28,3411.58,2325.57,1086.01,CUST2158,ORD69062
2024-05-29,Clothing,T-Shirt,West,Alice Johnson,9,849.1,0.12,6691.39,4321.62,2369.76,CUST6803,ORD64388
2024-06-12,Clothing,Jacket,East,Alice Johnson,15,450.47,0.08,6209.87,3183.7,3026.17,CUST4642,ORD35380
2023-11-12,Books,Fiction,Central,Alice Johnson,9,752.63,0.02,6606.5,3923.26,2683.24,CUST8924,ORD29118
2023-05-01,Sports,Soccer,East,Carol Davis,12,381.29,0.01,4514.22,2433.33,2080.89,CUST9194,ORD45235
2024-09-21,Electronics,Laptop,South,Carol Davis,9,241.9,0.13,1891.65,1026.63,865.02,CUST8915,ORD22116
2024-09-12,Sports,Basketball,West,Carol Davis,14,80.1,0.23,868.0,480.38,387.63,CUST5302,ORD57968
2024-06-20,Electronics,Headphones,East,Alice Johnson,14,313.98,0.09,4001.35,2052.15,1949.2,CUST5801,ORD11889
2023-12-28,Sports,Basketball,West,Eve Wilson,10,407.96,0.11,3627.91,1692.69,1935.22,CUST6701,ORD60938
2023-02-06,Clothing,Shoes,Central,Alice Johnson,20,979.87,0.25,14632.56,6025.13,8607.43,CUST9726,ORD35130
2023-04-05,Clothing,Jacket,East,Carol Davis,14,238.54,0.02,3262.46,1674.51,1587.95,CUST8585,ORD17361
2023-05-15,Clothing,Hat,South,Bob Smith,7,355.68,0.19,2027.46,1007.06,1020.4,CUST2669,ORD88577
2023-11-20,Clothing,Jacket,Central,Eve Wilson,17,605.35,0.28,7387.98,4237.1,3150.88,CUST9976,ORD10283
2023-04-06,Sports,Soccer,North,Eve Wilson,5,985.14,0.12,4325.23,2447.61,1877.62,CUST5176,ORD34082
2023-04-02,Clothing,T-Shirt,East,Bob Smith,16,115.43,0.04,1773.43,1132.33,641.1,CUST2300,ORD85643
2023-07-22,Clothing,Jacket,North,Eve Wilson,2,265.79,0.28,384.4,209.76,174.63,CUST2702,ORD31251
2024-08-16,Home,Furniture,Central,Carol Davis,2,22.27,0.27,32.42,15.28,17.14,CUST2708,ORD41849
2024-04-03,Clothing,Shoes,East,Bob Smith,20,635.62,0.01,12620.6,5883.05,6737.55,CUST9115,ORD69740
2023-03-27,Clothing,Jeans,West,David Brown,20,621.69,0.15,10527.86,5866.87,4660.99,CUST6955,ORD37551
2023-03-27,Books,Fiction,West,Alice Johnson,2,276.69,0.12,489.35,308.92,180.42,CUST6571,ORD95885
2024-01-28,Clothing,Shoes,Central,Bob Smith,4,341.56,0.2,1093.25,538.37,554.87,CUST7176,ORD98537
2023-09-24,Clothing,Jacket,North,David Brown,1,175.2,0.02,172.17,81.55,90.63,CUST9789,ORD68807
2024-06-13,Electronics,Camera,North,Carol Davis,11,979.68,0.19,8748.41,5043.26,3705.15,CUST1543,ORD50485
2023-08-07,Home,Decor,West,Eve Wilson,8,273.89,0.16,1848.73,794.76,1053.97,CUST9501,ORD90379
2024-07-19,Clothing,Jacket,Central,Alice Johnson,16,335.24,0.03,5202.98,2676.32,2526.67,CUST6621,ORD84713
2023-01-31,Sports,Golf,North,Alice Johnson,3,970.1,0.11,2598.39,1668.46,929.93,CUST4285,ORD29011
2024-08-15,Sports,Golf,West,Bob Smith,8,270.95,0.19,1753.3,1083.11,670.19,CUST7752,ORD83385
2024-12-06,Clothing,Jacket,East,David Brown,8,607.99,0.24,3688.46,1761.01,1927.44,CUST5055,ORD13252
2023-12-25,Sports,Golf,North,Eve Wilson,1,632.93,0.0,631.8,425.53,206.27,CUST7154,ORD29181
2024-09-21,Books,Biography,West,David Brown,5,750.51,0.27,2748.18,1607.1,1141.08,CUST8731,ORD16234
2024-01-19,Clothing,Shoes,Central,Carol Davis,14,961.47,0.19,10918.28,7635.82,3282.45,CUST6164,ORD37597
2024-04-05,Books,History,East,Alice Johnson,9,793.67,0.29,5104.45,3286.01,1818.44,CUST4137,ORD83905
2024-12-14,Clothing,Jeans,East,Alice Johnson,15,427.7,0.07,5953.09,2633.24,3319.85,CUST8260,ORD57567
2024-10-17,Books,Non-Fiction,East,David Brown,19,83.48,0.18,1294.09,847.26,446.83,CUST1355,ORD30133
2024-02-27,Books,Non-Fiction,East,Bob Smith,10,62.07,0.24,473.87,284.52,189.35,CUST4196,ORD31857
2023-10-26,Sports,Golf,East,Alice Johnson,17,641.91,0.13,9511.3,4522.73,4988.56,CUST2590,ORD24278
2023-10-21,Clothing,Shoes,North,Alice Johnson,7,639.08,0.19,3609.22,2165.22,1444.0,CUST7559,ORD99570
2024-02-12,Books,Science,East,David Brown,17,848.99,0.15,12315.07,6592.05,5723.03,CUST5117,ORD79447
2024-02-19,Clothing,Shoes,North,David Brown,19,16.97,0.27,235.31,99.24,136.07,CUST3320,ORD91989
2024-04-01,Sports,Football,East,David Brown,8,616.01,0.1,4456.67,2296.23,2160.44,CUST4628,ORD35036
2023-11-24,Home,Appliances,West,David Brown,14,112.96,0.12,1395.33,779.41,615.92,CUST2761,ORD71096
2023-05-01,Clothing,T-Shirt,West,Alice Johnson,3,171.66,0.09,469.01,303.87,165.14,CUST9977,ORD95412
2024-06-04,Electronics,Camera,Central,Alice Johnson,4,386.84,0.0,1540.56,943.73,596.82,CUST3407,ORD72198
2023-05-14,Books,History,West,Carol Davis,8,431.27,0.07,3204.61,1974.86,1229.76,CUST1971,ORD32612
2023-10-05,Home,Appliances,North,Eve Wilson,1,29.74,0.15,25.31,15.99,9.33,CUST4642,ORD53390
2023-04-02,Home,Garden,North,Bob Smith,15,654.39,0.09,8901.66,4073.2,4828.47,CUST3911,ORD45672
2023-08-03,Clothing,Jacket,South,Carol Davis,11,505.91,0.24,4226.39,2894.43,1331.96,CUST5503,ORD74800
2024-12-23,Electronics,Phone,South,Carol Davis,18,751.71,0.12,11938.74,5563.13,6375.61,CUST4577,ORD54108
2024-06-24,Sports,Basketball,North,Carol Davis,15,605.89,0.09,8241.84,5347.76,2894.09,CUST3678,ORD61035
2023-05-24,Sports,Tennis,South,Alice Johnson,4,825.1,0.27,2398.65,994.58,1404.06,CUST5826,ORD93842
2023-02-05,Electronics,Laptop,Central,Alice Johnson,15,790.6,0.12,10428.77,4501.78,5927.0,CUST7709,ORD86988
2023-05-07,Sports,Tennis,South,Carol Davis,8,106.89,0.28,618.44,360.74,257.7,CUST8734,ORD35572
2023-06-22,Clothing,Shoes,West,David Brown,5,575.36,0.06,2709.24,1355.37,1353.87,CUST7130,ORD73913
2024-08-20,Clothing,Hat,East,David Brown,6,619.43,0.04,3570.86,1485.31,2085.55,CUST7036,ORD98724
2024-09-30,Clothing,Jeans,South,Carol Davis,17,99.64,0.02,1663.73,1027.95,635.78,CUST6367,ORD57211
2023-03-26,Sports,Tennis,North,Carol Davis,3,808.17,0.28,1738.12,1133.98,604.14,CUST4146,ORD11540
2023-04-22,Home,Appliances,West,Bob Smith,19,743.35,0.09,12883.2,6939.09,5944.12,CUST5180,ORD41918
2023-07-28,Books,Fiction,East,Bob Smith,16,111.92,0.03,1745.65,874.53,871.11,CUST1805,ORD79505
2024-06-30,Home,Decor,North,Eve Wilson,13,931.13,0.25,9034.57,5543.6,3490.98,CUST9391,ORD20506
2023-11-18,Clothing,T-Shirt,West,Bob Smith,8,40.16,0.16,269.78,171.94,97.84,CUST6646,ORD88929
2024-03-14,Home,Kitchen,Central,Carol Davis,12,510.46,0.24,4630.22,2907.27,1722.95,CUST8226,ORD48366
2023-10-30,Books,Fiction,North,Alice Johnson,12,478.51,0.01,5674.8,2406.41,3268.39,CUST6536,ORD29017
2024-11-08,Electronics,Camera,North,Bob Smith,11,92.26,0.14,868.22,383.43,484.79,CUST2081,ORD20732
2024-06-13,Electronics,Phone,North,Bob Smith,11,514.98,0.04,5461.28,2308.11,3153.17,CUST7364,ORD37084
2024-12-11,Electronics,Laptop,East,Carol Davis,1,102.13,0.26,76.01,43.23,32.78,CUST6647,ORD30541
2023-05-16,Electronics,Laptop,Central,Bob Smith,10,876.01,0.03,8530.36,3412.7,5117.66,CUST2216,ORD44912
2024-08-03,Electronics,Headphones,North,Alice Johnson,14,978.07,0.22,10612.49,5205.16,5407.33,CUST1851,ORD17374
2024-03-21,Sports,Golf,West,David Brown,4,158.55,0.14,546.12,377.63,168.5,CUST2009,ORD59742
2024-03-09,Home,Decor,East,Eve Wilson,13,591.4,0.19,6222.7,3070.19,3152.5,CUST8728,ORD58998
2023-03-02,Home,Kitchen,North,Carol Davis,5,929.69,0.06,4376.85,2955.75,1421.1,CUST6938,ORD50969
2024-09-08,Electronics,Laptop,Central,Carol Davis,10,843.4,0.22,6600.41,3228.21,3372.2,CUST8246,ORD44954
2023-05-05,Home,Decor,Central,Alice Johnson,16,883.52,0.13,12335.35,7445.34,4890.01,CUST4886,ORD85246
2023-03-14,Home,Kitchen,East,Carol Davis,4,951.29,0.07,3553.72,1749.38,1804.34,CUST1644,ORD68253
2023-02-28,Home,Decor,West,Bob Smith,20,550.74,0.04,10605.79,4908.23,5697.57,CUST3719,ORD84431
2024-02-06,Sports,Football,North,Bob Smith,18,439.47,0.17,6556.86,3076.16,3480.7,CUST5767,ORD20189
2023-02-15,Electronics,Phone,East,David Brown,19,713.91,0.28,9702.51,6045.59,3656.92,CUST4613,ORD86062
2023-07-06,Sports,Football,West,Alice Johnson,5,11.58,0.14,49.93,31.56,18.37,CUST1310,ORD19463
2024-10-06,Home,Garden,East,Eve Wilson,18,883.69,0.22,12444.5,5318.64,7125.86,CUST6951,ORD85186
2024-01-29,Home,Decor,East,Bob Smith,19,477.14,0.14,7804.34,5084.91,2719.43,CUST4865,ORD74444
2023-07-06,Clothing,T-Shirt,East,David Brown,16,110.3,0.2,1419.54,890.33,529.21,CUST3679,ORD99367
2023-06-06,Books,Biography,South,Bob Smith,8,418.81,0.02,3277.46,1943.71,1333.75,CUST9117,ORD88146
2024-07-11,Electronics,Laptop,West,David Brown,4,643.53,0.08,2369.33,1029.53,1339.8,CUST6240,ORD10902
2023-02-02,Home,Furniture,West,Carol Davis,1,733.83,0.08,673.56,274.65,398.91,CUST1799,ORD60884
2024-10-21,Books,History,East,Eve Wilson,13,314.13,0.28,2938.09,1957.48,980.6,CUST2600,ORD62312
2023-08-27,Electronics,Headphones,Central,Bob Smith,8,168.79,0.28,972.46,655.76,316.69,CUST9379,ORD63404
2024-03-15,Home,Appliances,North,Bob Smith,20,587.41,0.03,11401.53,4645.66,6755.88,CUST7686,ORD55192
2023-08-02,Sports,Basketball,Central,Eve Wilson,4,460.06,0.09,1670.82,876.08,794.74,CUST7136,ORD88990
2023-11-12,Electronics,Headphones,South,Carol Davis,5,504.47,0.11,2248.83,1057.67,1191.15,CUST4573,ORD18930
2024-11-19,Clothing,Shoes,West,Eve Wilson,9,327.45,0.02,2887.63,1877.1,1010.54,CUST2461,ORD66562
2024-12-07,Electronics,Tablet,West,Eve Wilson,12,89.55,0.04,1027.27,600.63,426.64,CUST9093,ORD59679
2024-08-21,Clothing,Shoes,South,Eve Wilson,1,472.74,0.14,405.27,228.54,176.72,CUST7600,ORD98671
2024-08-01,Books,Biography,East,David Brown,6,665.09,0.18,3290.04,1808.14,1481.9,CUST8656,ORD70732
2024-10-11,Electronics,Camera,Central,Carol Davis,14,793.03,0.07,10348.49,6415.02,3933.47,CUST7262,ORD35681
2023-08-17,Sports,Soccer,West,Bob Smith,14,20.94,0.09,267.21,182.22,84.99,CUST1665,ORD24892
2023-05-09,Books,History,West,Alice Johnson,16,336.14,0.13,4670.86,2619.6,2051.26,CUST4924,ORD52307
2023-06-13,Home,Furniture,North,Bob Smith,1,620.32,0.28,444.25,223.45,220.8,CUST3950,ORD21591
2024-09-26,Clothing,T-Shirt,South,Eve Wilson,17,46.53,0.19,642.35,260.62,381.73,CUST3340,ORD93722
2023-03-26,Electronics,Phone,West,Alice Johnson,10,436.75,0.2,3496.97,2119.41,1377.56,CUST1712,ORD31023
2023-08-11,Clothing,Jacket,East,Alice Johnson,4,97.43,0.16,328.4,135.06,193.33,CUST3222,ORD94951
2024-09-23,Home,Furniture,South,David Brown,14,620.08,0.25,6504.29,4439.11,2065.19,CUST4380,ORD40959
2024-09-18,Clothing,Hat,West,Carol Davis,10,666.15,0.17,5520.76,3043.27,2477.49,CUST3377,ORD57985
2024-06-01,Books,History,West,Carol Davis,9,652.91,0.22,4595.58,2636.74,1958.84,CUST6478,ORD40641
2024-10-16,Sports,Tennis,North,Carol Davis,7,576.55,0.03,3932.93,1905.01,2027.92,CUST3949,ORD23334
2023-09-18,Home,Furniture,West,Eve Wilson,2,172.4,0.19,279.26,178.35,100.91,CUST2224,ORD55160
2024-11-26,Clothing,Shoes,North,Alice Johnson,1,217.13,0.09,196.71,135.17,61.54,CUST4897,ORD61473
2023-10-14,Electronics,Tablet,Central,Carol Davis,19,889.82,0.07,15739.89,9630.7,6109.19,CUST2717,ORD39365
2023-11-09,Home,Garden,Central,Alice Johnson,13,143.56,0.1,1687.82,909.21,778.6,CUST2330,ORD12139
2023-03-23,Clothing,T-Shirt,South,Bob Smith,4,910.32,0.04,3485.42,1611.36,1874.05,CUST4186,ORD30700
2024-11-09,Sports,Soccer,North,Carol Davis,19,846.91,0.14,13873.24,9184.03,4689.21,CUST2865,ORD63720
2023-12-23,Clothing,Hat,South,Bob Smith,17,553.47,0.16,7881.95,4987.58,2894.36,CUST2684,ORD91411
2023-08-25,Books,History,South,Bob Smith,2,651.03,0.27,954.56,422.29,532.27,CUST2866,ORD55066
2023-02-28,Electronics,Phone,West,Eve Wilson,12,769.43,0.23,7139.71,4639.83,2499.88,CUST6491,ORD10729
2023-10-26,Home,Kitchen,Central,Alice Johnson,15,149.88,0.26,1663.76,848.15,815.61,CUST3447,ORD64743
2023-07-05,Electronics,Laptop,East,Eve Wilson,7,160.75,0.22,872.37,438.91,433.45,CUST4724,ORD53839
2023-01-07,Sports,Soccer,East,David Brown,13,799.47,0.09,9499.78,4974.26,4525.53,CUST2725,ORD88281
2024-10-17,Sports,Basketball,Central,Carol Davis,3,454.32,0.09,1236.13,807.85,428.29,CUST1461,ORD71549
2024-10-26,Sports,Basketball,Central,Eve Wilson,5,667.32,0.18,2731.01,1443.03,1287.98,CUST8134,ORD49089
2024-11-04,Home,Kitchen,North,Alice Johnson,3,593.25,0.01,1764.28,1026.68,737.6,CUST9245,ORD66601
2023-12-23,Books,History,West,Bob Smith,18,946.18,0.07,15893.36,6501.21,9392.15,CUST8185,ORD52519
2024-05-15,Home,Kitchen,East,Bob Smith,10,953.44,0.13,8264.05,5246.37,3017.68,CUST5324,ORD55065
2023-05-11,Books,History,Central,David Brown,17,777.31,0.27,9649.71,6260.72,3388.99,CUST9054,ORD70923
2024-05-25,Electronics,Laptop,East,David Brown,16,966.06,0.07,14326.28,5821.93,8504.35,CUST1761,ORD97744
2024-04-27,Electronics,Camera,South,Alice Johnson,15,92.76,0.05,1324.92,669.04,655.88,CUST6336,ORD75077
2024-10-13,Home,Kitchen,South,Alice Johnson,1,340.15,0.15,288.01,201.12,86.89,CUST8938,ORD70130
2024-10-03,Clothing,Shoes,East,Eve Wilson,6,147.36,0.26,650.44,423.11,227.33,CUST9383,ORD96932
2023-12-02,Electronics,Camera,South,David Brown,11,655.87,0.17,6001.72,3773.99,2227.74,CUST7269,ORD81571
2024-03-28,Home,Appliances,South,Alice Johnson,11,818.97,0.28,6454.33,3464.89,2989.44,CUST2301,ORD29396
2023-04-10,Sports,Golf,West,Carol Davis,13,998.07,0.1,11668.59,5558.48,6110.1,CUST8583,ORD79351
2024-05-03,Sports,Basketball,South,Alice Johnson,11,728.82,0.07,7445.58,4872.19,2573.39,CUST9447,ORD67072
2024-10-28,Books,Biography,Central,Eve Wilson,10,33.68,0.04,324.3,160.58,163.72,CUST1148,ORD48624
2024-03-02,Books,History,East,Alice Johnson,18,602.67,0.29,7737.54,3379.69,4357.85,CUST1404,ORD96185
2023-10-04,Electronics,Laptop,South,Eve Wilson,5,877.14,0.11,3898.94,1713.12,2185.82,CUST8458,ORD86911
2023-01-16,Books,History,Central,Eve Wilson,15,836.89,0.18,10290.35,5194.96,5095.4,CUST2248,ORD35344
2024-03-16,Electronics,Headphones,Central,David Brown,1,661.46,0.18,540.69,312.35,228.34,CUST5983,ORD97923
2023-05-16,Clothing,Jacket,West,Bob Smith,3,65.41,0.05,186.38,86.12,100.26,CUST6112,ORD60882
2024-02-04,Clothing,Jeans,South,Bob Smith,11,832.59,0.11,8155.39,3764.51,4390.88,CUST9231,ORD65168
2024-10-13,Sports,Football,East,Alice Johnson,13,902.34,0.04,11237.93,6648.17,4589.77,CUST6098,ORD39679
2024-04-14,Books,Non-Fiction,East,Carol Davis,18,106.34,0.04,1831.47,987.32,844.15,CUST1074,ORD38399
2023-10-20,Home,Garden,West,Bob Smith,1,281.5,0.3,198.01,105.15,92.87,CUST6403,ORD33539
2024-09-01,Electronics,Phone,North,Eve Wilson,10,207.11,0.15,1764.96,1225.77,539.18,CUST5714,ORD56540
2024-08-11,Home,Furniture,Central,Alice Johnson,3,530.89,0.16,1344.24,557.51,786.73,CUST4620,ORD48655
2023-07-18,Sports,Soccer,South,Eve Wilson,15,814.3,0.16,10225.64,5676.18,4549.46,CUST6283,ORD26246
2024-02-02,Electronics,Headphones,Central,Carol Davis,18,797.86,0.06,13532.14,8144.97,5387.16,CUST4446,ORD80082
2023-09-14,Clothing,Hat,South,Carol Davis,16,607.97,0.19,7859.79,5248.8,2610.99,CUST6427,ORD88719
2024-07-11,Sports,Tennis,South,Alice Johnson,7,983.85,0.1,6231.29,4024.27,2207.02,CUST2903,ORD31399
2024-12-20,Sports,Basketball,West,Carol Davis,17,469.56,0.16,6739.57,4590.37,2149.2,CUST7818,ORD79688
2023-05-23,Books,History,West,David Brown,15,721.6,0.26,7979.24,3197.39,4781.85,CUST2724,ORD20036
2024-02-25,Books,Biography,South,David Brown,1,807.15,0.17,665.98,426.51,239.48,CUST8482,ORD80490
2023-05-09,Clothing,T-Shirt,North,Carol Davis,12,642.82,0.25,5769.11,3283.6,2485.51,CUST7174,ORD70160
2023-08-09,Sports,Tennis,East,Bob Smith,12,782.3,0.27,6895.83,4778.99,2116.84,CUST7477,ORD17217
2023-02-14,Electronics,Tablet,East,Bob Smith,2,403.48,0.08,739.65,501.59,238.07,CUST3146,ORD59843
2023-06-07,Electronics,Headphones,Central,Bob Smith,20,949.45,0.28,13692.69,7555.13,6137.56,CUST3601,ORD16390
2024-01-20,Home,Garden,North,Alice Johnson,14,236.71,0.24,2503.38,1366.9,1136.47,CUST8568,ORD35901
2024-09-17,Sports,Golf,Central,Eve Wilson,4,549.0,0.22,1712.66,988.23,724.44,CUST7013,ORD36248
2023-11-05,Clothing,Hat,West,David Brown,20,281.35,0.04,5385.79,2772.29,2613.5,CUST6645,ORD66353
2023-04-13,Home,Furniture,North,David Brown,18,328.48,0.2,4711.33,2617.91,2093.42,CUST8458,ORD83360
2023-12-21,Home,Furniture,East,David Brown,18,238.77,0.18,3517.17,2048.56,1468.61,CUST2906,ORD99821
2024-01-03,Home,Decor,West,Alice Johnson,17,770.28,0.03,12749.15,5685.13,7064.03,CUST9263,ORD31353
2024-07-17,Books,Fiction,East,Bob Smith,11,524.3,0.23,4458.33,2045.38,2412.95,CUST4283,ORD53770
2024-03-08,Home,Furniture,Central,David Brown,15,184.54,0.02,2709.06,1597.35,1111.71,CUST8776,ORD19989
2023-04-20,Sports,Tennis,East,Alice Johnson,14,65.18,0.07,846.14,452.18,393.96,CUST1407,ORD49341
2024-09-21,Sports,Tennis,North,Eve Wilson,13,197.5,0.14,2218.92,1095.16,1123.77,CUST6882,ORD15241
2024-02-10,Clothing,Jacket,West,Carol Davis,12,718.29,0.22,6680.18,4289.88,2390.3,CUST1356,ORD57438
2023-03-12,Clothing,Jeans,North,Eve Wilson,6,438.97,0.0,2629.48,1544.0,1085.48,CUST7019,ORD59270
2024-12-30,Electronics,Camera,Central,David Brown,16,560.09,0.27,6556.18,4010.1,2546.08,CUST7920,ORD27392
2024-09-16,Electronics,Laptop,North,Carol Davis,12,50.66,0.07,565.37,310.46,254.9,CUST2208,ORD32696
2023-02-06,Sports,Basketball,East,Eve Wilson,10,319.13,0.1,2883.0,1736.22,1146.79,CUST6541,ORD28461
2024-03-14,Books,Non-Fiction,Central,David Brown,11,246.45,0.23,2093.06,1162.26,930.8,CUST2212,ORD19474
2023-12-01,Books,History,East,Carol Davis,6,778.41,0.3,3276.35,1618.11,1658.24,CUST6769,ORD15289
2023-03-10,Home,Appliances,East,Eve Wilson,8,606.38,0.21,3850.74,2334.46,1516.28,CUST3635,ORD49713
2023-11-08,Books,Non-Fiction,Central,Eve Wilson,9,78.42,0.22,550.24,310.11,240.13,CUST7573,ORD89685
2023-04-04,Electronics,Laptop,North,Carol Davis,7,314.19,0.1,1968.99,1158.93,810.06,CUST9194,ORD53528
2023-05-07,Home,Kitchen,West,Bob Smith,1,714.97,0.21,563.03,300.75,262.28,CUST4391,ORD46776
2024-09-09,Sports,Basketball,Central,Bob Smith,2,893.78,0.26,1318.67,695.32,623.35,CUST9644,ORD43968
2024-03-04,Electronics,Camera,West,Eve Wilson,10,494.85,0.25,3722.26,1535.04,2187.22,CUST9970,ORD79587
2024-11-26,Electronics,Phone,Central,Alice Johnson,12,180.48,0.05,2059.24,1372.17,687.07,CUST9006,ORD21413
2024-10-16,Home,Kitchen,East,Alice Johnson,12,289.51,0.2,2762.13,1435.96,1326.17,CUST1971,ORD79212
2024-07-05,Electronics,Tablet,East,Carol Davis,2,409.03,0.1,735.27,427.81,307.46,CUST1655,ORD10795
2024-05-24,Home,Furniture,East,Carol Davis,7,816.76,0.01,5688.48,2318.64,3369.83,CUST6312,ORD38025
2024-07-20,Home,Garden,Central,Alice Johnson,15,613.36,0.17,7604.7,5278.66,2326.04,CUST1373,ORD83043
2023-04-06,Books,Biography,North,Eve Wilson,4,809.48,0.03,3145.34,1400.71,1744.63,CUST3480,ORD37301
2024-06-18,Sports,Soccer,North,Eve Wilson,7,175.83,0.22,960.53,504.06,456.46,CUST9899,ORD57483
2023-03-30,Sports,Football,East,David Brown,13,623.22,0.15,6866.87,3436.75,3430.12,CUST2727,ORD14155
2024-05-01,Electronics,Laptop,Central,Alice Johnson,18,26.28,0.11,419.48,233.26,186.22,CUST4114,ORD74931
2024-08-01,Home,Furniture,East,Bob Smith,3,486.12,0.03,1409.19,813.47,595.72,CUST1701,ORD98316
2024-12-03,Sports,Tennis,West,Bob Smith,10,635.28,0.23,4914.59,1974.89,2939.7,CUST1655,ORD86334
2023-09-18,Sports,Golf,South,Carol Davis,5,333.01,0.25,1240.55,854.37,386.18,CUST2865,ORD86909
2023-08-11,Home,Decor,West,Eve Wilson,19,517.94,0.08,9074.1,5063.58,4010.53,CUST1409,ORD89851
2023-12-12,Sports,Basketball,Central,Bob Smith,4,409.23,0.23,1264.47,745.1,519.37,CUST1374,ORD10996
2024-10-26,Sports,Football,North,Carol Davis,15,697.16,0.12,9220.78,6075.96,3144.82,CUST6029,ORD59454
2024-10-12,Electronics,Camera,Central,Carol Davis,10,235.09,0.2,1884.79,1173.57,711.23,CUST4889,ORD17006
2023-08-21,Clothing,Shoes,South,David Brown,16,891.61,0.2,11341.67,4942.1,6399.57,CUST6935,ORD77609
2023-05-30,Clothing,Jeans,East,Alice Johnson,13,47.22,0.22,481.58,246.21,235.37,CUST9884,ORD73764
2023-09-18,Electronics,Headphones,West,Bob Smith,16,38.02,0.27,446.88,234.36,212.52,CUST8732,ORD50073
2024-08-13,Clothing,Hat,South,Bob Smith,16,274.68,0.15,3719.63,1962.22,1757.41,CUST1010,ORD15818
2023-04-15,Home,Garden,East,Eve Wilson,5,866.42,0.21,3401.95,1908.75,1493.2,CUST2322,ORD77802
2023-09-10,Sports,Tennis,West,Carol Davis,17,371.89,0.01,6260.55,4171.01,2089.54,CUST2352,ORD24033
2023-01-27,Home,Decor,North,Carol Davis,12,943.92,0.16,9468.48,5278.63,4189.84,CUST4627,ORD72839
2024-11-10,Home,Kitchen,North,Carol Davis,19,317.59,0.04,5817.61,3463.17,2354.44,CUST2640,ORD69126
2024-08-09,Books,Biography,East,Eve Wilson,4,42.88,0.22,133.98,80.66,53.33,CUST7506,ORD12228
2024-02-15,Clothing,Jeans,North,Bob Smith,6,272.48,0.15,1396.05,834.87,561.18,CUST9484,ORD14991
2024-05-13,Clothing,Hat,Central,David Brown,11,721.31,0.12,6960.22,3803.26,3156.96,CUST5182,ORD14938
2024-06-19,Clothing,Jacket,South,Bob Smith,6,338.57,0.16,1714.61,865.58,849.03,CUST7696,ORD20227
2024-01-27,Books,Fiction,East,Bob Smith,14,120.97,0.09,1536.58,739.59,796.99,CUST7603,ORD89601
2023-12-17,Clothing,Hat,North,Eve Wilson,17,691.01,0.09,10722.11,4773.34,5948.77,CUST7106,ORD36759
2023-02-19,Sports,Basketball,Central,Alice Johnson,16,508.01,0.2,6523.02,3745.17,2777.86,CUST4910,ORD69629
2023-11-25,Electronics,Laptop,West,David Brown,10,921.83,0.02,9061.87,4506.19,4555.68,CUST3439,ORD42864
2023-08-07,Sports,Golf,West,David Brown,3,119.93,0.01,355.06,173.3,181.76,CUST6020,ORD61661
2024-03-13,Home,Appliances,West,David Brown,19,845.45,0.01,15938.74,6431.97,9506.77,CUST2263,ORD49894
2023-12-10,Sports,Football,Central,Alice Johnson,18,215.92,0.07,3627.38,1973.34,1654.03,CUST4966,ORD62576
2024-03-22,Clothing,T-Shirt,East,Bob Smith,15,526.21,0.15,6737.67,4412.52,2325.16,CUST7594,ORD30328
2024-10-13,Home,Kitchen,South,Bob Smith,12,915.2,0.15,9318.85,6133.08,3185.78,CUST4709,ORD84293
2023-08-01,Clothing,Hat,East,David Brown,16,545.57,0.15,7414.04,3708.34,3705.7,CUST4572,ORD33962
2024-11-02,Electronics,Headphones,Central,Bob Smith,19,965.88,0.27,13369.13,9123.92,4245.2,CUST4998,ORD28990
2024-02-07,Electronics,Camera,North,Carol Davis,4,618.4,0.17,2048.98,1411.45,637.53,CUST9103,ORD92097
2024-10-05,Home,Appliances,East,Eve Wilson,10,575.27,0.17,4782.94,3019.06,1763.88,CUST1769,ORD13114
2024-10-24,Home,Furniture,East,David Brown,18,119.27,0.23,1647.21,810.85,836.36,CUST8406,ORD98172
2024-12-17,Sports,Golf,South,Carol Davis,20,206.09,0.06,3876.38,2179.9,1696.48,CUST1151,ORD34159
2024-07-11,Books,Non-Fiction,East,Eve Wilson,7,833.38,0.02,5722.46,3408.23,2314.23,CUST1956,ORD41953
2023-12-30,Electronics,Laptop,North,Alice Johnson,11,591.07,0.28,4686.06,2139.26,2546.79,CUST6470,ORD23523
2024-11-26,Sports,Football,West,Eve Wilson,3,11.85,0.11,31.71,21.1,10.6,CUST4923,ORD67088
2024-01-26,Home,Furniture,West,Alice Johnson,9,841.98,0.19,6145.6,3058.82,3086.78,CUST2264,ORD43849
2024-12-26,Sports,Golf,Central,Alice Johnson,2,659.6,0.02,1293.65,553.61,740.04,CUST2591,ORD20771
2024-12-31,Home,Furniture,East,Carol Davis,7,684.97,0.17,3959.72,2556.28,1403.44,CUST2675,ORD73454
2023-01-09,Sports,Soccer,Central,Alice Johnson,4,569.6,0.05,2175.3,1001.86,1173.44,CUST4720,ORD16129
2024-12-25,Home,Kitchen,West,Bob Smith,15,519.5,0.26,5736.88,3219.82,2517.06,CUST9329,ORD35007
2024-07-04,Clothing,Jacket,South,Bob Smith,14,646.33,0.23,6970.86,4366.85,2604.0,CUST9113,ORD49164
2023-09-12,Books,Science,South,Eve Wilson,6,473.29,0.29,2014.68,1375.93,638.75,CUST4124,ORD18287
2024-06-18,Electronics,Camera,North,Alice Johnson,19,16.94,0.13,280.24,148.72,131.52,CUST4813,ORD53585
2024-01-18,Sports,Basketball,Central,David Brown,19,371.34,0.11,6300.82,3760.66,2540.16,CUST3759,ORD44483
2024-07-23,Clothing,T-Shirt,South,Carol Davis,14,226.69,0.27,2304.81,946.23,1358.58,CUST6296,ORD60637
2023-03-07,Sports,Football,West,Alice Johnson,7,542.22,0.21,2991.05,1844.42,1146.63,CUST1596,ORD81975
2023-09-05,Home,Garden,Central,Carol Davis,3,893.74,0.16,2253.25,1477.03,776.22,CUST5151,ORD55220
2023-01-06,Sports,Golf,Central,Alice Johnson,1,142.66,0.02,139.31,83.41,55.9,CUST1834,ORD59388
2023-07-13,Electronics,Camera,North,Carol Davis,2,565.97,0.15,962.57,525.99,436.58,CUST6449,ORD58617
2024-04-18,Books,Science,North,Bob Smith,8,372.2,0.09,2716.39,1340.26,1376.13,CUST8150,ORD16942
2023-08-15,Books,Non-Fiction,North,Carol Davis,8,224.58,0.21,1413.14,948.85,464.29,CUST7626,ORD72753
2024-03-21,Home,Appliances,South,Carol Davis,2,233.54,0.03,451.82,306.98,144.84,CUST6450,ORD17134
2024-08-06,Electronics,Phone,West,David Brown,11,925.18,0.14,8706.12,4368.46,4337.66,CUST3123,ORD16415
2023-05-07,Sports,Soccer,West,Alice Johnson,16,298.42,0.27,3463.07,2236.21,1226.87,CUST5580,ORD96432
2023-02-22,Books,Science,East,Carol Davis,4,692.72,0.3,1947.64,1262.47,685.17,CUST8331,ORD18898
2023-10-22,Clothing,T-Shirt,Central,Alice Johnson,17,842.27,0.04,13777.72,5637.4,8140.32,CUST3822,ORD54979
2024-02-01,Clothing,Jeans,East,Carol Davis,7,149.36,0.08,966.53,405.99,560.54,CUST2018,ORD39810
2024-08-29,Electronics,Tablet,North,Eve Wilson,1,561.74,0.13,490.47,275.18,215.28,CUST5922,ORD48911
2024-10-02,Books,Biography,East,Bob Smith,3,835.02,0.2,2011.34,1262.56,748.78,CUST7252,ORD77909
2023-07-23,Clothing,T-Shirt,Central,Bob Smith,8,377.54,0.17,2513.69,1361.27,1152.42,CUST4071,ORD95900
2024-12-30,Electronics,Laptop,North,Alice Johnson,14,960.44,0.19,10837.04,6628.69,4208.35,CUST7612,ORD28807
2023-09-14,Sports,Tennis,Central,Eve Wilson,2,120.04,0.24,182.49,78.96,103.52,CUST5034,ORD11260
2023-05-17,Books,Biography,South,Alice Johnson,20,565.39,0.2,9076.37,4770.39,4305.98,CUST4687,ORD18927
2024-08-07,Home,Kitchen,East,Bob Smith,13,828.57,0.23,8267.68,4760.47,3507.21,CUST8771,ORD16371
2023-10-22,Sports,Tennis,West,Carol Davis,2,817.71,0.12,1435.13,893.93,541.2,CUST2384,ORD65663
2024-06-05,Home,Furniture,Central,Carol Davis,12,100.21,0.17,1001.92,432.2,569.72,CUST1497,ORD16166
2024-10-10,Home,Decor,Central,Eve Wilson,7,49.32,0.04,329.78,204.37,125.41,CUST3630,ORD35503
2023-05-11,Books,History,East,Bob Smith,11,109.64,0.23,931.69,388.19,543.5,CUST3191,ORD92998
2024-05-17,Electronics,Tablet,North,David Brown,18,192.21,0.19,2789.99,1275.61,1514.38,CUST5165,ORD47398
2023-05-31,Home,Furniture,Central,Eve Wilson,3,161.26,0.26,355.69,173.08,182.61,CUST9915,ORD36473
2024-07-18,Clothing,Jacket,West,David Brown,18,809.8,0.0,14527.91,5876.49,8651.42,CUST8140,ORD25693
2024-05-13,Sports,Basketball,Central,Carol Davis,10,751.13,0.18,6143.24,4156.25,1986.99,CUST8532,ORD14655
2024-08-27,Books,Biography,South,Bob Smith,14,172.1,0.04,2305.82,1278.56,1027.27,CUST6237,ORD42246
2023-10-04,Electronics,Camera,North,Alice Johnson,6,58.57,0.19,283.07,176.21,106.86,CUST5944,ORD28756
2023-07-17,Books,Biography,East,Bob Smith,13,443.15,0.08,5327.84,3380.15,1947.7,CUST6179,ORD95637
2024-09-23,Books,Fiction,North,Eve Wilson,9,163.63,0.11,1312.61,563.45,749.15,CUST8348,ORD83167
2023-06-28,Sports,Basketball,East,Eve Wilson,11,444.27,0.05,4625.83,2833.72,1792.11,CUST1512,ORD24588
2023-05-17,Electronics,Phone,North,Alice Johnson,15,492.76,0.02,7250.89,3895.94,3354.94,CUST9098,ORD56751
2023-07-13,Home,Garden,West,Alice Johnson,5,379.37,0.2,1508.36,923.37,584.99,CUST9739,ORD27792
2024-04-23,Sports,Golf,North,Eve Wilson,20,386.08,0.24,5852.77,3769.67,2083.1,CUST5029,ORD76256
2023-09-29,Books,Biography,West,Carol Davis,17,682.57,0.03,11234.35,5382.68,5851.67,CUST8835,ORD86259
2024-10-27,Home,Decor,Central,Alice Johnson,7,288.58,0.13,1753.21,760.17,993.04,CUST2051,ORD78710
2023-09-28,Electronics,Phone,South,Eve Wilson,3,166.0,0.19,405.81,180.46,225.35,CUST4352,ORD66793
2024-08-11,Sports,Tennis,Central,Carol Davis,2,301.01,0.23,460.81,205.54,255.27,CUST5070,ORD73519
2023-04-03,Books,Science,West,Carol Davis,5,421.35,0.13,1828.1,1247.84,580.26,CUST9131,ORD71073
2023-08-05,Electronics,Tablet,East,Bob Smith,13,624.18,0.06,7612.75,3216.23,4396.52,CUST7007,ORD73834
2024-04-03,Home,Appliances,East,Bob Smith,16,610.43,0.11,8679.0,3797.41,4881.59,CUST6530,ORD78591
2023-07-02,Books,Science,South,Eve Wilson,7,14.56,0.1,91.72,56.12,35.6,CUST4944,ORD16385
2023-08-27,Electronics,Camera,West,David Brown,17,75.75,0.11,1148.97,575.32,573.65,CUST2896,ORD22635
2023-12-04,Electronics,Tablet,Central,Eve Wilson,15,43.75,0.0,654.38,290.63,363.74,CUST4476,ORD54224
2023-03-16,Books,Biography,South,Eve Wilson,4,570.42,0.17,1903.19,834.53,1068.65,CUST9445,ORD30162
2024-03-04,Sports,Football,East,Eve Wilson,15,18.43,0.26,205.3,133.69,71.61,CUST2745,ORD56451
2023-10-27,Home,Garden,Central,Carol Davis,4,184.42,0.02,725.13,336.28,388.85,CUST5987,ORD54876
2023-03-31,Sports,Golf,West,David Brown,2,561.65,0.19,906.03,452.52,453.52,CUST8240,ORD82707
2023-08-10,Home,Kitchen,Central,Bob Smith,1,181.64,0.18,148.31,82.11,66.19,CUST8028,ORD28680
2024-04-26,Books,Non-Fiction,East,Carol Davis,11,733.37,0.14,6957.82,3975.45,2982.36,CUST4405,ORD89934
2024-11-30,Clothing,Jacket,West,Bob Smith,7,825.63,0.15,4901.44,2456.97,2444.47,CUST4454,ORD67987
2024-08-27,Books,History,South,David Brown,4,523.33,0.26,1553.97,1056.86,497.11,CUST4699,ORD81118
2023-06-06,Sports,Soccer,West,Carol Davis,16,704.32,0.28,8141.91,3915.76,4226.15,CUST7985,ORD22959
2023-04-04,Sports,Football,North,David Brown,4,653.57,0.2,2086.58,873.86,1212.72,CUST4959,ORD21011
2023-03-12,Electronics,Tablet,West,David Brown,4,722.97,0.01,2874.49,1983.83,890.66,CUST1593,ORD12003
2024-02-21,Clothing,Jacket,South,Alice Johnson,10,774.82,0.11,6904.44,4082.0,2822.44,CUST1950,ORD40554
2023-10-30,Clothing,Shoes,West,Carol Davis,14,12.92,0.17,149.43,87.25,62.18,CUST8721,ORD38107
2024-02-25,Sports,Football,West,Alice Johnson,3,136.88,0.12,360.01,225.72,134.29,CUST1421,ORD77513
2023-12-21,Electronics,Phone,West,David Brown,8,919.44,0.14,6348.25,3825.19,2523.07,CUST4799,ORD68183
2023-09-22,Books,Science,North,Bob Smith,18,808.01,0.27,10646.54,6648.86,3997.68,CUST6206,ORD59217
2024-11-06,Home,Decor,North,Alice Johnson,18,828.33,0.21,11734.8,6422.33,5312.47,CUST9744,ORD79686
2023-06-14,Sports,Tennis,East,David Brown,2,875.32,0.08,1618.02,823.43,794.6,CUST2193,ORD64568
2023-12-29,Clothing,Shoes,East,David Brown,2,415.93,0.24,630.71,437.15,193.56,CUST3413,ORD80429
2024-03-27,Sports,Basketball,West,Alice Johnson,15,377.09,0.2,4531.14,2962.17,1568.97,CUST3094,ORD21757
2024-12-03,Sports,Basketball,West,David Brown,6,798.47,0.23,3712.24,2162.09,1550.15,CUST2079,ORD49809
2023-01-27,Electronics,Camera,Central,Bob Smith,9,663.24,0.2,4760.86,3097.97,1662.89,CUST1193,ORD88735
2023-04-23,Clothing,Jacket,South,Eve Wilson,19,527.33,0.16,8425.23,3743.18,4682.05,CUST7901,ORD37491
2024-02-28,Home,Furniture,South,Eve Wilson,7,227.21,0.16,1334.81,574.33,760.49,CUST3240,ORD20778
2023-10-11,Electronics,Headphones,West,Carol Davis,19,790.22,0.12,13245.43,8286.88,4958.55,CUST6652,ORD96175
2023-03-03,Home,Appliances,West,Bob Smith,18,453.98,0.11,7238.14,3202.44,4035.69,CUST9114,ORD92880
2024-06-30,Electronics,Headphones,Central,Carol Davis,18,274.86,0.29,3505.0,1958.65,1546.35,CUST4370,ORD31909
2024-06-17,Electronics,Tablet,South,David Brown,19,855.12,0.25,12188.56,6743.26,5445.3,CUST3166,ORD93956
2023-10-05,Clothing,Hat,Central,Carol Davis,1,190.16,0.02,186.02,81.53,104.49,CUST4057,ORD42732
2024-10-26,Home,Appliances,South,Bob Smith,17,479.64,0.24,6188.15,2509.45,3678.7,CUST8406,ORD58217
2023-10-09,Home,Kitchen,Central,Alice Johnson,7,590.4,0.03,4018.12,1727.59,2290.54,CUST9419,ORD44488
2024-01-17,Electronics,Headphones,Central,Alice Johnson,8,803.87,0.04,6162.45,3469.05,2693.39,CUST8465,ORD64643
2023-09-07,Clothing,Jacket,North,Eve Wilson,8,664.95,0.13,4627.41,2385.43,2241.98,CUST2071,ORD26665
2024-02-14,Sports,Tennis,East,Alice Johnson,15,37.3,0.01,553.51,300.44,253.07,CUST1768,ORD12817
2024-09-26,Sports,Tennis,North,David Brown,8,282.46,0.07,2111.72,1151.09,960.63,CUST8617,ORD19962
2024-04-30,Sports,Soccer,East,Alice Johnson,7,543.84,0.25,2872.74,1232.08,1640.66,CUST7806,ORD94301
2024-01-24,Books,Science,East,David Brown,1,689.38,0.14,593.88,318.87,275.01,CUST6029,ORD77299
2024-11-15,Clothing,Jacket,North,Alice Johnson,16,755.59,0.11,10702.14,6743.2,3958.94,CUST3847,ORD61360
2024-08-20,Home,Furniture,South,Alice Johnson,11,37.82,0.01,410.54,274.99,135.55,CUST7808,ORD12790
2024-02-20,Books,Biography,West,Bob Smith,6,461.05,0.01,2751.4,1308.35,1443.05,CUST8578,ORD97923
2024-02-15,Home,Furniture,East,Carol Davis,16,309.61,0.15,4232.69,2459.08,1773.61,CUST3200,ORD59376
2023-11-09,Home,Appliances,Central,Bob Smith,11,931.94,0.26,7584.2,3775.58,3808.61,CUST8918,ORD62023
2024-01-19,Electronics,Headphones,South,Bob Smith,19,489.26,0.16,7762.18,5253.43,2508.75,CUST4176,ORD92319
2023-01-17,Sports,Football,East,Carol Davis,12,759.77,0.03,8881.97,4266.63,4615.33,CUST5820,ORD15720
2024-07-23,Clothing,Jeans,Central,Bob Smith,8,924.4,0.18,6090.03,2597.35,3492.67,CUST5536,ORD34994
2023-09-10,Books,Science,North,Alice Johnson,19,886.65,0.22,13098.15,7316.1,5782.06,CUST9492,ORD88012
2023-06-14,Books,History,West,Bob Smith,3,78.56,0.24,178.29,119.98,58.31,CUST8687,ORD70738
2023-08-31,Sports,Soccer,Central,Alice Johnson,14,902.1,0.02,12433.54,7809.01,4624.52,CUST4759,ORD79378
2024-11-10,Clothing,T-Shirt,Central,Bob Smith,20,860.18,0.27,12482.22,5582.68,6899.54,CUST4885,ORD94606
2023-08-08,Books,Fiction,Central,Bob Smith,13,462.13,0.0,5992.05,3700.3,2291.75,CUST5497,ORD10680
2024-04-13,Electronics,Tablet,North,Bob Smith,2,322.45,0.08,593.58,409.85,183.73,CUST9313,ORD20729
2023-10-27,Clothing,Jacket,East,Eve Wilson,20,237.89,0.05,4531.15,1902.45,2628.7,CUST5579,ORD10522
2024-04-06,Books,Biography,West,Eve Wilson,18,501.33,0.27,6610.77,3107.81,3502.96,CUST8205,ORD71739
2024-02-10,Sports,Basketball,Central,Carol Davis,6,748.36,0.07,4179.54,2393.84,1785.69,CUST7537,ORD42960
2024-12-08,Books,Biography,East,Eve Wilson,12,606.93,0.04,6990.59,2829.52,4161.07,CUST5790,ORD58632
2024-01-05,Home,Kitchen,West,Alice Johnson,10,610.98,0.23,4690.24,2845.3,1844.94,CUST6120,ORD81266
2024-02-27,Home,Garden,Central,Eve Wilson,17,459.03,0.28,5587.64,2454.11,3133.53,CUST2782,ORD98503
2023-05-05,Electronics,Laptop,North,Eve Wilson,15,811.1,0.18,9955.68,4853.28,5102.4,CUST5874,ORD58374
2023-02-26,Sports,Soccer,Central,Bob Smith,2,111.97,0.25,168.63,74.34,94.29,CUST8305,ORD40480
2023-03-23,Sports,Soccer,West,Carol Davis,6,365.42,0.07,2043.98,1039.4,1004.58,CUST4267,ORD84559
2024-01-12,Sports,Golf,North,Carol Davis,17,395.97,0.16,5649.66,3913.79,1735.87,CUST2801,ORD41550
2024-10-25,Sports,Football,East,Carol Davis,18,336.77,0.17,5042.97,3478.3,1564.67,CUST9868,ORD15534
2024-09-18,Home,Furniture,South,Bob Smith,9,215.52,0.24,1467.32,962.99,504.33,CUST8542,ORD54807
2024-06-20,Sports,Basketball,West,Alice Johnson,15,691.93,0.1,9301.35,5782.2,3519.15,CUST1079,ORD94273
2024-10-19,Electronics,Camera,Central,Carol Davis,19,858.26,0.22,12649.9,5338.96,7310.94,CUST6711,ORD62234
2023-02-22,Books,Non-Fiction,West,Carol Davis,16,342.93,0.0,5481.07,3528.8,1952.27,CUST7138,ORD18605
2024-12-22,Sports,Basketball,West,Eve Wilson,6,57.49,0.3,242.98,147.36,95.63,CUST4951,ORD64800
2024-09-30,Electronics,Camera,West,Bob Smith,9,153.28,0.05,1312.3,627.66,684.64,CUST7724,ORD62863
2024-09-19,Electronics,Camera,West,Carol Davis,9,259.59,0.19,1893.16,1167.33,725.82,CUST9815,ORD25466
2024-07-02,Sports,Soccer,South,Bob Smith,15,129.29,0.06,1829.19,855.38,973.81,CUST8457,ORD73234
2023-11-22,Books,History,West,Alice Johnson,18,884.63,0.23,12252.24,8547.67,3704.57,CUST1382,ORD97120
2024-06-03,Clothing,Jeans,West,Alice Johnson,15,269.33,0.15,3414.99,1831.03,1583.96,CUST9330,ORD54804
2023-01-19,Books,Biography,East,Carol Davis,5,616.04,0.01,3061.54,1651.47,1410.07,CUST8863,ORD13633
2024-11-24,Electronics,Phone,West,Bob Smith,15,316.78,0.24,3601.85,1871.5,1730.35,CUST6801,ORD22437
2023-06-17,Clothing,Shoes,North,David Brown,13,535.41,0.16,5864.38,3677.64,2186.74,CUST8276,ORD18143
2023-05-07,Electronics,Headphones,Central,David Brown,5,22.25,0.28,80.45,47.83,32.62,CUST3186,ORD65594
2023-11-13,Clothing,T-Shirt,East,Carol Davis,11,738.3,0.25,6073.03,4197.17,1875.86,CUST6565,ORD40129
2023-01-28,Sports,Basketball,Central,Alice Johnson,16,186.67,0.13,2591.21,1224.68,1366.52,CUST1725,ORD28095
2024-04-02,Books,Non-Fiction,South,Alice Johnson,16,222.92,0.0,3549.61,1823.93,1725.69,CUST4627,ORD91446
2024-10-16,Clothing,Shoes,South,Alice Johnson,15,253.84,0.17,3151.95,1480.01,1671.94,CUST9780,ORD82134
2024-09-25,Books,Biography,South,Carol Davis,14,228.58,0.02,3132.47,1611.09,1521.38,CUST9208,ORD92431
2024-04-26,Home,Garden,South,Bob Smith,3,330.69,0.25,744.71,442.69,302.02,CUST9820,ORD72580
2023-09-02,Clothing,Shoes,North,Carol Davis,14,630.37,0.26,6540.09,2750.27,3789.82,CUST8164,ORD37706
2024-07-11,Sports,Tennis,West,David Brown,3,804.58,0.3,1697.12,1042.8,654.32,CUST3102,ORD29084
2024-09-20,Electronics,Laptop,South,Eve Wilson,10,160.28,0.22,1251.18,566.62,684.56,CUST2198,ORD25723
2023-05-10,Home,Furniture,East,Carol Davis,6,509.27,0.25,2290.68,979.89,1310.8,CUST2711,ORD45330
2024-06-23,Books,Non-Fiction,North,David Brown,20,199.97,0.1,3615.56,1783.07,1832.49,CUST9884,ORD97530
2023-06-25,Electronics,Phone,North,Alice Johnson,8,450.56,0.1,3244.64,1965.27,1279.38,CUST5842,ORD10406
2024-03-17,Sports,Basketball,West,Eve Wilson,10,278.51,0.2,2225.94,1248.6,977.33,CUST7947,ORD43828
2023-05-20,Books,Fiction,West,Alice Johnson,7,766.44,0.14,4626.49,2404.34,2222.15,CUST7150,ORD97835
2023-10-15,Electronics,Tablet,West,Bob Smith,15,341.71,0.07,4743.0,3114.36,1628.64,CUST5034,ORD83292
2024-06-13,Clothing,Jacket,West,David Brown,18,241.2,0.13,3758.93,2316.05,1442.88,CUST1086,ORD12268
2023-12-13,Clothing,Jacket,East,Alice Johnson,17,334.38,0.05,5401.11,3019.07,2382.05,CUST3149,ORD70995
2024-01-12,Clothing,Hat,North,Eve Wilson,13,958.1,0.23,9616.51,5266.92,4349.59,CUST4435,ORD17119
2023-08-30,Electronics,Phone,North,Carol Davis,12,210.31,0.19,2038.12,862.76,1175.36,CUST2616,ORD88419
2024-05-16,Electronics,Camera,East,David Brown,15,121.45,0.29,1288.84,746.51,542.33,CUST4058,ORD19336
2024-03-06,Books,Fiction,North,Eve Wilson,16,28.08,0.29,317.73,208.5,109.22,CUST8413,ORD19808
2023-03-03,Books,Non-Fiction,North,Bob Smith,5,415.97,0.03,2018.54,925.91,1092.63,CUST1461,ORD99505
2023-11-15,Books,Non-Fiction,Central,Bob Smith,8,975.75,0.16,6584.15,4291.25,2292.9,CUST7454,ORD40234
2024-09-27,Electronics,Camera,Central,Carol Davis,15,976.18,0.21,11585.37,5106.36,6479.01,CUST5920,ORD61593
2024-07-13,Clothing,T-Shirt,West,Bob Smith,11,898.42,0.19,7963.41,5255.77,2707.64,CUST8077,ORD25410
2024-02-12,Clothing,T-Shirt,West,Alice Johnson,1,413.45,0.16,348.57,234.68,113.88,CUST5306,ORD44278
2023-06-16,Sports,Basketball,East,Alice Johnson,14,277.72,0.21,3069.12,2088.35,980.77,CUST8841,ORD33309
2024-04-07,Home,Appliances,West,Alice Johnson,10,577.04,0.28,4180.59,2677.47,1503.12,CUST5161,ORD37575
2023-02-04,Clothing,Jacket,South,Bob Smith,15,12.85,0.13,167.96,113.02,54.94,CUST3710,ORD76019
2024-08-31,Home,Garden,South,Bob Smith,12,26.34,0.27,231.91,155.36,76.55,CUST2423,ORD58292
2024-07-16,Books,Non-Fiction,Central,Bob Smith,6,804.02,0.19,3918.57,2444.62,1473.95,CUST8798,ORD73737
2023-12-22,Electronics,Tablet,East,Carol Davis,7,210.56,0.28,1064.49,697.68,366.81,CUST7764,ORD69211
2024-07-25,Home,Kitchen,North,Carol Davis,8,881.76,0.08,6485.97,2981.67,3504.3,CUST7895,ORD99473
2023-07-06,Electronics,Laptop,South,Alice Johnson,10,157.83,0.04,1521.16,1060.31,460.85,CUST8304,ORD56692
2024-09-01,Clothing,Hat,Central,Carol Davis,5,942.3,0.22,3667.21,1912.79,1754.42,CUST8173,ORD92577
2023-11-13,Home,Furniture,North,Bob Smith,3,418.03,0.16,1049.7,616.07,433.63,CUST4045,ORD86929
2024-11-01,Sports,Football,West,Carol Davis,9,708.33,0.21,5041.04,2458.96,2582.08,CUST1008,ORD11264
2024-06-25,Home,Decor,East,Eve Wilson,1,902.88,0.22,708.36,346.98,361.39,CUST8831,ORD92518
2023-11-26,Electronics,Laptop,South,Eve Wilson,11,660.07,0.11,6468.48,3670.36,2798.12,CUST2423,ORD36370
2023-07-04,Sports,Basketball,North,Eve Wilson,14,267.62,0.21,2952.62,1984.77,967.85,CUST3798,ORD44691
2023-08-08,Electronics,Camera,West,Eve Wilson,7,774.0,0.25,4088.72,2516.47,1572.25,CUST1179,ORD85328
2024-04-18,Home,Kitchen,West,Bob Smith,19,740.7,0.28,10161.51,7063.93,3097.57,CUST7091,ORD58450
2024-03-25,Home,Furniture,West,Bob Smith,10,567.84,0.14,4868.54,2739.51,2129.04,CUST2520,ORD99284
2023-06-09,Books,Non-Fiction,South,Bob Smith,14,283.89,0.11,3524.66,1888.96,1635.7,CUST2511,ORD83135
2024-07-09,Clothing,Jeans,North,Eve Wilson,1,343.59,0.12,300.79,149.91,150.88,CUST5451,ORD19210
2024-08-27,Electronics,Camera,North,Alice Johnson,2,776.97,0.21,1229.83,842.36,387.47,CUST9268,ORD46645
2024-09-09,Clothing,T-Shirt,North,David Brown,18,622.2,0.24,8501.8,5262.98,3238.82,CUST2251,ORD55798
2024-02-19,Sports,Soccer,North,Alice Johnson,13,17.41,0.23,174.17,103.51,70.66,CUST1098,ORD72990
2023-05-17,Clothing,Hat,Central,Alice Johnson,10,531.16,0.16,4446.78,2639.42,1807.36,CUST9832,ORD58190
2024-03-09,Books,Fiction,East,Alice Johnson,7,482.18,0.12,2976.31,1895.59,1080.72,CUST6243,ORD23085
2023-02-13,Books,Biography,West,Alice Johnson,8,206.46,0.27,1210.57,564.93,645.64,CUST2718,ORD87654
2024-09-14,Books,Non-Fiction,Central,Alice Johnson,13,210.97,0.17,2267.04,1571.22,695.82,CUST1541,ORD59017
2024-07-15,Electronics,Laptop,Central,David Brown,10,271.57,0.21,2136.84,1480.44,656.4,CUST9852,ORD11113
2023-08-26,Home,Furniture,East,Carol Davis,1,43.95,0.22,34.37,19.37,15.01,CUST2729,ORD57899
2024-12-11,Home,Garden,Central,Bob Smith,7,802.71,0.17,4652.36,2341.23,2311.13,CUST8439,ORD89205
2024-05-11,Sports,Soccer,North,Alice Johnson,3,169.9,0.15,432.12,239.41,192.71,CUST6193,ORD28055
2023-01-24,Electronics,Laptop,West,Alice Johnson,20,371.41,0.21,5902.58,2618.07,3284.51,CUST7487,ORD21603
2023-01-14,Home,Appliances,West,David Brown,17,557.21,0.13,8276.88,4246.87,4030.0,CUST4952,ORD75813
2024-07-18,Books,Biography,North,Bob Smith,4,129.25,0.18,425.56,189.28,236.28,CUST8678,ORD38682
2023-11-30,Home,Garden,West,Carol Davis,10,621.68,0.24,4695.86,3236.86,1459.0,CUST1655,ORD35974
2023-01-28,Electronics,Headphones,East,Bob Smith,17,991.69,0.23,12982.07,5278.68,7703.4,CUST5576,ORD76868
2024-05-13,Sports,Football,South,Alice Johnson,10,306.44,0.04,2948.63,1718.7,1229.93,CUST8243,ORD51363
2024-12-01,Clothing,Jacket,East,Eve Wilson,5,17.23,0.05,82.08,44.48,37.61,CUST8381,ORD70685
2024-12-16,Home,Decor,West,David Brown,9,460.94,0.1,3722.11,2036.08,1686.03,CUST5620,ORD74100
2023-01-15,Home,Kitchen,South,David Brown,19,47.37,0.26,666.53,377.63,288.9,CUST2706,ORD41085
2023-02-14,Home,Furniture,North,Bob Smith,13,493.8,0.15,5456.01,3464.28,1991.74,CUST6688,ORD31300
2024-12-20,Electronics,Phone,South,Eve Wilson,1,655.35,0.0,652.79,329.58,323.21,CUST2613,ORD57703
2023-12-09,Books,Biography,West,Eve Wilson,2,977.67,0.13,1692.11,886.31,805.8,CUST2207,ORD68680
2024-09-28,Books,Non-Fiction,North,Bob Smith,9,991.93,0.19,7267.06,3887.98,3379.08,CUST7146,ORD45393
2023-05-15,Clothing,Jeans,West,Carol Davis,5,857.73,0.27,3119.63,2073.74,1045.89,CUST2662,ORD70869
2024-04-18,Electronics,Phone,North,David Brown,2,194.65,0.23,301.42,143.69,157.73,CUST2743,ORD83142
2023-08-01,Clothing,Jeans,East,Eve Wilson,7,994.21,0.09,6298.7,2823.78,3474.93,CUST5037,ORD45525
2024-01-12,Books,Non-Fiction,North,Eve Wilson,9,514.41,0.28,3354.98,2151.54,1203.44,CUST6069,ORD96509
2024-11-09,Home,Furniture,West,Bob Smith,1,473.99,0.12,416.48,195.66,220.82,CUST8291,ORD37794
2024-10-18,Clothing,T-Shirt,Central,Bob Smith,4,228.78,0.07,850.7,342.67,508.03,CUST9678,ORD14957
2023-01-11,Electronics,Tablet,South,Bob Smith,14,854.55,0.2,9555.45,6164.93,3390.53,CUST3482,ORD31402
2023-05-16,Books,History,North,Bob Smith,4,34.52,0.28,99.38,69.23,30.15,CUST6193,ORD57358
2023-09-03,Sports,Basketball,North,David Brown,7,305.18,0.04,2045.24,942.61,1102.63,CUST9464,ORD59638
2024-02-19,Electronics,Headphones,West,Bob Smith,13,514.44,0.24,5060.81,2576.75,2484.07,CUST5669,ORD77690
2023-07-04,Clothing,T-Shirt,South,Eve Wilson,12,303.96,0.18,2974.44,1697.93,1276.51,CUST1251,ORD63139
2024-04-18,Clothing,Shoes,South,Alice Johnson,10,42.45,0.12,372.49,174.55,197.94,CUST1794,ORD42970
2023-11-16,Sports,Soccer,East,David Brown,20,743.91,0.16,12569.39,8232.58,4336.81,CUST3052,ORD57488
2024-12-09,Home,Decor,Central,David Brown,4,878.5,0.26,2590.76,1737.3,853.46,CUST1931,ORD70018
2024-10-07,Books,Fiction,South,Alice Johnson,2,745.34,0.16,1254.76,592.72,662.05,CUST9073,ORD16255
2024-01-16,Books,Biography,West,Carol Davis,14,381.0,0.26,3929.72,2257.94,1671.78,CUST3138,ORD82230
2023-06-03,Sports,Soccer,North,Carol Davis,17,599.76,0.22,7912.6,3502.03,4410.57,CUST8739,ORD25958
2023-11-17,Electronics,Tablet,East,Eve Wilson,19,469.06,0.13,7725.13,3292.92,4432.21,CUST5059,ORD26878
2023-11-20,Home,Decor,East,David Brown,8,981.21,0.25,5868.34,3321.3,2547.04,CUST3787,ORD24083
2024-07-30,Books,History,South,Bob Smith,4,812.12,0.17,2700.57,1740.06,960.51,CUST2426,ORD41448
2024-01-22,Sports,Tennis,East,Bob Smith,12,602.65,0.3,5087.26,3098.28,1988.98,CUST6077,ORD77932
2024-09-25,Home,Furniture,North,David Brown,9,35.36,0.05,301.47,131.17,170.3,CUST2275,ORD26724
2023-08-05,Electronics,Laptop,North,Bob Smith,9,118.57,0.16,896.49,380.09,516.39,CUST3894,ORD13463
2024-07-01,Clothing,Shoes,Central,Eve Wilson,12,118.12,0.25,1061.61,630.76,430.85,CUST4240,ORD86541
2023-11-03,Books,History,Central,Carol Davis,16,299.07,0.04,4592.87,2160.36,2432.51,CUST8542,ORD67696
2023-07-25,Books,Biography,West,Eve Wilson,4,851.11,0.1,3063.93,1449.82,1614.1,CUST5235,ORD86549
2023-07-08,Books,Science,North,Bob Smith,16,70.38,0.02,1103.77,756.24,347.54,CUST7782,ORD91145
2024-02-22,Sports,Soccer,North,Carol Davis,1,13.34,0.26,9.88,4.11,5.77,CUST7888,ORD99784
2023-03-24,Clothing,Shoes,East,Bob Smith,4,106.33,0.21,333.99,208.26,125.73,CUST5555,ORD63309
2023-03-27,Home,Decor,South,Carol Davis,11,343.16,0.09,3436.37,2225.06,1211.3,CUST7650,ORD59770
2024-06-01,Home,Decor,South,Alice Johnson,3,149.02,0.17,372.34,217.61,154.73,CUST2196,ORD74275
2024-05-24,Clothing,Jacket,North,Eve Wilson,18,323.45,0.0,5818.3,3386.5,2431.8,CUST5660,ORD11274
2024-12-03,Electronics,Phone,North,David Brown,1,396.94,0.25,299.67,128.98,170.68,CUST5298,ORD55864
2023-06-27,Books,Fiction,Central,Carol Davis,15,48.59,0.19,593.95,238.71,355.24,CUST2291,ORD12862
2023-03-31,Electronics,Laptop,North,David Brown,6,593.85,0.02,3491.91,2052.29,1439.62,CUST9473,ORD61581
2024-02-13,Home,Decor,Central,Eve Wilson,6,102.07,0.2,488.81,210.22,278.6,CUST3378,ORD59362
2023-09-10,Sports,Football,North,Carol Davis,12,796.32,0.05,9094.89,5514.9,3579.99,CUST7951,ORD92496
2024-11-30,Books,History,Central,Bob Smith,4,657.33,0.23,2036.72,1054.54,982.18,CUST1314,ORD66885
2024-11-19,Electronics,Tablet,East,Bob Smith,20,908.52,0.1,16289.36,9434.42,6854.95,CUST9321,ORD21693
2023-04-17,Clothing,Shoes,East,Eve Wilson,13,336.52,0.19,3542.83,1926.89,1615.94,CUST8846,ORD87040
2023-07-27,Electronics,Headphones,Central,Eve Wilson,6,73.26,0.09,399.97,238.94,161.03,CUST6246,ORD68719
2024-10-10,Home,Kitchen,South,Alice Johnson,5,651.08,0.25,2429.25,1428.64,1000.61,CUST3781,ORD63467
2023-09-05,Electronics,Tablet,West,Alice Johnson,11,661.61,0.05,6916.64,3353.78,3562.86,CUST8214,ORD32716
2023-03-03,Clothing,T-Shirt,East,Bob Smith,2,878.26,0.23,1355.02,750.08,604.95,CUST8407,ORD23412
2024-07-15,Books,Science,South,Eve Wilson,10,667.18,0.17,5567.9,2867.55,2700.34,CUST2219,ORD77493
2024-06-01,Electronics,Phone,South,Bob Smith,17,198.52,0.01,3331.77,2027.99,1303.78,CUST8869,ORD51990
2023-10-20,Electronics,Laptop,West,Eve Wilson,8,382.12,0.21,2410.15,1519.37,890.78,CUST3515,ORD23728
2024-11-02,Sports,Basketball,South,Bob Smith,1,555.2,0.17,460.14,223.99,236.15,CUST2451,ORD76269
2023-06-14,Home,Furniture,Central,Eve Wilson,20,641.74,0.26,9505.11,4211.0,5294.11,CUST8172,ORD26866
2024-08-15,Electronics,Phone,East,Carol Davis,17,289.03,0.24,3719.91,1719.05,2000.86,CUST6713,ORD18643
2023-10-20,Electronics,Tablet,West,Eve Wilson,2,281.9,0.08,516.85,278.39,238.46,CUST8099,ORD47970
2024-08-20,Home,Decor,Central,Carol Davis,9,194.95,0.11,1565.84,1075.14,490.7,CUST9185,ORD34952
2024-04-15,Home,Appliances,North,David Brown,10,280.0,0.06,2640.61,1678.27,962.34,CUST3679,ORD35427
2024-09-06,Electronics,Camera,West,Carol Davis,17,345.91,0.19,4777.79,2097.69,2680.1,CUST7645,ORD73620
2023-02-17,Home,Appliances,North,David Brown,13,282.38,0.09,3336.69,1578.89,1757.8,CUST5364,ORD41002
2023-05-30,Books,Fiction,East,Alice Johnson,4,107.16,0.01,424.5,216.89,207.61,CUST9833,ORD41053
2023-04-05,Sports,Tennis,Central,Alice Johnson,11,408.62,0.16,3789.11,1705.06,2084.06,CUST3762,ORD14316
2024-06-24,Clothing,Jeans,North,Alice Johnson,17,913.71,0.13,13546.58,6548.83,6997.75,CUST4859,ORD26898
2023-06-15,Electronics,Camera,East,Eve Wilson,4,919.17,0.12,3246.44,1337.73,1908.71,CUST1114,ORD22405
2023-06-03,Clothing,Jacket,West,Alice Johnson,5,58.22,0.07,272.04,128.48,143.56,CUST8939,ORD64918
2024-04-29,Books,Science,South,Carol Davis,14,751.27,0.02,10335.74,4454.45,5881.29,CUST2696,ORD84769
2024-08-02,Sports,Tennis,North,Eve Wilson,6,427.38,0.06,2409.12,1026.62,1382.5,CUST2560,ORD29566
2023-08-27,Electronics,Laptop,Central,Alice Johnson,11,536.1,0.09,5341.81,3186.19,2155.62,CUST6532,ORD71953
2024-06-29,Home,Garden,North,Carol Davis,13,90.71,0.07,1097.96,617.92,480.05,CUST6901,ORD35589
2023-06-16,Books,Biography,Central,Alice Johnson,16,340.15,0.17,4493.81,2346.44,2147.37,CUST4907,ORD60613
2023-10-28,Books,Biography,East,Alice Johnson,20,965.27,0.28,13940.03,8036.64,5903.39,CUST6251,ORD84962
2024-08-31,Sports,Soccer,East,Carol Davis,20,216.84,0.06,4064.02,2455.3,1608.72,CUST8397,ORD83182
2024-02-02,Sports,Football,North,Carol Davis,3,533.65,0.16,1347.71,650.08,697.63,CUST6269,ORD35177
2023-08-02,Clothing,Jacket,West,David Brown,15,558.65,0.02,8176.92,3566.05,4610.87,CUST5324,ORD71102
2024-09-04,Electronics,Camera,Central,David Brown,14,388.49,0.03,5292.38,2596.68,2695.7,CUST1232,ORD94267
2024-10-18,Home,Decor,West,David Brown,5,202.24,0.08,926.44,593.96,332.48,CUST6264,ORD89592
2023-01-14,Home,Appliances,West,Eve Wilson,19,90.48,0.06,1619.46,873.58,745.88,CUST4254,ORD33268
2023-11-09,Sports,Tennis,South,Eve Wilson,11,957.63,0.17,8780.47,4043.55,4736.92,CUST6492,ORD39962
2023-01-12,Books,Non-Fiction,Central,Eve Wilson,19,344.72,0.25,4909.29,2973.23,1936.05,CUST3969,ORD15753
2024-04-09,Sports,Football,East,Carol Davis,5,854.56,0.23,3301.19,2130.16,1171.03,CUST6293,ORD16209
2024-04-18,Home,Garden,East,Eve Wilson,7,615.56,0.21,3400.2,1391.64,2008.56,CUST1291,ORD15434
2024-03-18,Home,Garden,Central,Eve Wilson,2,626.14,0.07,1167.52,705.57,461.96,CUST4949,ORD46557
2023-06-19,Clothing,Hat,South,David Brown,5,190.88,0.2,761.26,361.95,399.31,CUST3387,ORD23943
2024-02-19,Sports,Golf,South,Bob Smith,6,982.86,0.15,5040.82,3064.88,1975.93,CUST8181,ORD69941
2023-10-06,Clothing,Shoes,Central,David Brown,8,123.33,0.27,723.4,458.22,265.18,CUST9289,ORD86886
2023-04-02,Sports,Football,South,David Brown,3,198.06,0.2,476.79,204.98,271.81,CUST9500,ORD95413
2023-02-06,Books,History,South,Bob Smith,7,610.52,0.15,3621.97,2329.84,1292.13,CUST3128,ORD69904
2024-10-31,Books,Science,North,Bob Smith,8,844.35,0.06,6357.89,4229.2,2128.69,CUST6333,ORD29552
2023-01-28,Home,Garden,West,Bob Smith,20,932.1,0.07,17426.27,8462.27,8963.99,CUST6866,ORD39337
2024-12-01,Books,History,Central,David Brown,5,660.43,0.17,2745.72,1413.0,1332.72,CUST4478,ORD52084
2023-03-01,Sports,Soccer,North,Eve Wilson,12,264.36,0.19,2564.14,1759.7,804.43,CUST3904,ORD27182
2024-09-19,Books,Biography,South,Bob Smith,11,451.79,0.14,4250.05,1953.28,2296.77,CUST1816,ORD91430
2023-04-14,Home,Garden,North,Bob Smith,2,569.56,0.03,1109.72,671.75,437.97,CUST2489,ORD50098
2023-07-13,Electronics,Camera,South,David Brown,14,18.05,0.08,232.94,103.82,129.12,CUST3618,ORD10326
2024-09-14,Books,History,East,David Brown,20,431.0,0.08,7912.31,5173.78,2738.53,CUST5482,ORD86019
2024-07-03,Clothing,T-Shirt,South,Carol Davis,20,233.03,0.26,3459.93,2197.47,1262.46,CUST1034,ORD73448
2024-04-04,Books,Fiction,East,Bob Smith,11,972.47,0.1,9638.41,4097.99,5540.41,CUST9749,ORD78884
2023-05-18,Electronics,Phone,Central,Alice Johnson,8,996.48,0.07,7388.26,3531.5,3856.77,CUST2846,ORD19615
2024-01-23,Home,Appliances,East,Carol Davis,5,871.21,0.08,4016.15,2221.48,1794.67,CUST4918,ORD16798
2023-06-27,Books,Fiction,West,Alice Johnson,5,146.83,0.23,563.26,239.57,323.7,CUST8024,ORD56067
2024-09-16,Clothing,Jacket,East,David Brown,13,725.75,0.09,8568.95,5553.47,3015.48,CUST1795,ORD97771
2023-01-21,Books,Fiction,South,Alice Johnson,19,509.62,0.26,7181.3,4524.77,2656.53,CUST3662,ORD13563
2023-01-30,Home,Furniture,South,David Brown,5,934.04,0.2,3753.09,1622.2,2130.89,CUST9292,ORD56398
2023-06-21,Home,Furniture,Central,David Brown,19,398.87,0.02,7458.27,3928.74,3529.52,CUST1849,ORD85640
2024-01-24,Clothing,Jeans,East,Carol Davis,5,763.31,0.28,2731.37,1686.07,1045.3,CUST6678,ORD87903
2024-08-30,Books,Science,North,Eve Wilson,17,548.76,0.14,8038.76,4179.14,3859.62,CUST5293,ORD52545
2023-06-21,Clothing,Hat,South,David Brown,8,858.92,0.27,5019.72,2063.05,2956.67,CUST3781,ORD21732
2024-02-01,Clothing,Jeans,North,Bob Smith,18,154.12,0.07,2578.69,1424.09,1154.6,CUST8969,ORD47808
2024-12-19,Sports,Golf,South,David Brown,15,387.73,0.23,4474.47,1813.17,2661.3,CUST7633,ORD71800
2023-02-23,Home,Kitchen,East,Bob Smith,8,204.02,0.14,1403.14,840.75,562.39,CUST5313,ORD92279
2023-03-06,Books,Science,East,David Brown,20,493.97,0.24,7545.63,4001.47,3544.16,CUST5051,ORD64839
2024-06-18,Sports,Soccer,Central,Carol Davis,17,668.76,0.26,8407.61,4562.15,3845.46,CUST9019,ORD21365
2023-02-20,Electronics,Laptop,North,Alice Johnson,17,322.03,0.2,4390.32,2138.04,2252.28,CUST2242,ORD66165
2024-12-19,Sports,Soccer,West,Carol Davis,1,216.81,0.28,156.59,72.71,83.88,CUST2571,ORD71169
2023-02-04,Sports,Golf,Central,Alice Johnson,9,187.82,0.05,1611.43,741.19,870.24,CUST7191,ORD25776
2023-07-17,Electronics,Headphones,Central,Alice Johnson,4,459.35,0.27,1349.8,878.26,471.54,CUST1604,ORD55197
2023-06-04,Books,Biography,South,Alice Johnson,1,574.39,0.16,479.86,208.26,271.6,CUST3595,ORD90935
2023-07-02,Sports,Tennis,North,Alice Johnson,8,143.41,0.1,1036.53,550.77,485.76,CUST2895,ORD33514
2024-04-27,Books,Fiction,East,Eve Wilson,12,884.87,0.25,8000.1,4792.87,3207.22,CUST9995,ORD34480
2024-11-01,Books,Biography,East,Eve Wilson,4,145.18,0.15,492.86,209.51,283.35,CUST7833,ORD10431
2023-08-06,Home,Appliances,South,Alice Johnson,14,247.7,0.07,3238.06,2257.21,980.85,CUST5135,ORD55353
2023-09-29,Electronics,Laptop,Central,Eve Wilson,12,117.34,0.1,1266.57,780.05,486.52,CUST2318,ORD48708
2024-09-06,Clothing,T-Shirt,East,Carol Davis,18,627.79,0.05,10703.88,5788.95,4914.93,CUST8224,ORD16614
2023-06-07,Books,History,West,Carol Davis,11,860.7,0.21,7443.92,4331.92,3111.99,CUST8535,ORD22747
2024-02-20,Sports,Football,Central,Bob Smith,2,954.61,0.18,1573.37,925.03,648.33,CUST6370,ORD39199
2024-03-05,Sports,Golf,Central,David Brown,15,439.44,0.03,6367.45,3291.03,3076.42,CUST1689,ORD99181
2023-10-24,Sports,Football,West,David Brown,10,498.75,0.04,4803.78,2159.92,2643.86,CUST4259,ORD87702
2024-01-02,Clothing,Jeans,East,Alice Johnson,15,847.7,0.06,11944.52,5420.78,6523.75,CUST5010,ORD86968
2023-11-04,Home,Furniture,Central,Bob Smith,12,707.68,0.16,7147.98,2940.87,4207.11,CUST1484,ORD88751
2023-10-08,Electronics,Camera,North,Bob Smith,1,585.78,0.25,441.48,211.05,230.43,CUST9492,ORD95749
2024-03-30,Clothing,Hat,East,Eve Wilson,20,464.24,0.25,7007.23,4818.93,2188.29,CUST2603,ORD27527
2023-05-12,Sports,Basketball,Central,Carol Davis,13,24.3,0.08,290.27,183.45,106.82,CUST3959,ORD69926
2023-11-18,Electronics,Headphones,North,Alice Johnson,5,256.58,0.28,926.84,528.82,398.02,CUST2575,ORD21992
2023-08-02,Books,Biography,West,Alice Johnson,18,602.42,0.27,7910.98,5024.63,2886.34,CUST8569,ORD19479
2024-10-03,Books,Fiction,North,Alice Johnson,4,353.18,0.18,1153.64,638.23,515.4,CUST7036,ORD22746
2023-12-09,Home,Appliances,South,Carol Davis,15,94.58,0.2,1132.29,726.77,405.52,CUST5948,ORD47355
2023-09-04,Books,History,North,David Brown,17,325.07,0.2,4438.67,2644.18,1794.48,CUST1589,ORD91272
2023-11-08,Electronics,Laptop,Central,Eve Wilson,10,367.0,0.06,3456.11,2092.37,1363.74,CUST2110,ORD70957
2023-12-20,Electronics,Headphones,West,Eve Wilson,14,598.13,0.23,6450.73,4183.99,2266.74,CUST3068,ORD55959
2024-03-26,Sports,Basketball,East,David Brown,7,919.28,0.05,6093.4,3136.32,2957.08,CUST2898,ORD21569
2023-09-02,Books,Biography,East,David Brown,6,875.54,0.22,4082.51,2053.84,2028.67,CUST5768,ORD62722
2023-07-31,Sports,Golf,South,Alice Johnson,3,779.1,0.06,2206.97,1154.16,1052.8,CUST2256,ORD67939
2024-08-03,Home,Garden,South,Carol Davis,3,423.14,0.26,934.52,418.08,516.45,CUST2171,ORD43958
2023-06-22,Clothing,Jacket,East,David Brown,13,231.97,0.27,2211.11,986.05,1225.06,CUST4940,ORD57197
2024-02-14,Clothing,Shoes,East,David Brown,13,398.67,0.11,4597.49,1909.73,2687.75,CUST1125,ORD85564
2023-02-05,Clothing,Shoes,East,Eve Wilson,12,514.44,0.01,6141.49,3882.16,2259.33,CUST8398,ORD79313
2024-02-19,Home,Furniture,South,David Brown,10,364.25,0.03,3537.54,1458.12,2079.42,CUST5431,ORD29012
2024-04-23,Electronics,Camera,East,David Brown,9,123.43,0.06,1043.94,446.27,597.67,CUST1466,ORD92945
2024-12-11,Books,Science,North,Bob Smith,20,629.66,0.05,11963.52,7423.35,4540.17,CUST2285,ORD10466
2023-01-31,Sports,Golf,West,Carol Davis,6,228.38,0.03,1332.05,792.19,539.87,CUST1545,ORD53580
2024-07-17,Electronics,Phone,South,Alice Johnson,12,326.22,0.03,3780.65,1618.36,2162.28,CUST6915,ORD25076
2024-12-19,Clothing,Jeans,South,Eve Wilson,17,992.62,0.16,14143.98,7841.82,6302.16,CUST4872,ORD90321
2024-03-28,Sports,Tennis,Central,Bob Smith,20,251.57,0.2,4018.95,1770.28,2248.66,CUST1299,ORD66062
2023-04-02,Electronics,Camera,North,Alice Johnson,1,694.62,0.16,584.39,277.88,306.5,CUST4897,ORD93085
2024-06-24,Clothing,Jeans,East,Carol Davis,1,306.38,0.1,275.83,188.97,86.86,CUST5335,ORD43365
2023-07-01,Home,Garden,North,Carol Davis,20,807.3,0.08,14905.42,9673.16,5232.26,CUST6938,ORD48950
2024-11-11,Home,Decor,West,Alice Johnson,4,967.29,0.23,2993.15,1846.89,1146.26,CUST7198,ORD87736
2023-07-26,Sports,Tennis,Central,David Brown,3,881.44,0.29,1885.08,1115.9,769.17,CUST2392,ORD90535
2024-02-07,Clothing,Jeans,East,Eve Wilson,17,857.49,0.05,13783.24,6860.46,6922.78,CUST9032,ORD65326
2023-12-02,Clothing,T-Shirt,North,Bob Smith,18,20.17,0.19,295.64,204.4,91.24,CUST3896,ORD86015
2024-08-25,Clothing,Shoes,East,Alice Johnson,1,339.49,0.26,250.58,119.92,130.66,CUST8959,ORD97682
2023-09-27,Clothing,Jacket,South,Eve Wilson,20,434.25,0.12,7650.29,3526.81,4123.48,CUST9166,ORD36932
2024-06-25,Clothing,T-Shirt,South,Eve Wilson,3,431.07,0.14,1108.02,489.43,618.58,CUST9888,ORD24271
2023-09-11,Electronics,Tablet,Central,Alice Johnson,4,308.31,0.25,923.45,427.16,496.29,CUST4661,ORD80472
2024-08-21,Sports,Tennis,Central,David Brown,4,815.52,0.21,2584.56,1084.93,1499.63,CUST8996,ORD16153
2023-03-16,Sports,Tennis,West,Bob Smith,2,847.04,0.04,1626.07,689.85,936.22,CUST9165,ORD26333
2024-08-09,Sports,Basketball,West,David Brown,10,904.72,0.27,6615.16,3220.88,3394.28,CUST5557,ORD23722
2023-02-02,Clothing,Jeans,West,Alice Johnson,14,495.48,0.28,4983.4,2881.4,2101.99,CUST6030,ORD15702
2023-01-07,Clothing,Jacket,East,Bob Smith,2,647.09,0.02,1269.17,721.11,548.06,CUST6877,ORD46371
2024-11-24,Books,Non-Fiction,South,Bob Smith,1,15.35,0.1,13.81,8.55,5.27,CUST8302,ORD28676
2023-09-24,Clothing,Jacket,North,Alice Johnson,5,464.63,0.15,1985.64,899.64,1086.0,CUST9697,ORD96136
2023-06-10,Clothing,Hat,East,Alice Johnson,16,989.24,0.23,12256.64,6069.45,6187.19,CUST9648,ORD49953
2024-01-21,Electronics,Tablet,Central,David Brown,1,622.69,0.08,571.83,253.65,318.18,CUST3939,ORD42567
2023-12-06,Books,Fiction,Central,David Brown,2,833.51,0.2,1339.82,663.36,676.47,CUST9991,ORD81318
2024-09-16,Home,Furniture,South,Carol Davis,17,945.84,0.16,13482.57,7416.69,6065.87,CUST8254,ORD13943
2024-01-14,Home,Garden,Central,Carol Davis,15,907.8,0.09,12367.47,4991.29,7376.18,CUST8407,ORD92221
2023-03-27,Sports,Tennis,North,Bob Smith,14,446.91,0.12,5507.87,3206.81,2301.06,CUST8676,ORD19330
2024-01-05,Sports,Basketball,Central,David Brown,13,788.76,0.02,10019.97,4619.48,5400.49,CUST3803,ORD31421
2023-12-12,Clothing,Shoes,Central,David Brown,18,468.91,0.17,7016.5,3232.29,3784.21,CUST5785,ORD19390
2024-10-20,Electronics,Laptop,North,Eve Wilson,12,722.18,0.15,7404.37,4641.93,2762.44,CUST5204,ORD21398
2024-10-01,Sports,Tennis,West,David Brown,8,81.88,0.25,489.16,235.53,253.64,CUST3528,ORD80745
2024-09-18,Electronics,Headphones,South,Carol Davis,20,97.86,0.0,1948.71,1106.94,841.78,CUST6689,ORD34591
2024-05-29,Home,Garden,East,David Brown,7,259.7,0.23,1392.23,959.76,432.48,CUST7341,ORD30886
2024-04-25,Electronics,Phone,South,Bob Smith,15,77.02,0.16,968.65,630.54,338.11,CUST7578,ORD25333
2024-06-08,Sports,Basketball,West,David Brown,17,234.16,0.3,2802.42,1270.96,1531.46,CUST9800,ORD90033
2024-08-27,Home,Decor,Central,Eve Wilson,7,518.34,0.21,2859.87,1880.32,979.55,CUST5968,ORD12913
2024-03-05,Sports,Soccer,North,Carol Davis,9,557.69,0.22,3891.0,2127.17,1763.82,CUST8242,ORD41201
2024-08-14,Electronics,Phone,East,Eve Wilson,13,383.11,0.29,3560.77,1881.9,1678.87,CUST8980,ORD32924
2023-05-08,Home,Kitchen,Central,Carol Davis,11,494.27,0.23,4172.28,2638.67,1533.61,CUST9570,ORD62488
2023-05-11,Home,Garden,South,Eve Wilson,2,853.55,0.2,1369.73,577.02,792.71,CUST5941,ORD80853
2024-04-30,Electronics,Headphones,North,Bob Smith,6,308.72,0.21,1459.35,716.75,742.6,CUST9218,ORD72964
2023-11-08,Books,Science,Central,Carol Davis,12,228.26,0.23,2120.33,1196.82,923.51,CUST9894,ORD56405
2023-02-22,Electronics,Phone,West,Alice Johnson,11,543.91,0.25,4484.54,2923.56,1560.98,CUST7340,ORD67829
2024-08-07,Books,Non-Fiction,West,Eve Wilson,17,158.49,0.06,2538.65,1378.56,1160.09,CUST8399,ORD92728
2023-04-21,Sports,Golf,West,Eve Wilson,19,313.2,0.13,5194.2,3126.66,2067.54,CUST6603,ORD16497
2024-08-05,Books,Fiction,North,Eve Wilson,18,607.75,0.11,9726.89,4567.96,5158.92,CUST8308,ORD50352
2023-01-26,Books,History,Central,Alice Johnson,17,749.94,0.18,10454.73,5319.77,5134.96,CUST9802,ORD99437
2023-12-01,Clothing,Hat,Central,Bob Smith,15,916.43,0.09,12449.05,7730.76,4718.3,CUST5463,ORD34531
2023-01-22,Home,Kitchen,East,Alice Johnson,2,191.86,0.18,313.93,204.87,109.06,CUST4464,ORD94767
2023-06-21,Home,Decor,East,Eve Wilson,16,739.84,0.03,11478.29,7425.4,4052.89,CUST9724,ORD81891
2023-05-19,Home,Furniture,West,Eve Wilson,17,418.7,0.09,6473.9,3997.29,2476.61,CUST2661,ORD12570
2023-03-30,Electronics,Laptop,Central,Carol Davis,16,139.57,0.21,1758.44,1049.49,708.95,CUST3465,ORD64197
2023-05-13,Electronics,Headphones,North,Bob Smith,5,85.68,0.14,366.75,237.73,129.03,CUST8214,ORD38886
2023-01-25,Sports,Football,Central,Bob Smith,16,572.93,0.14,7878.57,3737.35,4141.21,CUST8360,ORD38498
2023-03-16,Clothing,Jeans,Central,David Brown,9,854.47,0.05,7322.52,3080.21,4242.3,CUST7539,ORD28471
2024-01-14,Electronics,Camera,Central,Carol Davis,19,188.28,0.22,2805.2,1386.58,1418.62,CUST9203,ORD91330
2023-10-06,Books,Science,Central,Bob Smith,5,599.16,0.28,2154.26,870.43,1283.82,CUST3318,ORD91104
2023-02-17,Electronics,Laptop,North,Bob Smith,3,787.79,0.03,2283.95,1031.88,1252.07,CUST3614,ORD17822
2023-01-27,Books,Non-Fiction,West,Carol Davis,10,765.65,0.22,6001.58,3030.6,2970.98,CUST6424,ORD52990
2024-09-13,Clothing,T-Shirt,North,Bob Smith,19,956.59,0.06,17020.33,11678.73,5341.6,CUST1751,ORD38628
2023-08-20,Clothing,Hat,East,David Brown,19,51.64,0.0,977.49,457.38,520.11,CUST4308,ORD50361
2024-11-27,Books,Biography,Central,David Brown,15,458.9,0.12,6071.55,3793.13,2278.42,CUST8794,ORD66969
2024-02-13,Books,History,East,Carol Davis,11,848.66,0.11,8337.82,3532.57,4805.25,CUST8379,ORD67196
2023-12-04,Books,History,Central,Bob Smith,11,122.39,0.08,1232.36,705.61,526.75,CUST7291,ORD17229
2024-04-03,Home,Decor,Central,Alice Johnson,18,99.61,0.04,1724.75,1189.74,535.01,CUST7303,ORD60905
2023-06-11,Clothing,Jeans,West,Carol Davis,15,438.63,0.22,5147.79,2878.3,2269.49,CUST1036,ORD40584
2023-06-09,Home,Kitchen,Central,David Brown,11,649.69,0.2,5736.83,2322.93,3413.9,CUST8798,ORD30538
2024-09-12,Electronics,Headphones,West,Alice Johnson,20,874.22,0.03,16882.94,10630.87,6252.06,CUST1582,ORD75117
2023-09-24,Electronics,Phone,North,Eve Wilson,13,453.22,0.2,4696.95,2261.02,2435.93,CUST8528,ORD27027
2023-08-05,Sports,Golf,East,Alice Johnson,11,287.81,0.14,2724.05,1361.19,1362.86,CUST4849,ORD87167
2023-05-11,Home,Decor,Central,Carol Davis,11,227.42,0.08,2289.19,1328.21,960.98,CUST5978,ORD75543
2024-03-17,Home,Appliances,East,Alice Johnson,17,297.35,0.15,4284.82,1902.41,2382.41,CUST9020,ORD90715
2024-05-26,Books,Fiction,West,Alice Johnson,17,847.07,0.18,11778.6,8089.74,3688.86,CUST2877,ORD71433
2023-03-14,Electronics,Camera,West,Alice Johnson,17,922.33,0.11,14012.88,9039.96,4972.93,CUST6002,ORD45261
2023-05-20,Electronics,Camera,West,Eve Wilson,3,323.75,0.04,932.51,640.41,292.1,CUST8665,ORD43935
2023-02-09,Sports,Golf,West,David Brown,12,624.77,0.05,7090.92,4931.22,2159.7,CUST4633,ORD38238
2024-10-13,Clothing,T-Shirt,West,David Brown,8,680.49,0.26,4049.46,2305.5,1743.96,CUST1296,ORD59594
2023-01-10,Books,Science,Central,Carol Davis,10,507.4,0.1,4554.0,2716.75,1837.24,CUST2878,ORD27426
2023-01-09,Home,Garden,West,Alice Johnson,17,398.91,0.23,5189.9,3442.8,1747.1,CUST3826,ORD90154
2024-05-05,Home,Appliances,West,Carol Davis,6,809.44,0.1,4388.04,3038.62,1349.42,CUST1930,ORD90692
2023-07-29,Sports,Soccer,East,Carol Davis,5,212.19,0.02,1039.1,495.23,543.88,CUST9682,ORD68172
2023-12-03,Electronics,Camera,West,Bob Smith,18,828.63,0.0,14892.17,6608.4,8283.77,CUST5871,ORD99508
2023-04-07,Books,Science,East,Alice Johnson,20,586.24,0.11,10411.72,6267.99,4143.73,CUST4304,ORD96264
2024-12-19,Electronics,Tablet,East,Eve Wilson,16,52.91,0.2,676.94,274.53,402.41,CUST3548,ORD65172
2023-12-06,Home,Garden,North,Eve Wilson,16,122.74,0.03,1900.61,1300.54,600.07,CUST3947,ORD99551
2023-01-19,Electronics,Tablet,West,Carol Davis,12,592.28,0.24,5381.94,3502.63,1879.31,CUST2494,ORD29639
2024-01-05,Home,Kitchen,West,David Brown,15,343.65,0.23,3969.49,2522.25,1447.25,CUST3267,ORD88091
2023-09-20,Home,Garden,South,David Brown,15,25.01,0.05,356.94,232.31,124.63,CUST5886,ORD47945
2023-06-30,Sports,Football,West,Alice Johnson,15,671.08,0.15,8573.76,5051.14,3522.61,CUST6268,ORD94772
2023-04-06,Home,Decor,South,David Brown,20,648.87,0.09,11810.8,5852.66,5958.14,CUST5814,ORD77470
2023-05-04,Clothing,Shoes,South,Eve Wilson,20,203.44,0.06,3815.62,2664.28,1151.33,CUST7741,ORD67197
2023-03-19,Sports,Golf,South,Bob Smith,4,272.02,0.16,918.98,559.69,359.29,CUST2878,ORD70517
2023-03-02,Home,Garden,Central,Bob Smith,6,502.05,0.2,2399.7,1280.35,1119.35,CUST1836,ORD37464
2024-09-11,Electronics,Laptop,Central,Bob Smith,3,434.29,0.04,1248.61,648.63,599.98,CUST4177,ORD70077
2024-09-10,Clothing,Shoes,North,Alice Johnson,14,153.68,0.26,1586.53,867.39,719.14,CUST3386,ORD61005
2024-07-17,Books,Science,South,Carol Davis,6,254.02,0.14,1312.11,657.34,654.77,CUST7130,ORD66800
2024-10-22,Electronics,Phone,South,Bob Smith,4,616.31,0.24,1864.54,1142.93,721.61,CUST4163,ORD72260
2023-09-08,Home,Appliances,West,Bob Smith,17,694.52,0.17,9788.73,5844.89,3943.84,CUST2589,ORD75041
2023-09-19,Clothing,T-Shirt,North,Carol Davis,11,869.16,0.28,6927.75,4569.16,2358.6,CUST3289,ORD37680
2024-12-15,Electronics,Laptop,Central,Carol Davis,18,303.16,0.16,4586.19,2310.69,2275.5,CUST6051,ORD79883
2024-05-01,Books,Biography,East,Eve Wilson,3,466.54,0.1,1264.59,717.55,547.03,CUST4576,ORD51277
2024-04-04,Electronics,Camera,North,Eve Wilson,17,111.13,0.17,1576.73,932.91,643.81,CUST7587,ORD97178
2023-03-27,Electronics,Phone,Central,Alice Johnson,15,994.2,0.21,11767.5,6987.51,4780.0,CUST1427,ORD24951
2024-08-04,Books,Fiction,West,Carol Davis,14,245.65,0.04,3305.13,1622.56,1682.57,CUST1472,ORD33853
2024-04-27,Books,Non-Fiction,East,Eve Wilson,17,70.37,0.15,1015.23,671.17,344.06,CUST1135,ORD65803
2024-01-17,Sports,Golf,South,Carol Davis,8,863.03,0.18,5678.54,3880.76,1797.77,CUST3192,ORD61064
2023-04-07,Home,Appliances,South,Bob Smith,16,836.89,0.18,10937.78,7187.22,3750.56,CUST6788,ORD40594
2023-11-17,Home,Decor,West,Carol Davis,9,259.43,0.2,1857.0,1010.02,846.98,CUST3187,ORD32711
2024-08-11,Books,Non-Fiction,West,David Brown,15,404.04,0.01,5983.79,3606.5,2377.29,CUST4971,ORD80129
2023-06-24,Sports,Basketball,West,Alice Johnson,19,16.14,0.28,221.8,96.26,125.55,CUST4430,ORD32078
2024-05-06,Sports,Tennis,North,Carol Davis,5,860.57,0.02,4228.72,2145.17,2083.55,CUST2222,ORD58248
2023-06-23,Electronics,Headphones,East,Alice Johnson,9,667.74,0.25,4520.93,2801.16,1719.77,CUST3034,ORD44941
2024-11-14,Clothing,T-Shirt,North,Alice Johnson,7,763.21,0.09,4871.85,2082.61,2789.24,CUST2791,ORD71459
2024-01-18,Books,Biography,North,Alice Johnson,9,456.35,0.28,2937.19,1355.93,1581.27,CUST2255,ORD95967
2024-07-16,Home,Garden,South,David Brown,20,542.05,0.07,10116.69,5012.05,5104.64,CUST7696,ORD68660
2024-01-31,Sports,Football,North,Alice Johnson,8,849.94,0.22,5284.52,2876.82,2407.71,CUST8635,ORD30071
2024-12-24,Clothing,Jacket,Central,David Brown,12,856.72,0.12,9011.61,5317.33,3694.29,CUST4072,ORD62180
2023-02-24,Clothing,Hat,North,David Brown,9,668.01,0.05,5737.91,2912.75,2825.15,CUST1130,ORD45228
2024-03-01,Books,Fiction,Central,Eve Wilson,11,277.29,0.02,2978.85,1890.32,1088.53,CUST5778,ORD31216
2024-06-26,Clothing,Hat,West,David Brown,7,352.67,0.03,2402.76,1173.39,1229.37,CUST1414,ORD33488
2023-03-28,Clothing,Jacket,North,Bob Smith,6,245.04,0.18,1212.47,737.26,475.21,CUST9126,ORD22939
2024-07-03,Electronics,Headphones,West,Carol Davis,10,71.67,0.27,522.91,318.85,204.06,CUST8534,ORD49277
2024-10-28,Clothing,Jacket,South,Carol Davis,20,913.78,0.16,15286.24,9336.62,5949.62,CUST6304,ORD41380
2024-09-12,Books,Science,East,Alice Johnson,11,680.11,0.16,6259.39,2729.55,3529.84,CUST5261,ORD56559
2024-01-09,Home,Furniture,West,David Brown,1,947.32,0.29,674.18,269.9,404.28,CUST9229,ORD51868
2024-11-07,Electronics,Headphones,Central,David Brown,17,767.84,0.23,10108.31,5690.92,4417.38,CUST5833,ORD12973
2024-05-07,Clothing,Shoes,East,Eve Wilson,16,419.46,0.08,6197.28,2742.85,3454.42,CUST1726,ORD43447
2023-12-26,Books,Non-Fiction,West,David Brown,4,771.27,0.04,2947.56,1650.44,1297.12,CUST4878,ORD13863
2023-11-25,Sports,Football,North,David Brown,18,461.54,0.19,6694.82,3597.71,3097.11,CUST4935,ORD86458
2024-04-20,Books,Fiction,East,David Brown,7,28.08,0.25,148.04,71.3,76.75,CUST2178,ORD16339
2023-03-26,Books,Fiction,South,Alice Johnson,13,422.26,0.1,4959.6,2554.72,2404.87,CUST2719,ORD75346
2024-11-08,Electronics,Camera,East,David Brown,13,558.13,0.27,5267.12,2493.7,2773.42,CUST9974,ORD47021
2024-08-23,Home,Garden,South,Bob Smith,16,802.42,0.05,12201.18,5538.98,6662.2,CUST6844,ORD65127
2024-10-12,Books,History,Central,David Brown,11,348.77,0.25,2895.0,1792.94,1102.07,CUST1198,ORD57967
2024-04-06,Sports,Golf,South,David Brown,16,76.84,0.29,875.67,505.5,370.17,CUST3395,ORD80192
2023-06-23,Books,Non-Fiction,West,Bob Smith,9,997.36,0.09,8137.95,5673.23,2464.72,CUST1218,ORD43079
2024-09-05,Books,Science,West,Carol Davis,15,996.44,0.12,13214.94,8781.22,4433.72,CUST4872,ORD52787
2023-10-13,Sports,Soccer,North,Alice Johnson,1,860.97,0.13,748.65,508.83,239.82,CUST2823,ORD93871
2023-10-25,Clothing,Jeans,North,Carol Davis,3,638.25,0.25,1444.93,974.76,470.17,CUST6613,ORD60098
2024-12-11,Sports,Football,West,Carol Davis,4,538.74,0.13,1879.18,889.06,990.12,CUST7946,ORD73026
2023-04-15,Electronics,Phone,East,Eve Wilson,1,785.53,0.28,567.6,319.67,247.93,CUST7317,ORD33524
2024-02-12,Clothing,Jacket,Central,David Brown,10,597.4,0.19,4814.78,2575.28,2239.5,CUST9217,ORD59484
2023-03-27,Sports,Tennis,West,Eve Wilson,19,385.54,0.08,6721.26,3695.23,3026.03,CUST9771,ORD76671
2024-03-17,Sports,Football,West,Eve Wilson,13,975.88,0.08,11698.57,5053.0,6645.57,CUST8228,ORD13763
2024-10-12,Clothing,Jacket,North,Carol Davis,5,785.79,0.1,3538.22,1743.03,1795.19,CUST4597,ORD83448
2024-06-07,Clothing,Hat,East,Alice Johnson,14,273.81,0.2,3075.31,2105.98,969.33,CUST3971,ORD70594
2023-06-01,Books,Biography,East,Alice Johnson,19,834.94,0.17,13123.1,5946.79,7176.32,CUST7975,ORD82401
2024-01-14,Electronics,Headphones,South,Eve Wilson,15,153.57,0.28,1655.16,1095.9,559.26,CUST9315,ORD18869
2023-06-16,Home,Garden,Central,Bob Smith,3,403.0,0.09,1098.18,599.12,499.06,CUST9210,ORD88949
2024-01-07,Electronics,Camera,West,Eve Wilson,2,110.55,0.25,166.18,105.38,60.8,CUST9031,ORD87587
2024-07-29,Electronics,Phone,North,Alice Johnson,18,874.57,0.2,12531.13,6752.09,5779.04,CUST5986,ORD75017
2024-11-17,Books,Non-Fiction,East,Alice Johnson,9,57.66,0.26,384.64,242.66,141.98,CUST6437,ORD50971
2023-10-28,Electronics,Headphones,West,Alice Johnson,7,15.45,0.09,98.88,45.16,53.73,CUST3667,ORD88562
2023-08-25,Clothing,Jeans,West,Bob Smith,6,411.75,0.26,1839.76,899.0,940.76,CUST7533,ORD71778
2024-12-20,Electronics,Camera,South,Carol Davis,19,238.96,0.22,3549.46,2008.41,1541.05,CUST2120,ORD56635
2024-09-05,Sports,Soccer,East,Carol Davis,10,527.16,0.13,4566.29,3058.4,1507.9,CUST8864,ORD87250
2023-07-11,Home,Furniture,West,David Brown,18,431.72,0.06,7320.74,5008.34,2312.4,CUST8551,ORD57452
2023-08-21,Books,Fiction,South,Alice Johnson,8,502.73,0.09,3667.86,1813.48,1854.38,CUST5993,ORD53223
2024-08-13,Clothing,Shoes,North,David Brown,11,759.19,0.1,7491.76,3430.46,4061.3,CUST8653,ORD15173
2024-03-25,Sports,Soccer,East,Bob Smith,14,464.57,0.09,5923.49,4082.47,1841.02,CUST4732,ORD65700
2023-02-18,Clothing,Shoes,North,Alice Johnson,9,333.7,0.05,2839.61,1197.26,1642.35,CUST5042,ORD63363
2024-04-18,Clothing,Hat,Central,Bob Smith,13,324.73,0.21,3340.48,1759.17,1581.32,CUST3462,ORD70940
2024-02-08,Books,Non-Fiction,South,Bob Smith,8,624.92,0.04,4823.94,3182.07,1641.86,CUST5938,ORD94834
2024-01-04,Electronics,Phone,South,Alice Johnson,12,735.19,0.23,6782.11,4543.2,2238.91,CUST3564,ORD87636
2023-08-04,Electronics,Phone,Central,David Brown,4,324.34,0.22,1011.02,473.19,537.83,CUST1256,ORD27564
2023-07-17,Clothing,T-Shirt,North,Carol Davis,3,222.03,0.1,597.93,364.26,233.67,CUST9869,ORD98177
2023-11-13,Electronics,Camera,South,David Brown,19,882.82,0.17,13940.23,7507.16,6433.07,CUST4623,ORD56319
2024-12-28,Sports,Football,West,David Brown,15,235.85,0.01,3490.01,1729.9,1760.11,CUST9581,ORD66971
2024-07-01,Sports,Soccer,West,Alice Johnson,16,640.74,0.03,9914.67,6449.88,3464.8,CUST1130,ORD78515
2024-10-25,Sports,Tennis,South,Bob Smith,11,540.37,0.02,5811.01,2943.41,2867.6,CUST3418,ORD91256
2024-06-25,Electronics,Camera,North,Bob Smith,4,541.31,0.21,1717.31,1114.25,603.06,CUST6809,ORD40532
2023-05-08,Books,History,West,Alice Johnson,14,817.92,0.1,10314.76,6299.18,4015.57,CUST1877,ORD97829
2024-07-05,Sports,Golf,North,Carol Davis,6,261.42,0.26,1154.73,587.77,566.96,CUST6433,ORD48810
2023-10-19,Sports,Basketball,Central,Bob Smith,14,452.88,0.05,6023.99,3335.01,2688.98,CUST9943,ORD96584
2024-09-08,Books,History,Central,Carol Davis,6,292.57,0.12,1541.91,619.3,922.61,CUST7689,ORD37728
2024-03-17,Books,Science,East,Bob Smith,17,123.84,0.07,1955.78,940.56,1015.22,CUST6426,ORD43390
2023-02-10,Sports,Soccer,Central,Alice Johnson,3,972.95,0.28,2108.98,1283.03,825.95,CUST7607,ORD28109
2023-10-22,Books,Science,South,David Brown,5,295.75,0.06,1396.3,798.65,597.65,CUST2445,ORD12052
2024-09-08,Sports,Tennis,South,David Brown,20,799.42,0.09,14473.81,8626.56,5847.25,CUST8765,ORD98912
2023-06-14,Clothing,T-Shirt,South,Carol Davis,7,966.06,0.02,6651.73,2717.63,3934.1,CUST1517,ORD17222
2023-03-18,Clothing,Jacket,East,David Brown,11,705.28,0.15,6563.58,4327.17,2236.41,CUST9654,ORD33197
2023-06-10,Books,Fiction,South,Alice Johnson,15,192.51,0.28,2070.85,1029.57,1041.28,CUST8467,ORD33046
2023-03-17,Sports,Basketball,East,Bob Smith,8,681.75,0.03,5280.34,2453.85,2826.5,CUST8939,ORD37457
2024-10-18,Electronics,Headphones,North,Eve Wilson,14,849.03,0.12,10441.74,5087.14,5354.6,CUST6330,ORD81812
2024-06-30,Clothing,Jacket,North,Eve Wilson,8,774.18,0.2,4983.88,2786.01,2197.87,CUST9944,ORD31628
2023-10-05,Books,Non-Fiction,East,David Brown,9,391.61,0.18,2880.87,1349.63,1531.24,CUST3253,ORD72314
2024-05-11,Home,Garden,East,Bob Smith,18,818.58,0.18,12045.23,6359.77,5685.46,CUST8288,ORD11405
2024-12-17,Electronics,Tablet,East,Alice Johnson,18,18.12,0.16,273.48,180.9,92.57,CUST3610,ORD45145
2024-12-02,Home,Garden,South,Bob Smith,18,812.98,0.0,14577.87,8181.74,6396.14,CUST8967,ORD19504
2024-09-27,Home,Kitchen,North,Alice Johnson,14,844.72,0.05,11221.15,5250.62,5970.54,CUST3516,ORD69109
2024-03-08,Clothing,Jacket,South,Eve Wilson,1,463.95,0.19,377.53,194.55,182.98,CUST3354,ORD79392
2023-02-11,Electronics,Laptop,Central,Carol Davis,3,215.35,0.03,629.31,353.94,275.37,CUST4321,ORD20808
2024-04-22,Clothing,Hat,South,Carol Davis,19,322.34,0.02,5974.54,2406.13,3568.41,CUST2217,ORD44174
2023-03-21,Home,Decor,South,David Brown,12,584.34,0.16,5869.36,3304.36,2565.0,CUST9902,ORD68036
2024-07-06,Sports,Soccer,East,Bob Smith,20,28.43,0.06,536.54,259.13,277.4,CUST6303,ORD28913
2023-08-25,Books,Science,North,David Brown,5,64.32,0.08,296.29,182.81,113.49,CUST6379,ORD86714
2023-06-22,Clothing,Jacket,East,Eve Wilson,15,769.47,0.2,9268.86,6384.81,2884.06,CUST6106,ORD23405
2023-05-22,Books,Science,West,Alice Johnson,16,928.67,0.24,11226.35,5968.08,5258.27,CUST1110,ORD31586
2023-03-23,Clothing,T-Shirt,West,Carol Davis,8,400.42,0.26,2374.88,1604.42,770.45,CUST9846,ORD80665
2024-07-14,Books,Science,West,Bob Smith,9,538.39,0.28,3489.23,1397.33,2091.89,CUST4934,ORD55534
2023-11-12,Electronics,Camera,North,Eve Wilson,13,115.79,0.0,1499.42,788.55,710.88,CUST4914,ORD21594
2024-03-24,Home,Decor,North,Alice Johnson,5,721.18,0.01,3570.82,1492.43,2078.39,CUST9399,ORD36988
2023-03-23,Sports,Soccer,Central,Eve Wilson,19,289.41,0.1,4949.91,2714.78,2235.13,CUST4706,ORD99963
2024-07-06,Electronics,Phone,East,Bob Smith,9,692.08,0.02,6075.3,3759.54,2315.76,CUST9292,ORD89260
2023-12-31,Books,Non-Fiction,Central,Bob Smith,1,976.22,0.04,934.13,531.08,403.05,CUST4686,ORD23589
2023-07-11,Books,History,Central,Bob Smith,10,94.92,0.25,714.81,377.97,336.84,CUST6400,ORD59324
2024-03-17,Books,History,West,David Brown,19,109.56,0.09,1902.6,852.65,1049.95,CUST5284,ORD88222
2024-01-07,Electronics,Headphones,Central,David Brown,8,951.53,0.27,5551.54,3554.62,1996.92,CUST3331,ORD71411
2024-09-12,Sports,Basketball,West,Bob Smith,10,856.5,0.18,7059.08,3035.38,4023.69,CUST8391,ORD61097
2023-12-08,Home,Furniture,North,Eve Wilson,9,954.03,0.06,8035.21,3631.8,4403.41,CUST6618,ORD63517
2024-09-22,Electronics,Headphones,East,Alice Johnson,20,64.5,0.11,1144.9,756.52,388.37,CUST6020,ORD34457
2023-06-11,Books,Fiction,North,Eve Wilson,4,566.56,0.16,1907.65,1306.28,601.37,CUST3181,ORD60263
2024-11-06,Books,History,East,Alice Johnson,12,570.8,0.29,4863.33,3345.07,1518.27,CUST8986,ORD88513
2024-09-16,Home,Appliances,East,Eve Wilson,4,714.74,0.09,2593.74,1203.39,1390.35,CUST1930,ORD94530
2024-10-16,Clothing,Hat,East,Alice Johnson,12,829.24,0.1,8930.32,4361.04,4569.28,CUST7031,ORD71549
2023-05-20,Electronics,Tablet,South,Carol Davis,15,694.77,0.09,9442.49,4100.24,5342.25,CUST1164,ORD78696
2023-12-05,Home,Appliances,East,Bob Smith,7,940.08,0.08,6086.57,2538.43,3548.15,CUST1458,ORD57525
2023-05-31,Books,Biography,South,David Brown,15,171.81,0.06,2429.69,1603.6,826.09,CUST9903,ORD85893
2023-02-02,Sports,Basketball,North,Bob Smith,16,384.11,0.21,4863.55,2745.96,2117.59,CUST5524,ORD92465
2024-07-16,Clothing,Jacket,Central,Alice Johnson,10,189.36,0.11,1684.43,900.36,784.07,CUST1112,ORD67639
2024-09-15,Home,Garden,Central,Bob Smith,2,297.11,0.08,547.59,341.09,206.51,CUST9271,ORD72146
2023-01-29,Electronics,Headphones,West,Bob Smith,9,361.1,0.06,3059.68,1724.36,1335.32,CUST3263,ORD72211
2024-07-03,Clothing,Jeans,West,David Brown,18,969.59,0.12,15427.8,7969.01,7458.79,CUST4865,ORD27201
2023-02-09,Books,Science,Central,Bob Smith,1,492.71,0.19,399.75,173.26,226.49,CUST4265,ORD90677
2023-11-29,Electronics,Tablet,South,Bob Smith,17,470.38,0.07,7426.03,4911.91,2514.12,CUST3655,ORD67632
2023-01-09,Books,Science,Central,David Brown,8,708.37,0.14,4863.88,2856.45,2007.42,CUST8050,ORD72219
2024-01-28,Sports,Golf,Central,Eve Wilson,9,775.64,0.08,6394.23,3241.33,3152.9,CUST5671,ORD28201
2024-11-04,Clothing,Jeans,South,Alice Johnson,16,787.65,0.16,10529.48,7358.72,3170.76,CUST5905,ORD11560
2023-03-08,Electronics,Tablet,Central,Alice Johnson,12,826.56,0.05,9410.86,5302.58,4108.28,CUST2925,ORD87521
2024-10-16,Books,Fiction,Central,Alice Johnson,15,265.57,0.23,3072.79,2049.55,1023.24,CUST8009,ORD41189
2024-04-23,Clothing,Jacket,North,David Brown,9,621.29,0.18,4593.05,3198.96,1394.1,CUST3547,ORD70306
2024-12-16,Sports,Basketball,North,Bob Smith,3,168.98,0.05,479.45,323.21,156.24,CUST1581,ORD70471
2024-09-05,Sports,Golf,North,Alice Johnson,9,548.78,0.28,3560.05,1992.49,1567.56,CUST3794,ORD70660
2024-11-30,Home,Decor,North,David Brown,16,779.67,0.28,8976.74,5964.37,3012.36,CUST3540,ORD20821
2024-12-16,Home,Kitchen,West,David Brown,2,680.07,0.08,1251.34,735.76,515.58,CUST1662,ORD81633
2023-11-10,Books,History,West,Alice Johnson,12,205.38,0.16,2075.41,922.03,1153.37,CUST7478,ORD75619
2024-07-31,Clothing,Jacket,North,Bob Smith,18,76.67,0.17,1145.84,668.53,477.3,CUST2734,ORD81583
2024-02-02,Clothing,Jeans,West,Bob Smith,13,399.4,0.22,4034.47,1714.8,2319.67,CUST5942,ORD50957
2024-07-08,Books,Non-Fiction,South,Bob Smith,10,832.49,0.21,6547.35,3997.12,2550.23,CUST5551,ORD25852
2023-09-24,Books,Biography,East,Eve Wilson,3,23.0,0.09,62.96,32.06,30.9,CUST8690,ORD82766
2024-06-06,Home,Furniture,West,David Brown,17,808.5,0.27,10040.53,6550.74,3489.79,CUST7543,ORD21562
2023-05-04,Books,Non-Fiction,East,Alice Johnson,10,814.37,0.3,5707.88,3381.76,2326.11,CUST5241,ORD74848
2024-02-12,Electronics,Headphones,South,David Brown,17,788.81,0.18,11010.27,5638.28,5372.0,CUST3999,ORD96428
2024-02-01,Home,Kitchen,Central,Eve Wilson,12,782.27,0.12,8273.18,5608.79,2664.39,CUST7899,ORD12910
2024-09-27,Clothing,Hat,West,David Brown,10,497.47,0.06,4685.6,2526.19,2159.4,CUST9219,ORD96246
2024-12-27,Home,Kitchen,North,Carol Davis,19,472.84,0.14,7715.14,4048.5,3666.64,CUST2526,ORD31011
2024-11-05,Electronics,Laptop,East,Carol Davis,11,630.48,0.16,5803.77,2639.27,3164.5,CUST8921,ORD87302
2024-02-08,Electronics,Phone,South,Carol Davis,20,288.94,0.28,4171.96,2201.59,1970.37,CUST4475,ORD58337
2024-03-07,Books,Biography,West,Eve Wilson,1,569.94,0.19,463.08,254.97,208.11,CUST7037,ORD12039
2023-10-18,Clothing,T-Shirt,Central,Eve Wilson,6,620.97,0.13,3246.6,1552.99,1693.6,CUST2794,ORD16674
2023-03-06,Electronics,Headphones,North,Carol Davis,7,623.0,0.27,3180.93,1720.63,1460.3,CUST5225,ORD58273
2024-11-23,Sports,Soccer,West,Eve Wilson,20,896.2,0.01,17656.48,9151.49,8504.99,CUST9234,ORD51573
2024-02-14,Sports,Soccer,South,Carol Davis,15,865.44,0.19,10535.87,7356.22,3179.65,CUST2278,ORD21525
2024-05-03,Clothing,Jacket,North,David Brown,18,539.84,0.26,7185.23,4854.94,2330.29,CUST6465,ORD81362
2023-01-28,Electronics,Camera,North,Bob Smith,5,12.37,0.03,59.99,27.06,32.93,CUST5979,ORD77866
2024-10-10,Sports,Football,East,Eve Wilson,2,394.61,0.01,778.0,521.5,256.51,CUST7652,ORD96141
2024-11-22,Sports,Soccer,East,David Brown,2,483.11,0.22,752.25,470.44,281.81,CUST2858,ORD28087
2023-07-18,Sports,Soccer,North,Alice Johnson,2,526.16,0.03,1016.18,664.61,351.57,CUST3934,ORD65802
2024-04-30,Books,History,Central,Eve Wilson,17,968.26,0.14,14079.5,7168.91,6910.59,CUST1665,ORD34494
2024-04-29,Clothing,Shoes,North,Bob Smith,13,643.58,0.24,6399.47,2782.48,3616.99,CUST9230,ORD65357
2024-12-18,Electronics,Laptop,Central,Alice Johnson,10,944.69,0.15,8054.9,4331.43,3723.48,CUST9209,ORD31178
2024-10-18,Clothing,Jeans,South,Carol Davis,14,954.46,0.01,13256.51,6309.98,6946.53,CUST1227,ORD16799
2023-08-19,Books,Fiction,East,David Brown,14,556.48,0.08,7144.97,2875.97,4269.0,CUST5597,ORD48673
2023-10-09,Home,Appliances,Central,Bob Smith,12,549.19,0.12,5822.15,3016.13,2806.02,CUST8487,ORD39570
2024-12-04,Clothing,Jeans,East,Eve Wilson,1,10.28,0.29,7.27,3.08,4.19,CUST6519,ORD17921
2024-12-15,Clothing,T-Shirt,West,Bob Smith,8,371.17,0.26,2187.43,1416.4,771.03,CUST8855,ORD28219
2024-04-24,Electronics,Headphones,East,Eve Wilson,12,208.28,0.26,1855.67,873.86,981.82,CUST9338,ORD11363
2024-10-29,Books,Biography,East,Bob Smith,7,30.08,0.29,149.63,92.12,57.5,CUST1485,ORD49141
2024-10-28,Sports,Soccer,Central,Carol Davis,10,696.9,0.2,5548.35,3191.04,2357.31,CUST2710,ORD97772
2024-09-14,Clothing,Shoes,West,Bob Smith,2,938.76,0.05,1791.97,929.77,862.2,CUST9060,ORD57523
2023-06-09,Sports,Soccer,Central,David Brown,18,926.75,0.21,13225.03,7576.74,5648.29,CUST6648,ORD66490
2023-01-09,Sports,Soccer,West,Bob Smith,17,589.43,0.14,8661.0,4931.84,3729.16,CUST1254,ORD30882
2023-08-28,Sports,Soccer,West,Eve Wilson,2,22.93,0.21,36.21,16.43,19.77,CUST8116,ORD69959
2024-05-11,Home,Kitchen,West,David Brown,1,109.25,0.12,96.58,58.08,38.5,CUST3046,ORD57084
2024-08-02,Clothing,T-Shirt,East,Carol Davis,16,744.3,0.21,9419.37,4899.14,4520.23,CUST1843,ORD72592
2023-12-12,Sports,Golf,South,Bob Smith,6,551.11,0.18,2722.1,1378.25,1343.84,CUST8402,ORD89182
2023-09-10,Books,Biography,North,Alice Johnson,8,15.45,0.26,91.42,41.51,49.91,CUST5381,ORD80262
2023-07-26,Books,Fiction,West,Bob Smith,7,109.57,0.21,606.87,408.76,198.12,CUST3113,ORD22085
2024-11-02,Electronics,Headphones,North,Bob Smith,20,149.99,0.15,2561.75,1734.76,826.99,CUST6577,ORD87465
2023-05-02,Books,Science,East,Alice Johnson,17,751.56,0.02,12572.65,5788.83,6783.82,CUST9082,ORD87359
2023-02-11,Clothing,Shoes,West,Bob Smith,12,416.29,0.05,4723.62,2871.79,1851.83,CUST7829,ORD42265
2024-07-04,Clothing,Jeans,West,David Brown,16,174.71,0.14,2392.29,1637.89,754.4,CUST5695,ORD25620
2024-09-09,Books,Non-Fiction,North,Alice Johnson,2,252.05,0.3,354.09,208.78,145.31,CUST1946,ORD35721
2024-03-06,Home,Decor,West,Bob Smith,19,52.19,0.06,931.14,595.33,335.81,CUST8364,ORD24987
2023-12-16,Books,Biography,South,Carol Davis,15,840.34,0.27,9227.55,3779.29,5448.25,CUST8412,ORD15669
2023-11-08,Books,Non-Fiction,Central,Alice Johnson,12,56.55,0.2,540.51,301.03,239.48,CUST1876,ORD82836
2024-02-23,Home,Garden,South,Alice Johnson,13,76.84,0.17,827.0,497.56,329.44,CUST6993,ORD16586
2024-05-28,Sports,Tennis,North,Alice Johnson,4,898.28,0.11,3183.27,2156.71,1026.56,CUST4868,ORD31863
2023-05-13,Electronics,Headphones,North,Alice Johnson,6,711.33,0.21,3369.73,1728.86,1640.87,CUST2496,ORD32428
2024-06-16,Electronics,Tablet,West,Eve Wilson,2,883.76,0.27,1285.52,694.16,591.36,CUST2191,ORD87335
2024-11-29,Clothing,Hat,South,Eve Wilson,12,167.43,0.1,1812.15,907.94,904.21,CUST9698,ORD84556
2023-06-24,Clothing,Hat,Central,Bob Smith,18,493.64,0.27,6467.6,4327.61,2139.99,CUST3075,ORD94539
2023-12-08,Electronics,Headphones,South,David Brown,20,510.08,0.08,9406.28,4959.8,4446.48,CUST4295,ORD75968
2023-04-02,Electronics,Headphones,South,Eve Wilson,4,264.76,0.05,1001.61,505.72,495.89,CUST7974,ORD93704
2024-01-19,Sports,Golf,South,David Brown,6,574.66,0.16,2881.17,1721.01,1160.16,CUST5691,ORD71972
2024-05-09,Home,Kitchen,East,Eve Wilson,7,22.21,0.16,130.11,76.58,53.53,CUST4131,ORD82542
2023-06-22,Home,Kitchen,East,Carol Davis,14,170.7,0.12,2095.4,1097.15,998.24,CUST4654,ORD51316
2024-08-20,Clothing,T-Shirt,South,Bob Smith,11,699.17,0.21,6089.4,3923.8,2165.6,CUST5930,ORD95849
2023-11-24,Clothing,Jacket,North,Alice Johnson,13,941.3,0.26,9034.78,4938.79,4095.99,CUST4545,ORD68948
2023-02-13,Books,Biography,Central,David Brown,9,814.17,0.14,6308.55,2770.28,3538.27,CUST1959,ORD95144
2024-12-01,Books,Biography,West,Alice Johnson,15,614.49,0.28,6674.29,4166.34,2507.96,CUST7816,ORD98619
2023-03-24,Books,History,Central,Alice Johnson,15,939.21,0.06,13272.67,8051.6,5221.07,CUST7005,ORD42485
2023-06-21,Books,Science,Central,Eve Wilson,18,206.03,0.12,3268.06,1788.73,1479.33,CUST5027,ORD66257
2023-09-17,Sports,Soccer,North,Alice Johnson,14,785.21,0.06,10317.02,5703.69,4613.34,CUST4354,ORD93754
2024-04-03,Electronics,Laptop,South,Eve Wilson,10,976.64,0.02,9611.69,5449.25,4162.44,CUST2474,ORD18434
2024-10-26,Electronics,Phone,South,Bob Smith,4,26.69,0.1,96.02,67.04,28.98,CUST3706,ORD69206
2023-11-08,Clothing,T-Shirt,West,Alice Johnson,7,154.0,0.25,807.83,442.94,364.89,CUST3121,ORD83653
2023-09-16,Home,Appliances,Central,Bob Smith,13,790.47,0.11,9106.11,4174.16,4931.96,CUST7356,ORD11221
2024-04-19,Clothing,Jeans,Central,Bob Smith,18,435.89,0.14,6730.59,3756.86,2973.73,CUST7816,ORD68545
2024-02-27,Sports,Tennis,West,Carol Davis,13,636.14,0.05,7845.11,5403.04,2442.06,CUST7441,ORD37657
2024-08-09,Home,Garden,Central,Carol Davis,1,257.31,0.01,253.72,148.98,104.74,CUST8852,ORD51454
2024-04-24,Electronics,Laptop,West,Bob Smith,10,781.25,0.13,6763.98,4106.48,2657.5,CUST3579,ORD94819
2023-08-09,Clothing,Hat,South,Carol Davis,18,114.01,0.03,1993.58,841.8,1151.78,CUST6907,ORD49585
2023-12-03,Electronics,Laptop,Central,Eve Wilson,17,810.0,0.12,12148.01,7849.63,4298.38,CUST7662,ORD93769
2023-09-18,Sports,Basketball,South,David Brown,20,916.47,0.2,14666.05,6774.12,7891.92,CUST7299,ORD56655
2023-02-06,Electronics,Camera,South,Carol Davis,8,524.66,0.21,3306.53,2173.17,1133.36,CUST3618,ORD45914
2023-09-03,Electronics,Phone,East,Alice Johnson,11,149.37,0.11,1465.27,941.28,523.99,CUST6204,ORD13528
2024-05-12,Home,Garden,West,David Brown,1,402.1,0.05,382.05,223.74,158.31,CUST3316,ORD14619
2023-09-06,Sports,Basketball,East,Bob Smith,15,784.5,0.24,8982.36,5934.23,3048.12,CUST8390,ORD83574
2023-04-11,Clothing,Jeans,East,Eve Wilson,10,394.35,0.14,3374.45,1932.14,1442.31,CUST8878,ORD40740
2023-10-03,Books,Fiction,North,Eve Wilson,1,649.7,0.12,574.55,277.22,297.33,CUST7569,ORD35417
2024-01-28,Sports,Football,North,Bob Smith,14,426.48,0.07,5546.64,2645.36,2901.28,CUST5561,ORD68627
2024-06-07,Electronics,Phone,Central,Bob Smith,8,821.77,0.17,5441.59,2986.31,2455.28,CUST7156,ORD55841
2023-01-11,Sports,Football,Central,Bob Smith,8,174.13,0.15,1182.86,613.67,569.19,CUST6890,ORD90243
2023-06-25,Sports,Tennis,West,David Brown,12,984.73,0.12,10347.21,4516.13,5831.08,CUST7699,ORD69201
2023-05-29,Books,History,East,Eve Wilson,11,132.18,0.28,1053.82,517.48,536.34,CUST2953,ORD26164
2024-04-18,Home,Garden,East,Eve Wilson,2,277.15,0.26,412.35,200.21,212.14,CUST7773,ORD65261
2023-10-01,Clothing,T-Shirt,South,David Brown,2,141.97,0.11,251.3,120.0,131.3,CUST9537,ORD83357
2024-05-15,Home,Kitchen,North,Eve Wilson,16,731.49,0.1,10511.84,6799.11,3712.74,CUST3425,ORD23681
2024-12-09,Electronics,Camera,South,David Brown,13,448.78,0.21,4589.36,1949.5,2639.86,CUST5348,ORD80903
2023-04-06,Home,Furniture,East,Eve Wilson,10,549.23,0.17,4542.47,1905.78,2636.69,CUST4519,ORD68719
2024-09-20,Sports,Soccer,Central,Carol Davis,19,354.88,0.28,4873.1,2101.76,2771.34,CUST6602,ORD42720
2023-01-25,Home,Garden,South,Bob Smith,7,720.8,0.07,4677.59,3041.26,1636.34,CUST9676,ORD78876
2024-10-25,Home,Garden,East,Bob Smith,5,780.41,0.16,3295.79,1387.61,1908.18,CUST1565,ORD18737
2023-04-09,Clothing,T-Shirt,North,Alice Johnson,18,561.28,0.2,8118.91,5565.58,2553.33,CUST3144,ORD63641
2023-04-24,Home,Garden,Central,Carol Davis,1,396.23,0.0,394.32,180.98,213.35,CUST3874,ORD46349
2024-10-26,Clothing,T-Shirt,South,Carol Davis,20,997.95,0.25,14875.18,6595.56,8279.62,CUST2050,ORD70434
2023-03-19,Clothing,Jacket,Central,David Brown,20,39.75,0.11,706.43,291.42,415.02,CUST8616,ORD77064
2024-09-16,Electronics,Headphones,West,Carol Davis,15,378.27,0.27,4151.27,1976.65,2174.63,CUST6652,ORD14340
2023-02-03,Books,Non-Fiction,North,Bob Smith,10,503.97,0.06,4719.91,2495.46,2224.45,CUST3699,ORD18070
2023-11-30,Home,Appliances,West,Bob Smith,12,27.93,0.18,275.77,189.97,85.79,CUST3129,ORD57913
2024-03-31,Electronics,Phone,North,Carol Davis,20,995.46,0.07,18490.66,11126.3,7364.35,CUST3460,ORD16332
2023-07-27,Sports,Basketball,South,David Brown,17,360.26,0.15,5226.5,3588.95,1637.56,CUST6055,ORD95660
2024-06-12,Clothing,Hat,North,Carol Davis,6,341.52,0.18,1671.89,854.72,817.17,CUST9786,ORD22475
2023-08-01,Books,Non-Fiction,North,David Brown,5,158.27,0.14,683.27,366.65,316.62,CUST3295,ORD12825
2023-03-09,Books,History,West,Bob Smith,19,169.83,0.22,2513.12,1677.11,836.01,CUST6877,ORD81621
2024-03-10,Home,Furniture,East,Carol Davis,10,785.54,0.01,7786.19,5444.02,2342.16,CUST1110,ORD85612
2023-07-05,Clothing,T-Shirt,South,Carol Davis,9,156.22,0.22,1099.5,486.78,612.72,CUST9150,ORD54132
2024-11-09,Sports,Basketball,West,David Brown,8,722.85,0.17,4779.93,3124.9,1655.03,CUST8585,ORD12024
2023-07-19,Home,Furniture,Central,Bob Smith,18,376.34,0.04,6521.69,3655.81,2865.89,CUST9737,ORD66320
2023-09-17,Clothing,T-Shirt,West,Eve Wilson,1,684.12,0.29,484.59,300.08,184.52,CUST5606,ORD77317
2024-10-31,Home,Garden,Central,Eve Wilson,12,889.34,0.18,8729.01,4088.07,4640.94,CUST1354,ORD28052
2024-05-23,Sports,Tennis,North,David Brown,8,801.39,0.06,6035.3,3572.21,2463.08,CUST2289,ORD25511
2024-07-09,Clothing,Shoes,West,Eve Wilson,6,668.25,0.22,3116.18,1702.09,1414.09,CUST1826,ORD92775
2024-08-10,Books,Non-Fiction,East,Alice Johnson,5,827.44,0.04,3981.86,1695.06,2286.8,CUST7544,ORD55084
2024-05-22,Sports,Golf,West,Alice Johnson,15,893.53,0.0,13345.89,7071.12,6274.78,CUST8444,ORD84854
2024-06-13,Sports,Basketball,South,Alice Johnson,10,655.68,0.21,5197.11,3563.13,1633.98,CUST4202,ORD45335
2024-02-19,Books,Fiction,East,David Brown,14,386.5,0.13,4680.81,3003.45,1677.36,CUST9578,ORD37872
2023-10-30,Sports,Tennis,East,David Brown,6,563.76,0.07,3135.39,1665.19,1470.2,CUST7275,ORD94466
2024-03-04,Sports,Football,East,Bob Smith,12,649.17,0.07,7279.49,4447.04,2832.46,CUST8142,ORD88781
2024-08-31,Home,Furniture,West,Carol Davis,9,753.25,0.08,6254.22,3402.6,2851.61,CUST7342,ORD87519
2024-03-26,Books,Biography,North,Eve Wilson,6,713.67,0.06,4042.16,1883.64,2158.52,CUST1481,ORD19773
2024-10-01,Clothing,Hat,North,Alice Johnson,12,655.99,0.29,5595.6,2586.41,3009.19,CUST8713,ORD58058
2023-10-15,Clothing,Shoes,North,Carol Davis,16,407.59,0.24,4951.81,3025.74,1926.08,CUST6018,ORD67658
2023-10-31,Clothing,Hat,Central,Alice Johnson,6,492.29,0.09,2680.74,1490.96,1189.77,CUST9820,ORD58834
2024-08-28,Home,Kitchen,East,Carol Davis,16,995.26,0.07,14794.28,6621.87,8172.4,CUST8591,ORD88310
2024-11-26,Clothing,T-Shirt,North,David Brown,8,231.48,0.03,1790.8,1165.86,624.94,CUST8028,ORD18820
2024-01-18,Sports,Tennis,West,Eve Wilson,2,667.55,0.19,1078.95,477.53,601.42,CUST3518,ORD35532
2024-06-01,Clothing,T-Shirt,West,Alice Johnson,5,633.0,0.12,2775.52,1679.73,1095.79,CUST7259,ORD25400
2023-12-01,Electronics,Phone,South,David Brown,8,127.23,0.21,805.57,462.33,343.24,CUST9785,ORD16181
2023-10-17,Clothing,Shoes,Central,Eve Wilson,13,85.04,0.21,874.15,518.64,355.51,CUST7080,ORD68103
2023-10-02,Home,Decor,South,Alice Johnson,5,121.23,0.11,542.28,344.38,197.9,CUST1407,ORD41191
2023-03-22,Home,Furniture,South,Bob Smith,1,255.37,0.27,186.99,102.57,84.42,CUST7939,ORD86251
2023-08-10,Clothing,T-Shirt,Central,Eve Wilson,18,991.52,0.01,17630.55,9899.26,7731.29,CUST1176,ORD54764
2024-05-28,Electronics,Laptop,Central,David Brown,5,240.74,0.02,1183.25,656.76,526.48,CUST5723,ORD34589
2024-10-11,Electronics,Laptop,Central,Alice Johnson,8,628.86,0.09,4581.37,2231.39,2349.98,CUST9145,ORD57391
2023-07-09,Home,Decor,South,Bob Smith,13,410.61,0.17,4429.65,2328.01,2101.64,CUST6808,ORD29759
2023-11-26,Home,Decor,Central,David Brown,7,529.33,0.24,2814.63,1184.17,1630.46,CUST9294,ORD26583
2024-11-26,Books,Fiction,South,Eve Wilson,17,695.34,0.29,8400.5,5437.35,2963.16,CUST7316,ORD28698
2023-12-04,Books,Non-Fiction,Central,Alice Johnson,18,430.44,0.14,6628.08,4521.14,2106.94,CUST8957,ORD53374
2024-02-22,Clothing,Jacket,Central,Carol Davis,5,607.61,0.19,2456.34,1639.16,817.18,CUST2245,ORD15569
2024-07-21,Clothing,T-Shirt,Central,Carol Davis,3,891.64,0.0,2667.34,1853.06,814.28,CUST9555,ORD95598
2023-02-14,Sports,Tennis,Central,David Brown,13,442.84,0.25,4325.91,2296.2,2029.71,CUST1348,ORD69104
2023-12-09,Electronics,Phone,Central,David Brown,8,859.81,0.22,5364.98,2768.55,2596.42,CUST6795,ORD91003
2024-04-07,Home,Garden,South,Bob Smith,4,221.49,0.23,681.0,383.22,297.78,CUST7193,ORD69407
2023-06-16,Electronics,Laptop,Central,Bob Smith,17,772.93,0.24,10036.72,5164.68,4872.03,CUST2530,ORD80504
2023-06-01,Clothing,T-Shirt,Central,Bob Smith,12,567.74,0.19,5540.34,3217.36,2322.98,CUST5179,ORD57120
2023-09-18,Sports,Football,Central,Bob Smith,18,106.09,0.21,1517.13,842.28,674.84,CUST2198,ORD29281
2023-05-12,Books,Fiction,Central,David Brown,9,229.83,0.04,1980.66,944.28,1036.38,CUST7756,ORD96295
2023-11-07,Books,History,North,Alice Johnson,17,785.43,0.16,11202.11,6648.8,4553.31,CUST5641,ORD31016
2024-04-22,Home,Furniture,West,Eve Wilson,12,332.62,0.26,2961.56,1635.11,1326.45,CUST1295,ORD49356
2023-06-27,Sports,Basketball,Central,Alice Johnson,17,719.59,0.25,9222.43,4840.43,4382.0,CUST1041,ORD28113
2023-05-31,Clothing,Hat,North,Eve Wilson,19,956.91,0.15,15455.33,6801.24,8654.09,CUST3064,ORD65145
2023-11-08,Sports,Soccer,North,Alice Johnson,9,543.96,0.12,4330.71,2977.36,1353.34,CUST8832,ORD68910
2023-07-18,Books,Non-Fiction,South,David Brown,19,742.46,0.02,13772.01,9610.8,4161.22,CUST7939,ORD96912
2024-06-03,Sports,Basketball,South,Carol Davis,17,10.58,0.09,164.44,84.55,79.89,CUST5315,ORD67248
2024-05-02,Sports,Soccer,West,David Brown,19,597.89,0.2,9144.14,4365.59,4778.55,CUST3870,ORD61151
2024-05-18,Clothing,Jeans,South,David Brown,8,349.34,0.23,2148.45,1481.62,666.83,CUST3643,ORD61542
2023-09-21,Clothing,Jeans,West,Alice Johnson,8,332.39,0.19,2141.81,1264.51,877.3,CUST2621,ORD66359
2024-08-07,Books,Non-Fiction,East,Eve Wilson,9,867.66,0.12,6844.27,3456.01,3388.26,CUST6291,ORD75796
2024-04-15,Home,Garden,East,Eve Wilson,5,784.3,0.01,3874.31,2497.36,1376.95,CUST3934,ORD36971
2023-12-07,Clothing,Hat,West,David Brown,16,255.33,0.19,3304.61,1865.87,1438.73,CUST1182,ORD54507
2023-07-22,Sports,Tennis,East,Alice Johnson,19,911.77,0.2,13772.66,5838.63,7934.03,CUST2588,ORD46349
2023-11-16,Electronics,Laptop,South,Carol Davis,18,913.0,0.21,12922.73,8406.43,4516.3,CUST2227,ORD58824
2023-12-05,Electronics,Headphones,East,David Brown,9,270.31,0.3,1704.56,846.4,858.16,CUST9651,ORD12264
2023-05-02,Home,Decor,West,Carol Davis,16,664.67,0.14,9104.75,5985.68,3119.07,CUST2006,ORD42706
2023-07-13,Electronics,Tablet,East,Bob Smith,15,953.44,0.02,14064.25,9786.09,4278.16,CUST4652,ORD80006
2024-10-19,Sports,Soccer,South,Carol Davis,18,896.14,0.0,16051.34,8916.19,7135.15,CUST3173,ORD90151
2023-09-25,Books,Fiction,West,Carol Davis,1,13.91,0.3,9.75,5.36,4.39,CUST3407,ORD56980
2024-04-30,Clothing,Jeans,North,David Brown,11,236.9,0.17,2153.46,1309.54,843.92,CUST3643,ORD63105
2024-10-22,Sports,Soccer,Central,Alice Johnson,18,675.78,0.19,9885.95,5083.38,4802.57,CUST3666,ORD36176
2023-10-25,Electronics,Tablet,South,Carol Davis,16,516.53,0.15,7038.19,4849.7,2188.49,CUST2647,ORD21962
2024-11-17,Sports,Basketball,West,Carol Davis,5,716.84,0.09,3273.82,1676.65,1597.17,CUST3601,ORD67498
2024-11-23,Home,Decor,North,Alice Johnson,3,188.39,0.14,484.53,312.52,172.01,CUST3427,ORD92509
2024-04-07,Electronics,Camera,Central,Alice Johnson,6,577.22,0.16,2901.11,1649.68,1251.43,CUST4408,ORD38343
2023-08-24,Electronics,Camera,West,David Brown,19,921.32,0.21,13887.65,7427.36,6460.29,CUST5017,ORD65913
2023-01-13,Home,Decor,East,Alice Johnson,13,463.37,0.12,5293.21,3289.91,2003.3,CUST6746,ORD13686
2023-03-22,Electronics,Camera,East,Eve Wilson,2,278.85,0.1,501.38,321.87,179.51,CUST7984,ORD54648
2023-09-30,Books,Science,South,Carol Davis,10,835.95,0.12,7373.59,4478.99,2894.6,CUST9685,ORD97829
2024-12-02,Books,Biography,Central,David Brown,6,166.15,0.2,799.63,530.71,268.92,CUST1291,ORD18893
2023-01-09,Clothing,Jacket,South,David Brown,16,828.74,0.04,12710.51,5737.56,6972.95,CUST5926,ORD97522
2024-11-29,Home,Kitchen,South,Alice Johnson,6,755.43,0.25,3378.58,2345.1,1033.48,CUST5233,ORD73673
2023-11-22,Electronics,Laptop,South,Eve Wilson,7,465.66,0.13,2825.22,1899.05,926.17,CUST1368,ORD67912
2024-01-15,Home,Garden,West,David Brown,11,114.19,0.25,941.31,607.35,333.97,CUST4240,ORD75842
2024-12-10,Books,Fiction,North,Eve Wilson,13,469.29,0.06,5713.3,3998.48,1714.82,CUST7979,ORD14583
2023-11-22,Home,Decor,Central,Eve Wilson,14,776.33,0.25,8143.08,3529.55,4613.53,CUST3965,ORD27996
2023-09-16,Books,History,West,Eve Wilson,14,729.45,0.24,7712.17,5072.21,2639.96,CUST3322,ORD30659
2023-06-06,Sports,Tennis,West,David Brown,11,882.65,0.25,7276.82,4782.81,2494.02,CUST7470,ORD72338
2024-01-03,Home,Decor,South,David Brown,20,692.27,0.21,10956.37,5561.86,5394.51,CUST7354,ORD50395
2024-07-09,Sports,Football,Central,Carol Davis,9,439.4,0.15,3351.99,1505.34,1846.65,CUST3975,ORD87446
2023-06-20,Home,Garden,Central,Bob Smith,12,81.11,0.05,925.41,398.94,526.47,CUST6902,ORD26782
2024-10-24,Home,Appliances,West,David Brown,11,51.16,0.03,545.84,264.84,281.0,CUST3431,ORD23229
2023-12-27,Home,Kitchen,Central,Bob Smith,18,98.9,0.25,1333.31,541.36,791.95,CUST4714,ORD70329
2024-06-28,Home,Decor,North,Carol Davis,3,82.72,0.23,190.82,87.15,103.67,CUST5693,ORD12303
2023-12-24,Sports,Football,West,Alice Johnson,17,775.46,0.07,12217.95,7131.52,5086.43,CUST3707,ORD18993
2024-03-26,Electronics,Headphones,West,Bob Smith,14,921.84,0.01,12719.07,8803.57,3915.5,CUST7406,ORD29070
2024-01-01,Books,Biography,Central,David Brown,9,47.59,0.06,402.7,161.65,241.05,CUST9462,ORD34375
2023-10-25,Books,Biography,West,Eve Wilson,10,786.13,0.11,7016.04,3042.66,3973.37,CUST6051,ORD52285
2023-11-16,Electronics,Headphones,Central,David Brown,8,463.34,0.06,3469.92,1794.49,1675.42,CUST2230,ORD52067
2023-01-22,Sports,Football,East,Alice Johnson,16,298.26,0.23,3688.9,2424.66,1264.24,CUST3709,ORD71146
2024-06-18,Electronics,Headphones,Central,David Brown,20,783.22,0.17,13058.45,5320.02,7738.43,CUST5890,ORD46966
2024-06-21,Sports,Basketball,North,Bob Smith,19,53.64,0.19,822.96,502.07,320.89,CUST2292,ORD67709
2024-05-12,Clothing,Jeans,North,Carol Davis,11,852.07,0.28,6740.85,3507.7,3233.15,CUST5418,ORD66836
2024-10-28,Clothing,Hat,East,Bob Smith,1,378.44,0.25,283.25,131.33,151.92,CUST6075,ORD63496
2024-06-01,Clothing,Jacket,Central,Eve Wilson,10,528.39,0.2,4223.83,2137.85,2085.98,CUST4485,ORD56469
2024-03-29,Home,Appliances,North,Alice Johnson,17,222.14,0.01,3732.82,1954.11,1778.71,CUST2802,ORD56637
2023-05-26,Electronics,Phone,North,Alice Johnson,10,147.96,0.29,1044.61,640.62,403.99,CUST2310,ORD35456
2023-05-12,Home,Kitchen,East,David Brown,17,851.54,0.25,10845.87,6511.62,4334.26,CUST9251,ORD23956
2023-08-16,Electronics,Tablet,North,Carol Davis,9,874.97,0.23,6030.57,3805.96,2224.61,CUST8060,ORD67655
2024-10-22,Home,Furniture,West,Carol Davis,12,890.83,0.17,8879.62,4925.91,3953.71,CUST2045,ORD15116
2023-02-27,Clothing,T-Shirt,West,David Brown,13,734.02,0.27,6983.62,4464.22,2519.4,CUST4090,ORD91617
2023-10-13,Electronics,Headphones,North,Alice Johnson,18,895.72,0.12,14150.09,8558.15,5591.94,CUST1474,ORD47932
2023-01-31,Books,Non-Fiction,Central,Bob Smith,7,963.87,0.17,5632.78,3767.56,1865.23,CUST3301,ORD80183
2024-05-17,Books,Fiction,North,Eve Wilson,11,501.06,0.21,4377.11,2339.41,2037.7,CUST1820,ORD91535
2023-09-03,Sports,Football,East,Bob Smith,12,375.21,0.09,4078.96,2128.54,1950.42,CUST6351,ORD35458
2024-04-10,Books,History,West,David Brown,3,486.99,0.19,1184.49,689.89,494.6,CUST2420,ORD52669
2023-07-23,Clothing,Jacket,West,Alice Johnson,20,160.05,0.01,3182.9,1309.42,1873.48,CUST8486,ORD69789
2023-11-18,Books,Fiction,West,David Brown,8,609.81,0.29,3478.4,1815.25,1663.15,CUST2347,ORD33489
2023-06-01,Electronics,Phone,Central,Carol Davis,2,27.97,0.15,47.38,29.17,18.21,CUST6382,ORD21538
2024-05-24,Home,Furniture,Central,Carol Davis,16,277.54,0.18,3643.41,2078.02,1565.39,CUST9585,ORD84730
2024-01-25,Home,Kitchen,South,Bob Smith,12,831.94,0.03,9732.34,4716.88,5015.45,CUST7872,ORD17306
2024-02-28,Clothing,Jacket,North,Eve Wilson,14,600.96,0.09,7619.08,4887.31,2731.77,CUST3516,ORD99089
2024-01-13,Home,Kitchen,South,Bob Smith,14,584.2,0.28,5875.16,2524.12,3351.04,CUST8143,ORD74279
2023-01-17,Books,Non-Fiction,South,Eve Wilson,20,666.72,0.06,12574.42,6232.39,6342.03,CUST3851,ORD46664
2024-04-17,Clothing,Jacket,East,Eve Wilson,15,13.75,0.12,180.55,98.38,82.18,CUST6027,ORD23302
2023-02-02,Electronics,Camera,South,Alice Johnson,10,737.14,0.02,7234.53,3919.36,3315.17,CUST7863,ORD49542
2024-09-26,Home,Kitchen,Central,Alice Johnson,6,128.16,0.16,642.74,428.86,213.88,CUST7631,ORD31566
2023-08-23,Electronics,Camera,West,David Brown,7,616.47,0.26,3198.09,1340.52,1857.56,CUST9555,ORD41398
2023-04-24,Home,Garden,South,David Brown,5,691.31,0.01,3432.22,1734.81,1697.41,CUST6128,ORD16902
2023-05-24,Clothing,Jeans,South,David Brown,5,686.28,0.18,2814.03,1919.94,894.09,CUST9530,ORD44434
2023-04-19,Clothing,T-Shirt,East,Eve Wilson,6,406.72,0.13,2114.56,982.46,1132.1,CUST1320,ORD13118
2024-02-03,Clothing,Jacket,West,David Brown,11,180.54,0.3,1393.59,841.6,551.99,CUST7890,ORD95675
2024-05-14,Books,Biography,South,Eve Wilson,8,422.06,0.06,3172.71,1298.43,1874.28,CUST3225,ORD21640
2024-08-02,Books,History,Central,Alice Johnson,18,284.21,0.02,5009.5,2046.38,2963.12,CUST4378,ORD97902
2023-03-26,Clothing,Jacket,Central,Alice Johnson,14,20.8,0.18,239.61,134.43,105.18,CUST7489,ORD91053
2024-11-04,Books,History,North,Bob Smith,7,797.96,0.13,4851.78,2263.37,2588.41,CUST1204,ORD98908
